:020000040800F2
:1000000000000824AD170008491500085115000824
:100010005915000861150008691500080000000066
:100020000000000000000000000000007115000842
:100030007F150008000000008D1500089B150008C2
:10004000011800080118000801180008011800082C
:10005000011800080118000801180008011800081C
:10006000011800080118000801180008A915000867
:1000700001180008011800080118000801180008FC
:1000800001180008011800080118000801180008EC
:1000900001180008011800080118000801180008DC
:1000A00001180008011800080118000801180008CC
:1000B00001180008011800080118000801180008BC
:1000C00001180008011800080118000801180008AC
:1000D000011800080118000801180008BD150008E3
:1000E00001180008011800080000000001180008AD
:1000F000011800080118000801180008011800087C
:10010000011800080118000801180008011800086B
:10011000011800080118000801180008011800085B
:10012000011800080118000801180008011800084B
:10013000011800080118000801180008011800083B
:1001400000000000000000000000000000000000AF
:10015000011800080118000801180008011800081B
:10016000011800080118000801180008011800080B
:10017000011800080118000801180008000000001C
:1001800001180008011800080118000801180008EB
:1001900001180008011800080118000801180008DB
:1001A00001180008011800080118000801180008CB
:1001B00001180008011800080118000801180008BB
:1001C00001180008011800080118000801180008AB
:1001D000011800080118000801180008011800089B
:1001E000011800080118000801180008011800088B
:1001F000011800080118000801180008011800087B
:10020000011800080118000801180008011800086A
:10021000011800080118000801180008011800085A
:10022000011800080118000801180008000000006B
:10023000011800080118000800000000011800085B
:10024000011800080118000801180008011800082A
:10025000011800080118000801180008011800081A
:10026000011800080118000801180008011800080A
:10027000011800080118000801180008000000001B
:10028000011800080118000801180008000000000B
:08029000000000000118000845
:1002A00010B5054C237833B9044B13B10448AFF3B0
:1002B00000800123237010BDE02000240000000016
:1002C000DC37010808B5034B1BB103490348AFF302
:1002D000008008BD00000000E4200024DC37010895
:1002E000034613F8012B002AFBD1181A0138704776
:1002F00001F0FF01102A2BDB10F0070F08D010F8D7
:10030000013B013A8B422DD010F0070F42B3F6D1DA
:10031000F0B441EA012141EA014122F007047FF0F3
:1003200000070023F0E80256083C85EA010586EA4A
:10033000010685FA47F5A3FA87F586FA47F6A5FA86
:1003400087F68EB9EED1F0BC01F0FF0102F0070292
:1003500032B110F8013B013A83EA010313B1F8D13D
:100360000020704701387047002D06BF354603381E
:10037000073815F0010F07D1013015F4807F02BF57
:10038000013015F4C03F0130F0BC0138704700BFA8
:1003900081F0004102E000BF83F0004330B54FEA36
:1003A00041044FEA430594EA050F08BF90EA020FA3
:1003B0001FBF54EA000C55EA020C7FEA645C7FEA36
:1003C000655C00F0E2804FEA5454D4EB5555B8BF59
:1003D0006D420CDD2C4480EA020281EA030382EACA
:1003E000000083EA010180EA020281EA0303362D5C
:1003F00088BF30BD11F0004F4FEA01314FF4801C2F
:100400004CEA113102D0404261EB410113F0004F40
:100410004FEA03334CEA133302D0524263EB4303F7
:1004200094EA050F00F0A780A4F10104D5F1200E95
:100430000DDB02FA0EFC22FA05F2801841F10001F0
:1004400003FA0EF2801843FA05F359410EE0A5F1C4
:1004500020050EF1200E012A03FA0EFC28BF4CF0F5
:10046000020C43FA05F3C01851EBE37101F00045AB
:1004700007D54FF0000EDCF1000C7EEB00006EEBB8
:100480000101B1F5801F1BD3B1F5001F0CD3490842
:100490005FEA30004FEA3C0C04F101044FEA445299
:1004A00012F5800F80F09A80BCF1004F08BF5FEA20
:1004B000500C50F1000041EB045141EA050130BD00
:1004C0005FEA4C0C404141EB0101013C28BFB1F512
:1004D000801FE9D291F0000F04BF01460020B1FA5D
:1004E00081F308BF2033A3F10B03B3F120020CDA30
:1004F0000C3208DD02F1140CC2F10C0201FA0CF00E
:1005000021FA02F10CE002F11402D8BFC2F1200C72
:1005100001FA02F120FA0CFCDCBF41EA0C01904028
:10052000E41AA2BF01EB0451294330BD6FEA040471
:100530001F3C1CDA0C340EDC04F11404C4F120025C
:1005400020FA04F001FA02F340EA030021FA04F36E
:1005500045EA030130BDC4F10C04C4F1200220FAC5
:1005600002F001FA04F340EA0300294630BD21FA03
:1005700004F0294630BD94F0000F83F4801306BFC9
:1005800081F480110134013D4EE77FEA645C18BFBD
:100590007FEA655C29D094EA050F08BF90EA020F54
:1005A00005D054EA000C04BF1946104630BD91EA4C
:1005B000030F1EBF0021002030BD5FEA545C05D14F
:1005C0004000494128BF41F0004130BD14F580048E
:1005D0003CBF01F5801130BD01F0004545F0FE4102
:1005E00041F470014FF0000030BD7FEA645C1ABF37
:1005F000194610467FEA655C1CBF0B46024650EA6E
:10060000013406BF52EA033591EA030F41F4002199
:1006100030BD00BF90F0000F04BF0021704730B51F
:100620004FF4806404F132044FF000054FF00001F4
:1006300050E700BF90F0000F04BF0021704730B5B5
:100640004FF4806404F1320410F0004548BF40428A
:100650004FF000013EE700BF42004FEAE2014FEADF
:1006600031014FEA02701FBF12F07F4393F07F4FBA
:1006700081F06051704732F07F4208BF704793F0BD
:100680007F4F04BF41F40021704730B54FF46074D0
:1006900001F0004521F000411CE700BF50EA0102D3
:1006A00008BF704730B54FF000050AE050EA01027C
:1006B00008BF704730B511F0004502D5404261EBEC
:1006C00041014FF4806404F132045FEA915C3FF42D
:1006D000D8AE4FF003025FEADC0C18BF03325FEACA
:1006E000DC0C18BF033202EBDC02C2F1200300FA7B
:1006F00003FC20FA02F001FA03FE40EA0E0021FAA0
:1007000002F11444BDE600BF53B94AB9002908BF3D
:1007100000281CBF4FF0FF314FF0FF3000F0A2B9AE
:10072000ADF1080C6DE904CE00F03EF8DDF804E010
:10073000DDE9022304B0704708B502460B4643ECDE
:10074000172BB5EEC07BF1EE10FA03D4BDE80840DC
:1007500000F00AB8B1EE477B51EC170B00F004F83B
:10076000404261EB410108BD9FED0B6B41EC170B63
:100770009FED0B5B27EE066BBCEEC66BB8EE464BEF
:10078000A4EE457BFCEEC77B16EE101A17EE900A1E
:10079000704700BFAFF30080000000000000F03D94
:1007A000000000000000F0412DE9F047089D0C46D4
:1007B000002B4ED194468C458646B2FA82F262D91D
:1007C0004AB1C2F12003914020FA03F30CFA02FC73
:1007D000194300FA02FE4FEA1C471FFA8CF6B1FBE0
:1007E000F7F44FEA1E4307FB141143EA014304FBED
:1007F00006F199420AD91CEB030304F1FF3080F0A3
:100800001281994240F20F81023C6344591A1FFA47
:100810008EF3B1FBF7F007FB101143EA014300FB35
:1008200006F69E420AD91CEB030300F1FF3180F06B
:10083000FC809E4240F2F980634402389B1B40EAF0
:10084000044000211DB1D3400022C5E90032BDE8BB
:10085000F0878B4205D90DB1C5E90001002108469A
:10086000F5E7B3FA83F1002946D1A34202D39042BF
:10087000C0F0F080861A64EB03030120002DE6D05F
:10088000C5E90063E3E7002A40F09080A1EB0C0487
:100890004FEA1C481FFA8CF70121B4FBF8F64FEA27
:1008A0001E4308FB164443EA044307FB06F0984244
:1008B00008D91CEB030306F1FF3402D2984200F280
:1008C000CD8026461C1A1FFA8EF3B4FBF8F008FB05
:1008D000104443EA044300FB07F79F4208D91CEB8E
:1008E000030300F1FF3402D29F4200F2B0802046A1
:1008F000DB1B40EA0640A5E7C1F120068B4022FA47
:1009000006F71F4320FA06FC04FA01F343EA0C033E
:10091000F44000FA01F8380C4FEA1349B4FBF0FE3A
:100920001FFA87FC00FB1E4449EA04440EFB0CF945
:10093000A14502FA01F20AD93C190EF1FF3A80F002
:100940008480A14540F28180AEF1020E3C44A4EBCC
:1009500009041FFA83F9B4FBF0F300FB134449EADE
:10096000044403FB0CFCA44507D93C1903F1FF30F8
:1009700067D2A44565D9023B3C4443EA0E40A0FB44
:100980000293A4EB0C049C42CE469C4651D34ED01D
:1009900055B1B8EB0E0364EB0C0404FA06F6CB4039
:1009A0001E43CC40C5E90064002150E7C2F120039A
:1009B00020FA03F10CFA02FC24FA03F394400C43EE
:1009C0004FEA1C4800FA02FE1FFA8CF7B3FBF8F05E
:1009D00008FB1031230C43EA014300FB07F1994265
:1009E00008D91CEB030300F1FF362CD299422AD917
:1009F000023863445B1AA4B2B3FBF8F108FB11336D
:100A000044EA034401FB07F3A34208D91CEB0404A6
:100A100001F1FF3613D2A34211D902396444E41A1A
:100A200041EA004139E70446F0E6084606E7C845D2
:100A3000AED2B9EB020E63EB070C0138A8E73146E2
:100A4000EDE7034699E73046D4E7D6467FE76344AF
:100A500002384DE70646234608460FE7023E634448
:100A600030E700BF704700BF0FB480B5AAB000AF39
:100A700007F1B4033B60381D3B68D7F8B020A021D4
:100A80000FF068F9C7F8A400D7F8A430002B10DDE8
:100A9000D7F8A430A02B02D9A023C7F8A430D7F8E8
:100AA000A4309AB2391D4FF0FF33054808F000FE1C
:100AB00000E000BFA837BD46BDE8804004B07047E5
:100AC000587B002480B582B000AF0F48FFF7CCFF01
:100AD0004FF4B4620D490E4804F07AFF0346FB71EF
:100AE000FB79002B03D10B48FFF7BEFF04E0FB7935
:100AF00019460948FFF7B8FF0848FFF7B5FF00BFE0
:100B00000837BD4680BD00BF00380108FC20002426
:100B10008C7A00241C3801083C3801086C38010824
:100B200080B586B000AF7860396001F073FC386141
:100B300000237B6130E0204B1B6801331F4AA2FB7E
:100B40000312520B42F2107101FB02F29B1AFB607E
:100B50001B4B1B68FA689A4208D11A4B1B68013379
:100B6000184A1360184B01221A7019E07B695B0068
:100B70007A681A44104B1B68B2F90010134A22F825
:100B800013100D4AFB681360114B1B680133104AA8
:100B900013607B6918337B617A693B689A42CAD3D8
:100BA00001F038FC02463B69D31A0A4A136000BFC1
:100BB0001837BD4680BD00BF607A00245917B7D1F1
:100BC000647A0024747A00248A7A0024402C002459
:100BD000707A0024847A002480B584B000AF7860F5
:100BE00001F018FCF8607B681B68114A934214D12D
:100BF000104B1B6801330F4A13604FF434710E48D9
:100C0000FFF78EFF0D4B01221A700D4B1B6801334D
:100C10000B4A13600B4B01221A7001F0FBFB0246DA
:100C2000FB68D31A084A136000BF1037BD4680BD69
:100C300000300140687A0024FC2000243C2C002471
:100C4000787A0024887A00247C7A002480B584B0E5
:100C500000AF786001F0DEFBF8607B681B68114A2A
:100C6000934214D1104B1B6801330F4A13604FF4A9
:100C700034710E48FFF754FF0D4B01221A700D4BD3
:100C80001B6801330B4A13600B4B01221A7001F0F1
:100C9000C1FB0246FB68D31A084A136000BF103735
:100CA000BD4680BD003001406C7A00249C260024A3
:100CB0003C2C0024787A0024897A0024807A00244D
:100CC000B0B588B000AF00F003FA454B5B6903F4A0
:100CD0000033002B1BD1BFF34F8F00BFBFF36F8FCB
:100CE00000BF3F4B0022C3F85022BFF34F8F00BF1D
:100CF000BFF36F8F00BF3A4B5B69394A43F400334F
:100D00005361BFF34F8F00BFBFF36F8F00E000BF91
:100D1000334B5B6903F48033002B38D1304B002216
:100D2000C3F88420BFF34F8F00BF2D4BD3F8803022
:100D3000FB61FB695B0BC3F30E03BB61FB69DB0863
:100D4000C3F309037B61BB695A0143F6E0731340A7
:100D50007A69920722491343C1F860327B695A1EAF
:100D60007A61002BEFD1BB695A1EBA61002BE5D125
:100D7000BFF34F8F00BF1A4B5B69194A43F48033AE
:100D80005361BFF34F8F00BFBFF36F8F00E000BF11
:100D900001F0BAFA00F02AF800F042F900F020F968
:100DA00000F0A0F800F0D0F80AF040FB0D4B3C46F4
:100DB0001D460FCD0FC42B6823803B461846FFF716
:100DC0008FFA03469AB239464FF0FF33064808F0CF
:100DD0006FFC00F0AFF9FFF775FE0AF043FBFCE78C
:100DE00000ED00E070390108587B002480B59CB00C
:100DF00000AF07F124034C22002118460EF0D2FF69
:100E00003B1D2022002118460EF0CCFF022004F0EA
:100E1000E1FE00233B60314BDB6A304A23F00103E3
:100E2000D3622E4BDB6A03F001033B602C4B9B69C2
:100E300023F440432A4A43F480439361284B9B693F
:100E400003F440433B603B6800BF254B9B6903F4C0
:100E50000053B3F5005FF8D101237B624FF4803378
:100E6000BB620223BB640223FB6404233B6518239B
:100E70007B650223BB651423FB6502233B660823C5
:100E80007B660223BB660023FB6607F1240318463A
:100E900004F0DAFE0346002B01D000F045F93F23B1
:100EA0007B600223BB600023FB6008233B6140237F
:100EB0007B614023BB614FF48063FB6140233B6255
:100EC0003B1D0021184605F019FB0346002B01D0FD
:100ED00000F02AF900BF7037BD4680BD00040058FD
:100EE0000048025880B500AF154B164A1A60144BE3
:100EF00006225A60124B00229A60114B0022DA60DF
:100F00000F4B00221A610E4B4BF680325A610C4B8C
:100F100000229A610A4B0022DA61094B00221A6210
:100F2000074B00225A62064B00229A62044804F0E2
:100F30002DFC0346002B01D000F0F6F800BF80BD69
:100F40008C7A00240030014080B500AF224B234A48
:100F50001A60214B4FF4E1325A601F4B00229A6015
:100F60001D4B0022DA601C4B00221A611A4B0C2226
:100F70005A61194B00229A61174B0022DA61164B15
:100F800000221A62144B00225A62134B00229A620A
:100F9000114808F03DFB0346002B01D000F0C4F8D7
:100FA00000210D480AF024F80346002B01D000F080
:100FB000BBF8002108480AF059F80346002B01D07D
:100FC00000F0B2F8044809F0DAFF0346002B01D024
:100FD00000F0AAF800BF80BD587B00240048004004
:100FE00080B582B000AF0D4BD3F8D8300B4A43F038
:100FF0000103C2F8D830094BD3F8D83003F001030D
:101000007B607B68002200210B2001F00CFB0B2091
:1010100001F023FB00BF0837BD4680BD00440258E5
:1010200080B588B000AF07F10C0300221A605A6047
:101030009A60DA601A61244BD3F8E030224A43F018
:101040008003C2F8E030204BD3F8E03003F0800397
:10105000BB60BB681C4BD3F8E0301B4A43F0010374
:10106000C2F8E030184BD3F8E03003F001037B60A6
:101070007B68154BD3F8E030134A43F00203C2F803
:10108000E030114BD3F8E03003F002033B603B68E3
:10109000002202210D4804F05FFB0223FB600123C4
:1010A0003B6100237B610023BB6107F10C03194600
:1010B000064804F0A1F900214FF0007001F0C2F9D8
:1010C00000BF2037BD4680BD0044025800000258D2
:1010D00080B584B000AF3B4600221A605A609A6027
:1010E000DA6001F0D5FA01233B7000237B70002306
:1010F0007B601F233B7287237B720023BB7200231C
:10110000FB7201233B7301237B730023BB7300231A
:10111000FB733B46184601F0F3FA042001F0D0FAC5
:1011200000BF1037BD4680BD80B400AF72B600BFAF
:1011300000BFFDE780B500AF1022002157480EF038
:1011400031FE564B564A022156480EF0B7F94FF47D
:101150008272002154480EF025FE4FF48272002165
:1011600052480EF01FFE524B00221A60514B0022D3
:101170001A6001224FF496614F4801F009F80346C6
:10118000002B01D0FFF7D0FF4FF480714B480EF0D9
:1011900061F94B4B4B4A1A60494B4B4A5A60484BDA
:1011A0004A4A9A60464B80221A61454B4FF480723E
:1011B0005A61434B4BF680329A61414B4FF000022B
:1011C000DA613F4B424A1A623D4B012283F82420E8
:1011D0003B4B01229A623A4B0122DA62384800F016
:1011E00051FD374BDB68B3F5005F01D9FFF79CFF7A
:1011F000334BDB68374A1360374B0D221A60364B8E
:1012000080225A60344B02221A72334B0022DA6079
:10121000314B324A1A61304800F0F6FA0346002B8F
:1012200001D0FFF781FF2E4B244A1A602C4B01227C
:101230001A712B4B204A9A60294B4BF68032DA60A8
:10124000274B4FF496621A61254B4FF480725A6116
:10125000234B244A9A61244B214A1A60224B184A94
:101260005A60224B204A1A60204B01221A711F4BF0
:101270004FF07E529A601D4B4FF0FF42DA601C4BDC
:101280001A4A1A601A4B144A5A60194B0D229A6076
:10129000174B184ADA6000BF80BD00BF987C00245D
:1012A000000000248C7C002458FE01245CFF0124F3
:1012B0006000022464000224AC7C0024EC7B002447
:1012C000047C00246C2F01246C3101246CAF0024B9
:1012D0000080BB46A87C0024347C00246C9300244E
:1012E000487C00246C8F0024647C00246C7C0024E7
:1012F0007C7C00246CAD002480B483B000AF0A4B2A
:10130000D3F8F430084A43F00203C2F8F430064B35
:10131000D3F8F43003F002037B607B6800BF0C3726
:10132000BD465DF8047B70470044025880B5BAB0F2
:1013300000AF786007F1D40300221A605A609A6007
:10134000DA601A6107F11003C022002118460EF07E
:1013500029FD7B681B683E4A934274D14FF480524A
:101360004FF00003C7E9042300233B6707F1100394
:10137000184605F04FFC0346002B01D0FFF7D4FEC2
:10138000344BD3F8F030334A43F48053C2F8F03092
:10139000304BD3F8F03003F48053FB60FB682D4BE7
:1013A000D3F8E0302B4A43F00103C2F8E030294B78
:1013B000D3F8E03003F00103BB60BB687023C7F8CB
:1013C000D4300223C7F8D8300023C7F8DC3000231C
:1013D000C7F8E0300523C7F8E43007F1D403194615
:1013E0001D4804F009F81D4B1D4A1A601B4B2522AD
:1013F0005A601A4B00229A60184B0022DA60174B91
:101400004FF480621A61154B4FF400625A61134B1E
:101410004FF400529A61114B4FF48072DA610F4B16
:1014200000221A620D4B00225A620C4801F0A8F902
:101430000346002B01D0FFF777FE7B68074A9A64CA
:10144000064A7B68936300BFE837BD4680BD00BF96
:10145000003001400044025800000258E07A0024A5
:101460001000024080B5BAB000AF786007F1D40335
:1014700000221A605A609A60DA601A6107F110035C
:10148000C022002118460EF08DFC7B681B682B4A99
:1014900093424ED14FF002024FF00003C7E90423FC
:1014A0000023C7F8883007F11003184605F0B2FB97
:1014B0000346002B01D0FFF737FE214BD3F8E8306D
:1014C0001F4A43F48023C2F8E8301D4BD3F8E830BC
:1014D00003F48023FB60FB68194BD3F8E030184A13
:1014E00043F00203C2F8E030154BD3F8E03003F0CC
:1014F0000203BB60BB684FF44063C7F8D4300223DB
:10150000C7F8D8300023C7F8DC300023C7F8E03034
:101510000723C7F8E43007F1D4031946094803F05C
:101520006BFF00220021272001F07DF8272001F029
:1015300094F800BFE837BD4680BD00BF00480040BA
:10154000004402580004025880B400AF00BFFDE719
:1015500080B400AF00BFFDE780B400AF00BFFDE77F
:1015600080B400AF00BFFDE780B400AF00BFFDE76F
:1015700080B400AF00BFBD465DF8047B704780B407
:1015800000AF00BFBD465DF8047B704780B400AF7C
:1015900000BFBD465DF8047B704780B500AF00F02A
:1015A00025FF00BF80BD000080B500AF024802F0FB
:1015B00011FC00BF80BD00BFE07A002480B500AF01
:1015C000024808F003F900BF80BD00BF587B00242B
:1015D00080B586B000AF7860144A154BD31A7B6192
:1015E0007B693B61134B1B68002B02D1114B124AE4
:1015F0001A60104B1A687B6813443A699A4207D202
:101600000EF02EFC03460C221A604FF0FF3309E067
:10161000084B1B68FB60074B1A687B681344054A3C
:101620001360FB6818461837BD4680BD00000824CB
:1016300000080000680002240000002080B400AF11
:10164000434BD3F88830424A43F47003C2F88830E1
:10165000404B1B6803F00F03062B07D83D4B1B685C
:1016600023F00F033B4A43F0070313603A4B1B6818
:10167000394A43F001031360374B00221A61364B9D
:101680001A683549354B13400B60324B1B6803F029
:101690000803002B07D02F4B1B6823F00F032D4AA4
:1016A00043F0070313602C4B00229A612A4B00225F
:1016B000DA61294B00221A62274B294A9A62264B8B
:1016C000284ADA62244B284A1A63234B00225A63C1
:1016D000214B254A9A63204B0022DA631E4B224A93
:1016E0001A641D4B00225A641B4B1B681A4A23F4D0
:1016F00080231360184B00221A661C4B1A681C4B7F
:101700001340B3F1005F02D21A4B01221A60124B50
:10171000D3F8D43003F48053002B13D10E4BD3F8FD
:10172000D4300D4A43F48053C2F8D430124B43F204
:10173000D2021A60084BD3F8D430074A23F48053FE
:10174000C2F8D43000BFBD465DF8047B704700BFCF
:1017500000ED00E000200052004402587FEDF6EA60
:10176000000202020000FF01800201010010005C83
:101770000000FFFF088100510040005280B400AF1C
:10178000094BDB68084A43F00203D36000BF064BF5
:101790005B6803F40053002BF9D000BF00BFBD46C7
:1017A0005DF8047B704700BF00480258DFF838D06E
:1017B000FFF7E4FFFFF742FF0C480D490D4A0023F5
:1017C00002E0D458C4500433C4188C42F9D30A4AF6
:1017D0000A4C002301E013600432A242FBD30EF056
:1017E00045FBFFF76DFA7047000008240000002455
:1017F000D4200024B0ED0208E020002420D40324EB
:10180000FEE700000000000080B598B000AF7860EF
:101810007B681B687B627B685B683B627B681B69DB
:10182000FB617B68DB68002B0BD07B681B7A042B89
:1018300004D04FF0FF33FB65FB6D1FE20123BB6556
:1018400001E00023BB657B681B7A013B042B00F29F
:10185000108201A252F823F06D1800080319000845
:10186000111A0008CF1A0008691B000800237B65C5
:1018700040E000233B6536E03B6D07EE903AB8EE62
:10188000677BB6EE006B37EE067B9FEDC16B27EEF4
:10189000065B3B6A07EE903AB8EE676B85EE067B17
:1018A00087ED027B7B6D07EE903AB8EE676B97EDA4
:1018B000027B26EE077BB0EE470B11F055F8B0EE39
:1018C000407B37EE077B7B6D3A6A03FB02F23B6D90
:1018D00013449B00FA691344F7EEC77BC3ED007A0B
:1018E0003B6D01333B653A6D3B6A9A42C4D37B6DD5
:1018F00001337B657A6D7B6A9A42BAD30023FB651C
:10190000BBE13B6A9B0007EE903AB8EE677BB7EE0F
:10191000005B85EE076BB0EE460B11F005F8B0EEFC
:10192000407B37EE077B87ED047B0023FB640CE0F4
:10193000FB6C9B00FA69134497ED047BF7EEC77BC1
:10194000C3ED007AFB6C0133FB64FA6C3B6A9A428C
:10195000EED33B6A5B0007EE903AB8EE677BB0EEE1
:10196000470B10F0E1FFB0EE406BB0EE005B85EE90
:10197000067B87ED047B0123BB6442E000237B648C
:1019800038E07B6C07EE903AB8EE677BB6EE006B02
:1019900037EE067B9FED7E6B27EE065B3B6A07EE1C
:1019A000903AB8EE676B85EE067B87ED027BBB6CE9
:1019B00007EE903AB8EE676B97ED027B26EE077B59
:1019C000B0EE470B10F0D0FFB0EE406B97ED047B0C
:1019D00026EE077BBB6C3A6A03FB02F27B6C134476
:1019E0009B00FA691344F7EEC77BC3ED007A7B6C6A
:1019F00001337B647A6C3B6A9A42C2D3BB6C01337D
:101A0000BB64BA6C7B6A9A42B8D30023FB6534E1AD
:101A10003B6A5B0007EE903AB8EE677BB0EE470B8F
:101A200010F082FFB0EE406BB0EE005B85EE067BFF
:101A300087ED047B00233B6442E00023FB6338E036
:101A4000FB6B07EE903AB8EE677BB6EE006B37EEB5
:101A5000067B9FED4F6B27EE065B3B6A07EE903AE5
:101A6000B8EE676B85EE067B87ED027B3B6C07EE7D
:101A7000903AB8EE676B97ED027B26EE077BB0EEEF
:101A8000470B10F071FFB0EE406B97ED047B26EE34
:101A9000077B3B6C3A6A03FB02F2FB6B13449B002F
:101AA000FA691344F7EEC77BC3ED007AFB6B013391
:101AB000FB63FA6B3B6A9A42C2D33B6C01333B64D3
:101AC0003A6C7B6A9A42B8D30023FB65D5E00023C9
:101AD000BB6342E0BA6BBB6D134407EE903AB8EEBD
:101AE000677BB6EE006B37EE067B9FED296B27EE2A
:101AF000065B3B6A07EE903AB8EE676B85EE067BB5
:101B000087ED027B00237B6320E07B6B07EE903A3E
:101B1000B8EE676B97ED027B26EE077BB0EE470BC6
:101B200010F022FFB0EE407B37EE077BBB6B3A6ACA
:101B300003FB02F27B6B13449B00FA691344F7EE3C
:101B4000C77BC3ED007A7B6B01337B637A6B3B6AA7
:101B50009A42DAD3BB6B0133BB63BA6B7B6A9A429E
:101B6000B8D30023FB6588E03B6A07EE903AB8EEF5
:101B7000677BB0EE470B10F0D7FEB0EE406BB7EED0
:101B8000005B85EE067B87ED047B00233B6310E062
:101B9000182D4454FB2109403B6B9B00FA69134408
:101BA00097ED047BF7EEC77BC3ED007A3B6B013307
:101BB0003B633A6B3B6A9A42EED33B6A07EE903A3C
:101BC000B8EE677BB0EE005B85EE076BB0EE460BC0
:101BD00010F0AAFE87ED040B0023FB6242E0012314
:101BE000BB6238E0FB6A07EE903AB8EE677BB6EE70
:101BF000006B37EE067B1FED1A6B27EE065B3B6A28
:101C000007EE903AB8EE676B85EE067B87ED027BB8
:101C1000BB6A07EE903AB8EE676B97ED027B26EE53
:101C2000077BB0EE470B10F09FFEB0EE406B97EDD8
:101C3000047B26EE077BFB6A3A6A03FB02F2BB6A6F
:101C400013449B00FA691344F7EEC77BC3ED007A97
:101C5000BB6A0133BB62BA6A3B6A9A42C2D3FB6A6F
:101C60000133FB62FA6A7B6A9A42B8D30023FB65B0
:101C700003E04FF0FF33FB6500BFFB6D1846603794
:101C8000BD4680BD80B5A4B000AF78607B689B6A1C
:101C90003B667B68DB6AFB657B6893F8243087F8DA
:101CA0005B307B681B687B657B685B683B657B683A
:101CB0009B68C7F884307B680C33FB647B689B6946
:101CC000BB647B681B697B647B685B693B647B6886
:101CD000DB69FB637B681B6ABB6397F85B30184664
:101CE00097ED0F0A00F072F987ED0D0A97F85B3057
:101CF000184697ED0E0A00F069F987ED0C0A97ED8A
:101D00000C7AD7ED0D7A77EE676A7B6C013307EEBC
:101D1000903AB8EE677AC6EE877AC7ED0B7ABB6C5D
:101D200007EE903AF8EE677AB0EE007AC7EE876A6F
:101D30003B6C5B0807EE903AB8EE677AC6EE877A9E
:101D4000C7ED0A7AFB6C00221A600023BB6633E100
:101D5000FB6D002B44D0BB6E07EE903AB8EE677A6D
:101D6000D7ED0B7A27EE277AD7ED0D7A77EE277A23
:101D700097F85B301846B0EE670A00F097F987EDE8
:101D8000200ABB6E013307EE903AB8EE677AD7EDC2
:101D90000B7A27EE277AD7ED0D7A77EE277A97F828
:101DA0005B301846B0EE670A00F080F987ED1F0A35
:101DB000BB6E023307EE903AB8EE677AD7ED0B7A36
:101DC00027EE277AD7ED0D7A77EE277A97F85B30F2
:101DD0001846B0EE670A00F069F987ED1E0A2EE09A
:101DE000BB6E07EE903AB8EE677AD7ED0B7A67EEE6
:101DF000277A97ED0D7A77EE277AC7ED207ABB6EBA
:101E0000013307EE903AB8EE677AD7ED0B7A67EEBA
:101E1000277A97ED0D7A77EE277AC7ED1F7ABB6E9A
:101E2000023307EE903AB8EE677AD7ED0B7A67EE99
:101E3000277A97ED0D7A77EE277AC7ED1E7A97ED20
:101E40001F7AD7ED207A77EE677AC7ED097A97ED9A
:101E50001E7AD7ED1F7A77EE677AC7ED087A4FF0D2
:101E6000FF33C7F88C304FF0FF33C7F888300023BA
:101E70007B6698E0FB6D002B0BD07B6E07EE903AF3
:101E8000F8EE677A97ED0A7A67EE277AC7ED1D7A42
:101E900011E07B6E07EE903AB8EE677AD7ED0A7ADA
:101EA00067EE277A97F85B301846B0EE670A00F0C5
:101EB0008DF887ED1D0A97ED207AD7ED1D7A77EE24
:101EC000677AC7ED077A97ED1E7AD7ED1D7A77EE20
:101ED000677AC7ED067AD7ED077AF1EE676A97ED74
:101EE000097AC6EE877AC7ED057AD7ED066A97EDCF
:101EF000087AC6EE877AC7ED047A97ED057AD7EDB2
:101F0000047AB4EEE77AF1EE10FA02D57B693B670A
:101F100001E03B693B67D7ED1C7AF5EEC07AF1EE44
:101F200010FA2FDD3B6FFB663B6E002B13D097ED55
:101F30001E7AD7ED207A37EE677AF0EE006AC6EEA9
:101F4000877AC7ED037A97ED1B7AD7ED037A67EEB0
:101F5000277AC7ED1B7AD7F884301A1DC7F884207A
:101F6000FA6E1A60D7F88C30B3F1FF3F02D17B6E66
:101F7000C7F88C307B6EC7F88830FB6C1B685A1C26
:101F8000FB6C1A60BB6E9B007A6D1344D7F88C20F3
:101F90001A60BB6E9B003A6D1344D7F888201A6014
:101FA0007B6E01337B663B6C5B087A6E9A42FFF472
:101FB00061AFBB6E0133BB66BA6E7B6C9A42FFF4B5
:101FC000C7AE00BF00BF9037BD4680BD80B588B0AA
:101FD00000AF87ED010A0346FB70FB78002B42D06F
:101FE0004FF00003BB612C4B7B6197ED017AD7ED7D
:101FF000067A77EE676A97ED057AC6EE877AC7EDBF
:10200000077A264B3B6197ED047AD7ED067A77EE97
:10201000676A97ED057AC6EE877AC7ED037A204B9B
:10202000BB6097ED017AD7ED047AB4EEE77AF1EE72
:1020300010FA15DB97ED017AD7ED047AC7EE276A1F
:10204000B0EE660A10F050FDF0EE406A97ED027AAD
:10205000C6EE877A97ED037A77EE277AC7ED077A8F
:10206000D7ED077A13E097ED017ADFED0E6AC7EE40
:10207000267AB7EE007A77EE877AB0EE670A10F02C
:1020800033FDF0EE407A9FED087A67EE877AB0EE86
:10209000670A2037BD4680BD5555854200007A4409
:1020A000BBCD8C3D00002F4400E08C4480B588B04F
:1020B00000AF87ED010A0346FB70FB78002B42D08E
:1020C0004FF00003BB612C4B7B6197ED057AD7ED98
:1020D000017A67EE277A97ED067A77EE277AC7EDD1
:1020E000077A264B3B6197ED047AD7ED067A77EEB7
:1020F000676A97ED057AC6EE877AC7ED037A204BBB
:10210000BB6097ED017AD7ED037AB4EEE77AF1EE92
:1021100010FA15DB97ED017AD7ED037A37EE677A7F
:10212000D7ED027A67EE277AB0EE670A10F068FC06
:10213000B0EE407AD7ED047A67EE877AC7ED077A7A
:10214000D7ED077A13E0D7ED017ADFED0E6A87EE5F
:10215000A67AB0EE470A10F053FCF0EE407AB7EEE4
:10216000007A77EEC77A9FED087A67EE877AB0EE4D
:10217000670A2037BD4680BD5555854200007A4428
:10218000BBCD8C3D00E08C4400002F4400000000DB
:1021900080B586B000AFF860B9601346FB710023CC
:1021A0007B61FB79022B1CD0022B25DC002B02D09B
:1021B000012B0BD020E09FED162BB6EE001BB6EEE8
:1021C000000BB968F86800F037F819E09FED102BA4
:1021D0009FED111B9FED120BB968F86800F02CF809
:1021E0000EE09FED112BB6EE001B9FED110BB968B1
:1021F000F86800F021F803E04FF0FF337B6100BF87
:102200007B6918461837BD4680BD00BFAFF300801C
:102210000000000000000000713D0AD7A370DD3F00
:1022200048E17A14AE47E13F7B14AE47E17AB43F10
:10223000E17A14AE47E1DA3F80B52DED028B8AB02A
:1022400000AFF861B96187ED040B87ED021B87EDE4
:10225000002B00237B6243E07B6A07EE903AB8EEE6
:10226000677B9FED256B27EE066BBB6907EE903A07
:10227000B8EE677B86EE075BB0EE450B10F074FBA3
:10228000B0EE406B97ED027B26EE077B97ED046B7B
:1022900036EE478B7B6A07EE903AB8EE677B9FED90
:1022A000186B27EE066BBB6907EE903AB8EE677BBA
:1022B00086EE075BB0EE450B10F056FBB0EE406BC0
:1022C00097ED007B26EE077B38EE077BFB691A1D36
:1022D000FA61F7EEC77BC3ED007A7B6A01337B625C
:1022E0007A6ABB699A42B7D300BF00BF2837BD46A0
:1022F000BDEC028B80BD00BF182D4454FB2119405A
:10230000182D4454FB21294080B582B000AF032032
:1023100000F07EF904F0A8FA0246154B9B691B0AEF
:1023200003F00F031349CB5C03F01F0322FA03F3FE
:102330007B600F4B9B6903F00F030E4AD35C03F0E5
:102340001F037A6822FA03F30B4A13600B4A7B6877
:1023500013600F2000F014F80346002B01D0012376
:1023600002E0FEF7C9FF002318460837BD4680BDCE
:1023700000440258BC3A01082C0000242800002424
:1023800080B582B000AF7860154B1B78002B01D16F
:10239000012321E0134B1A68114B1B7819464FF4A7
:1023A0007A73B3FBF1F3B2FBF3F3184600F063F971
:1023B0000346002B01D001230EE07B680F2B0AD8C7
:1023C000002279684FF0FF3000F02DF9064A7B6853
:1023D0001360002300E0012318460837BD4680BD86
:1023E00034000024280000243000002480B400AF12
:1023F000064B1B781A46064B1B681344044A1360AD
:1024000000BFBD465DF8047B704700BF3400002468
:102410006C00022480B400AF034B1B681846BD4615
:102420005DF8047B704700BF6C00022480B400AFED
:10243000034B1B681B0C1846BD465DF8047B7047B8
:102440000010005C80B483B000AF78603960074B47
:102450005A687B68DB431A4004493B6813434B606E
:1024600000BF0C37BD465DF8047B70470004005880
:1024700080B485B000AF78607B6803F00703FB6031
:102480000B4BDB68BB60BA684FF6FF031340BB60C1
:10249000FB681A02BB681A43064B1343BB60044A2D
:1024A000BB68D36000BF1437BD465DF8047B70473E
:1024B00000ED00E00000FA0580B400AF044BDB68DB
:1024C0001B0A03F007031846BD465DF8047B7047FE
:1024D00000ED00E080B483B000AF0346FB80B7F9A5
:1024E0000630002B0BDBFB8803F01F020749B7F90E
:1024F00006305B09012000FA02F241F8232000BFF8
:102500000C37BD465DF8047B704700BF00E100E07A
:1025100080B483B000AF03463960FB80B7F9063062
:10252000002B0ADB3B68DAB20C49B7F9063012011E
:10253000D2B20B4483F800230AE03B68DAB20849C0
:10254000FB8803F00F03043B1201D2B20B441A764E
:1025500000BF0C37BD465DF8047B704700E100E02A
:1025600000ED00E080B489B000AFF860B9607A6037
:10257000FB6803F00703FB61FB69C3F10703042B4E
:1025800028BF0423BB61FB690433062B02D9FB6916
:10259000033B00E000237B614FF0FF32BB6902FA8E
:1025A00003F3DA43BB681A407B699A404FF0FF316E
:1025B0007B6901FA03F3D9437B680B401343184648
:1025C0002437BD465DF8047B7047000080B582B0BB
:1025D00000AF78607B68013BB3F1807F01D30123BA
:1025E0000FE00A4A7B68013B53600F214FF0FF3038
:1025F000FFF78EFF054B00229A60044B07221A60FA
:10260000002318460837BD4680BD00BF10E000E03B
:1026100080B582B000AF78607868FFF729FF00BF0F
:102620000837BD4680BD80B586B000AF0346B960AF
:102630007A60FB81FFF740FF78617A68B968786952
:10264000FFF790FF0246B7F90E3011461846FFF724
:102650005FFF00BF1837BD4680BD80B582B000AFB8
:102660000346FB80B7F906301846FFF733FF00BF7B
:102670000837BD4680BD80B582B000AF786078680D
:10268000FFF7A4FF034618460837BD4680BD00008B
:1026900080B400AFBFF35F8F00BF074B5B6A064A91
:1026A00023F480335362054B00225A6000BFBD46BD
:1026B0005DF8047B704700BF00ED00E090ED00E0A6
:1026C00080B483B000AF78600B4A7B6843F00103AD
:1026D00053600A4B5B6A094A43F480335362BFF389
:1026E0004F8F00BFBFF36F8F00BF00BF0C37BD46D9
:1026F0005DF8047B704700BF90ED00E000ED00E066
:1027000080B483B000AF78607B685A781B4B9A60C6
:102710001A4B1B69194A23F001031361174A7B689E
:102720005B68D3607B681B7B1A077B68DB7A1B06C0
:102730001A437B689B7ADB041A437B685B7B9B04B0
:102740001A437B689B7B5B041A437B68DB7B1B041F
:102750001A437B685B7A1B021A437B681B7A5B0017
:1027600013437A6812781146044A0B43136100BF81
:102770000C37BD465DF8047B704700BF90ED00E06C
:1027800080B586B000AF7860FFF744FE38617B68A3
:10279000002B01D1012316E37B681B68664A934234
:1027A0004AD07B681B68654A934245D07B681B68AA
:1027B000634A934240D07B681B68624A93423BD095
:1027C0007B681B68604A934236D07B681B685F4A0F
:1027D000934231D07B681B685D4A93422CD07B6862
:1027E0001B685C4A934227D07B681B685A4A934215
:1027F00022D07B681B68594A93421DD07B681B68B6
:10280000574A934218D07B681B68564A934213D0AC
:102810007B681B68544A93420ED07B681B68534AFE
:10282000934209D07B681B68514A934204D07B686D
:102830001B68504A934201D1012300E00023002B82
:1028400000F03B817B68022283F835207B68002200
:1028500083F834207B681B68374A93424AD07B68F0
:102860001B68364A934245D07B681B68344A9342C2
:1028700040D07B681B68334A93423BD07B681B681F
:10288000314A934236D07B681B68304A934231D03C
:102890007B681B682E4A93422CD07B681B682D4AAC
:1028A000934227D07B681B682B4A934222D07B68D7
:1028B0001B682A4A93421DD07B681B68284A9342B2
:1028C00018D07B681B68274A934213D07B681B682B
:1028D000254A93420ED07B681B68244A934209D054
:1028E0007B681B68224A934204D07B681B68214A9C
:1028F000934208D17B681B681A687B681B6822F0CA
:1029000001021A6007E07B681B681A687B681B6815
:1029100022F001021A602FE0FFF77CFD02463B69BE
:10292000D31A052B28D97B6820225A657B6803229D
:1029300083F83520012346E21000024028000240BF
:1029400040000240580002407000024088000240EF
:10295000A0000240B80002401004024028040240D7
:1029600040040240580402407004024088040240BF
:10297000A0040240B80402407B681B681B6803F097
:102980000103002BC8D17B681B681B687B617A69D7
:10299000834B13407B617B689A687B68DB681A43D2
:1029A0007B681B691A437B685B691A437B689B6978
:1029B0001A437B68DB691A437B681B6A13437A6995
:1029C00013437B617B685B6A042B07D17B68DA6AFF
:1029D0007B681B6B13437A6913437B61714B1A68E5
:1029E000714B1340B3F1005F28D37B685B68282BE1
:1029F00003D97B685B682E2B17D97B685B683E2BFD
:102A000003D97B685B68422B0FD97B685B68462BD8
:102A100003D97B685B68482B07D97B685B684E2BC2
:102A200005D97B685B68522B01D8012300E00023A5
:102A3000002B03D07B6943F480137B617B681B68A8
:102A40007A691A607B681B685B697B617B6923F02C
:102A500007037B617B685B6A7A6913437B617B68F0
:102A60005B6A042B17D17B689B6A7A6913437B618D
:102A70007B68DB6A002B0ED0786802F033FB0346DC
:102A8000002B08D07B6840225A657B68012283F8BE
:102A90003520012397E17B681B687A695A61786861
:102AA00002F06EFA0346BB607B68DB6D03F01F0328
:102AB0003F229A40BB689A60CDE07B681B683B4A26
:102AC000934222D07B681B68394A93421DD07B68B1
:102AD0001B68384A934218D07B681B68364A934279
:102AE00013D07B681B68354A93420ED07B681B6805
:102AF000334A934209D07B681B68324A934204D020
:102B00007B681B68304A934201D1012300E0002317
:102B1000002B00F097807B681B68244A934221D0E9
:102B20007B681B68224A93421CD07B681B68214A41
:102B3000934217D07B681B681F4A934212D07B6870
:102B40001B681E4A93420DD07B681B681C4A934247
:102B500008D07B681B681B4A934203D07B681B68C4
:102B6000194A93427B68022283F835207B68002251
:102B700083F834207B681B681B687B617A69134B80
:102B800013407B617B689B68402B21D07B689B68EE
:102B9000802B02D14FF480431BE0002319E000BFDB
:102BA0003F8010FE0010005C0000FFFF0854025838
:102BB0001C54025830540258445402585854025875
:102BC0006C54025880540258945402580F00FEFF6F
:102BD00010237A68D268D2081A437B681B69DB0825
:102BE0001A437B685B69DB081A437B689B69DB08D7
:102BF0001A437B68DB69DB081A437B681B6A1B0985
:102C000013437A6913437B617B681B687A691A6096
:102C10007B681B681A466E4B13446E4AA2FB032363
:102C20001B099A007B68DA65786802F0A9F9034607
:102C3000FB607B68DB6D03F01F0301229A40FB6899
:102C40005A6008E07B6840225A657B68032283F85B
:102C500035200123B7E07B681B685F4A934272D03E
:102C60007B681B685D4A93426DD07B681B685C4A39
:102C7000934268D07B681B685A4A934263D07B6852
:102C80001B68594A93425ED07B681B68574A93423F
:102C900059D07B681B68564A934254D07B681B68A6
:102CA000544A93424FD07B681B68534A93424AD0A0
:102CB0007B681B68514A934245D07B681B68504A29
:102CC000934240D07B681B684E4A93423BD07B685E
:102CD0001B684D4A934236D07B681B684B4A93422F
:102CE00031D07B681B684A4A93422CD07B681B68B2
:102CF000484A934227D07B681B68474A934222D0B8
:102D00007B681B68454A93421DD07B681B68444A18
:102D1000934218D07B681B68424A934213D07B6869
:102D20001B68414A93420ED07B681B683F4A93421E
:102D300009D07B681B683E4A934204D07B681B68BD
:102D40003C4A934201D1012300E00023002B32D002
:102D5000786802F043FA7B689B68802B02D17B681D
:102D600000225A607B685A687B681B6ED2B21A6078
:102D70007B685B6E7A68926E5A607B685B68002B3A
:102D800010D07B685B68082B0CD8786802F0C0FA1A
:102D90007B68DB6E00221A607B681B6F7A68526F5B
:102DA0005A6008E07B680022DA667B6800221A67B6
:102DB0007B6800225A677B6800225A657B68012283
:102DC00083F83520002318461837BD4680BD00BF64
:102DD000F8ABFDA7CDCCCCCC1000024028000240BF
:102DE000400002405800024070000240880002404B
:102DF000A0000240B8000240100402402804024033
:102E0000400402405804024070040240880402401A
:102E1000A0040240B8040240085402581C5402584E
:102E20003054025844540258585402586C540258B2
:102E3000805402589454025880B586B000AFF860B0
:102E4000B9607A603B600023FB75FB68002B01D101
:102E5000012326E2FB6893F83430012B01D10223D1
:102E60001FE2FB68012283F83420FB6893F83530B9
:102E7000DBB2012B40F00A82FB68022283F8352086
:102E8000FB6800225A65FB681B68684A93424AD077
:102E9000FB681B68664A934245D0FB681B68654A1D
:102EA000934240D0FB681B68634A93423BD0FB6867
:102EB0001B68624A934236D0FB681B68604A9342A3
:102EC00031D0FB681B685F4A93422CD0FB681B68BB
:102ED0005D4A934227D0FB681B685C4A934222D02C
:102EE000FB681B685A4A93421DD0FB681B68594A0D
:102EF000934218D0FB681B68574A934213D0FB6873
:102F00001B68564A93420ED0FB681B68544A934292
:102F100009D0FB681B68534A934204D0FB681B68C6
:102F2000514A934208D1FB681B681A68FB681B680A
:102F300022F001021A6007E0FB681B681A68FB6850
:102F40001B6822F001021A603B687A68B968F86869
:102F500001F06AFEFB681B68344A93424AD0FB6862
:102F60001B68334A934245D0FB681B68314A934241
:102F700040D0FB681B68304A93423BD0FB681B681B
:102F80002E4A934236D0FB681B682D4A934231D0BB
:102F9000FB681B682B4A93422CD0FB681B682A4AAB
:102FA000934227D0FB681B68284A934222D0FB68D3
:102FB0001B68274A93421DD0FB681B68254A934231
:102FC00018D0FB681B68244A934213D0FB681B6827
:102FD000224A93420ED0FB681B68214A934209D0D3
:102FE000FB681B681F4A934204D0FB681B681E4A9B
:102FF000934201D1012300E00023002B36D0FB686F
:103000001B681B6823F01E02FB681B6842F0160257
:103010001A60FB681B6C002B3ED0FB681B681A68AB
:10302000FB681B6842F008021A6035E0100002409D
:103030002800024040000240580002407000024058
:1030400088000240A0000240B80002401004024084
:103050002804024040040240580402407004024028
:1030600088040240A0040240B8040240FB681B68C8
:103070001B6823F00E02FB681B6842F00A021A600C
:10308000FB681B6C002B07D0FB681B681A68FB6889
:103090001B6842F004021A60FB681B68834A934273
:1030A00072D0FB681B68824A93426DD0FB681B6834
:1030B000804A934268D0FB681B687F4A934263D082
:1030C000FB681B687D4A93425ED0FB681B687C4AA4
:1030D000934259D0FB681B687A4A934254D0FB68EC
:1030E0001B68794A93424FD0FB681B68774A93422A
:1030F0004AD0FB681B68764A934245D0FB681B6840
:10310000744A934240D0FB681B68734A93423BD099
:10311000FB681B68714A934236D0FB681B68704A93
:10312000934231D0FB681B686E4A93422CD0FB68F7
:103130001B686D4A934227D0FB681B686B4A934219
:1031400022D0FB681B686A4A93421DD0FB681B684B
:10315000684A934218D0FB681B68674A934213D0B1
:10316000FB681B68654A93420ED0FB681B68644A83
:10317000934209D0FB681B68624A934204D0FB6803
:103180001B68614A934201D1012300E00023002B18
:103190001AD0FB681B6E1B6803F48033002B07D02A
:1031A000FB681B6E1A68FB681B6E42F480721A6023
:1031B000FB68DB6E002B07D0FB68DB6E1A68FB68D0
:1031C000DB6E42F480721A60FB681B68374A9342D8
:1031D0004AD0FB681B68364A934245D0FB681B689F
:1031E000344A934240D0FB681B68334A93423BD039
:1031F000FB681B68314A934236D0FB681B68304A33
:10320000934231D0FB681B682E4A93422CD0FB6856
:103210001B682D4A934227D0FB681B682B4A9342B8
:1032200022D0FB681B682A4A93421DD0FB681B68AA
:10323000284A934218D0FB681B68274A934213D050
:10324000FB681B68254A93420ED0FB681B68244A22
:10325000934209D0FB681B68224A934204D0FB6862
:103260001B68214A934208D1FB681B681A68FB68F7
:103270001B6842F001021A6012E0FB681B681A68C2
:10328000FB681B6842F001021A6009E0FB684FF41A
:1032900000625A65FB68002283F834200123FB7525
:1032A000FB7D18461837BD4680BD00BF10000240A8
:1032B00028000240400002405800024070000240D6
:1032C00088000240A0000240B80002401004024002
:1032D00028040240400402405804024070040240A6
:1032E00088040240A0040240B80402400854025876
:1032F0001C5402583054025844540258585402582E
:103300006C540258805402589454025880B586B0C8
:1033100000AF7860FFF77EF838617B68002B01D141
:103320000123DCE27B6893F83530DBB2022B08D056
:103330007B6880225A657B68002283F83420012351
:10334000CDE27B681B68764A93424AD07B681B6853
:10335000744A934245D07B681B68734A934240D0BD
:103360007B681B68714A93423BD07B681B68704A3C
:10337000934236D07B681B686E4A934231D07B689B
:103380001B686D4A93422CD07B681B686B4A934242
:1033900027D07B681B686A4A934222D07B681B68EF
:1033A000684A93421DD07B681B68674A934218D0D5
:1033B0007B681B68654A934213D07B681B68644A2C
:1033C00093420ED07B681B68624A934209D07B68A7
:1033D0001B68614A934204D07B681B685F4A934232
:1033E00001D1012300E00023002B13D07B681B6870
:1033F0001A687B681B6822F01E021A607B681B68D3
:103400005A697B681B6822F080025A617B681B68DE
:103410007B610AE07B681B681A687B681B6822F086
:103420000E021A607B681B687B617B681B683C4AE4
:10343000934272D07B681B683A4A93426DD07B6896
:103440001B68394A934268D07B681B68374A9342AD
:1034500063D07B681B68364A93425ED07B681B68EA
:10346000344A934259D07B681B68334A934254D004
:103470007B681B68314A93424FD07B681B68304A97
:1034800093424AD07B681B682E4A934245D07B68A2
:103490001B682D4A934240D07B681B682B4A93429D
:1034A0003BD07B681B682A4A934236D07B681B68F6
:1034B000284A934231D07B681B68274A93422CD01C
:1034C0007B681B68254A934227D07B681B68244A87
:1034D000934222D07B681B68224A93421DD07B68AE
:1034E0001B68214A934218D07B681B681F4A93428D
:1034F00013D07B681B681E4A93420ED07B681B6802
:103500001C4A934209D07B681B681B4A934204D033
:103510007B681B68194A934232D1012331E000BF16
:1035200010000240280002404000024058000240C3
:103530007000024088000240A0000240B800024033
:103540001004024028040240400402405804024093
:103550007004024088040240A0040240B804024003
:10356000085402581C54025830540258445402580B
:10357000585402586C5402588054025894540258BB
:103580000023002B07D07B681B6E1A687B681B6EBC
:1035900022F480721A607B681B686D4A93424AD09D
:1035A0007B681B686B4A934245D07B681B686A4AFC
:1035B000934240D07B681B68684A93423BD07B684B
:1035C0001B68674A934236D07B681B68654A934202
:1035D00031D07B681B68644A93422CD07B681B689F
:1035E000624A934227D07B681B68614A934222D08B
:1035F0007B681B685F4A93421DD07B681B685E4AEC
:10360000934218D07B681B685C4A934213D07B6856
:103610001B685B4A93420ED07B681B68594A9342F1
:1036200009D07B681B68584A934204D07B681B68AA
:10363000564A934208D17B681B681A687B681B68EE
:1036400022F001021A6007E07B681B681A687B6839
:103650001B6822F001021A6013E0FEF7DBFE02464F
:103660003B69D31A052B0CD97B6820225A657B68ED
:10367000032283F835207B68002283F8342001235D
:103680002DE17B691B6803F00103002BE5D17B680A
:103690001B682F4A93424AD07B681B682D4A93428D
:1036A00045D07B681B682C4A934240D07B681B68DE
:1036B0002A4A93423BD07B681B68294A934236D002
:1036C0007B681B68274A934231D07B681B68264A77
:1036D00093422CD07B681B68244A934227D07B6896
:1036E0001B68234A934222D07B681B68214A93427D
:1036F0001DD07B681B68204A934218D07B681B68EA
:103700001E4A934213D07B681B681D4A93420ED019
:103710007B681B681B4A934209D07B681B681A4A66
:10372000934204D07B681B68184A934201D101235D
:1037300000E00023002B2BD07B689B6DBB607B6877
:10374000DB6D03F01F033F229A40BB689A602AE0BA
:103750001000024028000240400002405800024091
:103760007000024088000240A0000240B800024001
:103770001004024028040240400402405804024061
:103780007004024088040240A0040240B8040240D1
:103790007B689B6DFB607B68DB6D03F01F03012280
:1037A0009A40FB685A607B681B684F4A934272D00C
:1037B0007B681B684D4A93426DD07B681B684C4AFE
:1037C000934268D07B681B684A4A934263D07B6807
:1037D0001B68494A93425ED07B681B68474A934204
:1037E00059D07B681B68464A934254D07B681B685B
:1037F000444A93424FD07B681B68434A93424AD065
:103800007B681B68414A934245D07B681B68404AED
:10381000934240D07B681B683E4A93423BD07B6812
:103820001B683D4A934236D07B681B683B4A9342F3
:1038300031D07B681B683A4A93422CD07B681B6866
:10384000384A934227D07B681B68374A934222D07C
:103850007B681B68354A93421DD07B681B68344ADD
:10386000934218D07B681B68324A934213D07B681E
:103870001B68314A93420ED07B681B682F4A9342E3
:1038800009D07B681B682E4A934204D07B681B6872
:103890002C4A934201D1012300E00023002B15D0D4
:1038A0007B685B6E7A68926E5A607B68DB6E002B79
:1038B0000CD07B68DB6E1A687B68DB6E22F480724A
:1038C0001A607B681B6F7A68526F5A607B680122AE
:1038D00083F835207B68002283F8342000231846C3
:1038E0001837BD4680BD00BF1000024028000240CE
:1038F0004000024058000240700002408800024030
:10390000A0000240B8000240100402402804024017
:1039100040040240580402407004024088040240FF
:10392000A0040240B8040240085402581C54025833
:103930003054025844540258585402586C54025897
:10394000805402589454025880B584B000AF786017
:103950007B68002B01D1012337E27B6893F8353077
:10396000DBB2022B04D07B6880225A6501232CE253
:103970007B681B685C4A93424AD07B681B685B4A41
:10398000934245D07B681B68594A934240D07B687C
:103990001B68584A93423BD07B681B68564A934247
:1039A00036D07B681B68554A934231D07B681B68D0
:1039B000534A93422CD07B681B68524A934227D0CB
:1039C0007B681B68504A934222D07B681B684F4A31
:1039D00093421DD07B681B684D4A934218D07B6888
:1039E0001B684C4A934213D07B681B684A4A934237
:1039F0000ED07B681B68494A934209D07B681B68DC
:103A0000474A934204D07B681B68464A934201D1DF
:103A1000012300E00023002B00F086807B68042255
:103A200083F835207B681B682F4A93424AD07B6815
:103A30001B682E4A934245D07B681B682C4A9342F0
:103A400040D07B681B682B4A93423BD07B681B6845
:103A5000294A934236D07B681B68284A934231D06A
:103A60007B681B68264A93422CD07B681B68254ADA
:103A7000934227D07B681B68234A934222D07B68FD
:103A80001B68224A93421DD07B681B68204A9342E0
:103A900018D07B681B681F4A934213D07B681B6851
:103AA0001D4A93420ED07B681B681C4A934209D082
:103AB0007B681B681A4A934204D07B681B68194ACA
:103AC000934208D17B681B681A687B681B6822F0E8
:103AD00001021A6078E17B681B681A687B681B68C2
:103AE00022F001021A606FE110000240280002403B
:103AF000400002405800024070000240880002402E
:103B0000A0000240B8000240100402402804024015
:103B100040040240580402407004024088040240FD
:103B2000A0040240B80402407B681B681A687B68E6
:103B30001B6822F00E021A607B681B686C4A934275
:103B40004AD07B681B686B4A934245D07B681B68F0
:103B5000694A934240D07B681B68684A93423BD0D5
:103B60007B681B68664A934236D07B681B68654A4F
:103B7000934231D07B681B68634A93422CD07B68A8
:103B80001B68624A934227D07B681B68604A934255
:103B900022D07B681B685F4A93421DD07B681B68FC
:103BA0005D4A934218D07B681B685C4A934213D0ED
:103BB0007B681B685A4A93420ED07B681B68594A3F
:103BC000934209D07B681B68574A934204D07B68B4
:103BD0001B68564A934208D17B681B681A687B6849
:103BE0001B6822F001021A6007E07B681B681A68F4
:103BF0007B681B6822F001021A607B681B683C4AE4
:103C0000934272D07B681B683A4A93426DD07B68BE
:103C10001B68394A934268D07B681B68374A9342D5
:103C200063D07B681B68364A93425ED07B681B6812
:103C3000344A934259D07B681B68334A934254D02C
:103C40007B681B68314A93424FD07B681B68304ABF
:103C500093424AD07B681B682E4A934245D07B68CA
:103C60001B682D4A934240D07B681B682B4A9342C5
:103C70003BD07B681B682A4A934236D07B681B681E
:103C8000284A934231D07B681B68274A93422CD044
:103C90007B681B68254A934227D07B681B68244AAF
:103CA000934222D07B681B68224A93421DD07B68D6
:103CB0001B68214A934218D07B681B681F4A9342B5
:103CC00013D07B681B681E4A93420ED07B681B682A
:103CD0001C4A934209D07B681B681B4A934204D05C
:103CE0007B681B68194A934232D1012331E000BF3F
:103CF00010000240280002404000024058000240EC
:103D00007000024088000240A0000240B80002405B
:103D100010040240280402404004024058040240BB
:103D20007004024088040240A0040240B80402402B
:103D3000085402581C540258305402584454025833
:103D4000585402586C5402588054025894540258E3
:103D50000023002B28D07B681B6E1A687B681B6EC3
:103D600022F480721A607B689B6DFB607B68DB6D60
:103D700003F01F0301229A40FB685A607B685B6E68
:103D80007A68926E5A607B68DB6E002B0CD07B6881
:103D9000DB6E1A687B68DB6E22F480721A607B68C7
:103DA0001B6F7A68526F5A607B68012283F8352056
:103DB0007B68002283F834207B681B6D002B03D0C6
:103DC0007B681B6D78689847002318461037BD46FE
:103DD00080BD00BF80B58AB000AF78600023FB6073
:103DE000674B1B68674AA2FB03239B0A7B627B68C5
:103DF0009B6D3B627B689B6DFB613B6A1B68BB6193
:103E0000FB691B687B617B681B685F4A93424AD0F1
:103E10007B681B685D4A934245D07B681B685C4A9F
:103E2000934240D07B681B685A4A93423BD07B68E0
:103E30001B68594A934236D07B681B68574A9342A5
:103E400031D07B681B68564A93422CD07B681B6834
:103E5000544A934227D07B681B68534A934222D02E
:103E60007B681B68514A93421DD07B681B68504A8F
:103E7000934218D07B681B684E4A934213D07B68EC
:103E80001B684D4A93420ED07B681B684B4A934295
:103E900009D07B681B684A4A934204D07B681B6840
:103EA000484A934201D1012300E00023002B00F097
:103EB0002B847B68DB6D03F01F0308229A40BB69EB
:103EC0001340002B00F0A2807B681B682E4A9342AF
:103ED0004AD07B681B682D4A934245D07B681B689B
:103EE0002B4A934240D07B681B682A4A93423BD0BE
:103EF0007B681B68284A934236D07B681B68274A38
:103F0000934231D07B681B68254A93422CD07B6852
:103F10001B68244A934227D07B681B68224A93423D
:103F200022D07B681B68214A93421DD07B681B68A6
:103F30001F4A934218D07B681B681E4A934213D0D5
:103F40007B681B681C4A93420ED07B681B681B4A27
:103F5000934209D07B681B68194A934204D07B685E
:103F60001B68184A93422FD17B681B681B6803F0BB
:103F70000403002B14BF01230023DBB22EE000BF9B
:103F800028000024B5814E1B10000240280002408A
:103F90004000024058000240700002408800024089
:103FA000A0000240B8000240100402402804024071
:103FB0004004024058040240700402408804024059
:103FC000A0040240B80402407B681B681B6803F031
:103FD0000803002B14BF01230023DBB2002B15D0F4
:103FE0007B681B681A687B681B6822F004021A60F1
:103FF0007B68DB6D03F01F0308229A403B6A9A60DE
:104000007B685B6D43F001027B685A657B68DB6D02
:1040100003F01F03BA6922FA03F303F00103002B34
:104020006ED07B681B68694A93424AD07B681B68E4
:10403000674A934245D07B681B68664A934240D0EA
:104040007B681B68644A93423BD07B681B68634A69
:10405000934236D07B681B68614A934231D07B68BB
:104060001B68604A93422CD07B681B685E4A93426F
:1040700027D07B681B685D4A934222D07B681B680F
:104080005B4A93421DD07B681B685A4A934218D002
:104090007B681B68584A934213D07B681B68574A59
:1040A00093420ED07B681B68554A934209D07B68C7
:1040B0001B68544A934204D07B681B68524A93425F
:1040C0000AD17B681B685B6903F08003002B14BF77
:1040D00001230023DBB203E07B681B681B6800231D
:1040E000002B0DD07B68DB6D03F01F0301229A408B
:1040F0003B6A9A607B685B6D43F002027B685A659D
:104100007B68DB6D03F01F0304229A40BB691340F8
:10411000002B00F08F807B681B682C4A93424AD0AA
:104120007B681B682A4A934245D07B681B68294AF2
:10413000934240D07B681B68274A93423BD07B6800
:104140001B68264A934236D07B681B68244A9342F8
:1041500031D07B681B68234A93422CD07B681B6854
:10416000214A934227D07B681B68204A934222D081
:104170007B681B681E4A93421DD07B681B681D4AE2
:10418000934218D07B681B681B4A934213D07B680C
:104190001B681A4A93420ED07B681B68184A9342E8
:1041A00009D07B681B68174A934204D07B681B6860
:1041B000154A93422AD17B681B681B6803F00203EF
:1041C000002B14BF01230023DBB223E010000240C8
:1041D00028000240400002405800024070000240A7
:1041E00088000240A0000240B800024010040240D3
:1041F0002804024040040240580402407004024077
:1042000088040240A0040240B80402407B681B6896
:104210001B680023002B0DD07B68DB6D03F01F03B0
:1042200004229A403B6A9A607B685B6D43F004020B
:104230007B685A657B68DB6D03F01F0310229A4090
:10424000BB691340002B00F0A6807B681B68854A81
:1042500093424AD07B681B68834A934245D07B686F
:104260001B68824A934240D07B681B68804A934215
:104270003BD07B681B687F4A934236D07B681B68C3
:104280007D4A934231D07B681B687C4A93422CD094
:104290007B681B687A4A934227D07B681B68794AFF
:1042A000934222D07B681B68774A93421DD07B687B
:1042B0001B68764A934218D07B681B68744A934205
:1042C00013D07B681B68734A93420ED07B681B68CF
:1042D000714A934209D07B681B68704A934204D0AC
:1042E0007B681B686E4A93420AD17B681B681B6817
:1042F00003F00803002B14BF01230023DBB209E005
:104300007B681B681B6803F00403002B14BF0123A8
:104310000023DBB2002B3ED07B68DB6D03F01F0374
:1043200010229A403B6A9A607B681B681B6803F402
:104330008023002B18D07B681B681B6803F40023C4
:10434000002B08D17B681B6C002B24D07B681B6C76
:10435000786898471FE07B689B6C002B1BD07B68BC
:104360009B6C7868984716E07B681B681B6803F4B1
:104370008073002B07D17B681B681A687B681B68F9
:1043800022F008021A607B681B6C002B03D07B684C
:104390001B6C786898477B68DB6D03F01F03202255
:1043A0009A40BB691340002B00F010817B681B68AA
:1043B0002C4A93424AD07B681B682B4A934245D0D3
:1043C0007B681B68294A934240D07B681B68284A57
:1043D00093423BD07B681B68264A934236D07B6869
:1043E0001B68254A934231D07B681B68234A93425D
:1043F0002CD07B681B68224A934227D07B681B68BD
:10440000204A934222D07B681B681F4A93421DD0EA
:104410007B681B681D4A934218D07B681B681C4A46
:10442000934213D07B681B681A4A93420ED07B6874
:104430001B68194A934209D07B681B68174A93424C
:1044400004D07B681B68164A93422BD17B681B689B
:104450001B6803F01003002B14BF01230023DBB201
:104460002AE000BF10000240280002404000024045
:10447000580002407000024088000240A000024044
:10448000B8000240100402402804024040040240E8
:10449000580402407004024088040240A004024014
:1044A000B80402407B681B681B6803F00203002B02
:1044B00014BF01230023DBB2002B00F087807B6850
:1044C000DB6D03F01F0320229A403B6A9A607B68F1
:1044D00093F83530DBB2042B39D17B681B681A683E
:1044E0007B681B6822F016021A607B681B685A6999
:1044F0007B681B6822F080025A617B681B6C002B72
:1045000003D17B689B6C002B07D07B681B681A6803
:104510007B681B6822F008021A607B68DB6D03F081
:104520001F033F229A403B6A9A607B68012283F80E
:1045300035207B68002283F834207B681B6D002BBC
:1045400000F04A837B681B6D7868984744E37B687A
:104550001B681B6803F48023002B18D07B681B6842
:104560001B6803F40023002B08D17B685B6C002BD5
:104570002CD07B685B6C7868984727E07B68DB6BA6
:10458000002B23D07B68DB6B786898471EE07B6844
:104590001B681B6803F48073002B0FD17B681B68BA
:1045A0001A687B681B6822F010021A607B6801227F
:1045B00083F835207B68002283F834207B68DB6B2E
:1045C000002B03D07B68DB6B786898477B685B6D5A
:1045D000002B00F006837B685B6D03F00103002B6A
:1045E00000F088807B68042283F835207B681B6894
:1045F0007A4A93424AD07B681B68794A934245D0F5
:104600007B681B68774A934240D07B681B68764A78
:1046100093423BD07B681B68744A934236D07B68D8
:104620001B68734A934231D07B681B68714A93427E
:104630002CD07B681B68704A934227D07B681B682C
:104640006E4A934222D07B681B686D4A93421DD00C
:104650007B681B686B4A934218D07B681B686A4A68
:10466000934213D07B681B68684A93420ED07B68E4
:104670001B68674A934209D07B681B68654A93426E
:1046800004D07B681B68644A934208D17B681B682E
:104690001A687B681B6822F001021A6007E07B68D9
:1046A0001B681A687B681B6822F001021A60FB68AD
:1046B0000133FB607A6A9A4207D37B681B681B68E8
:1046C00003F00103002BF2D100E000BF7B681B6800
:1046D0001B6803F00103002B04D07B68032283F8DE
:1046E000352003E07B68012283F835207B680022B7
:1046F00083F834207B68DB6C002B00F072827B68CF
:10470000DB6C786898476CE27B681B68434A93428D
:1047100022D07B681B68424A93421DD07B681B688D
:10472000404A934218D07B681B683F4A934213D09B
:104730007B681B683D4A93420ED07B681B683C4AED
:10474000934209D07B681B683A4A934204D07B6845
:104750001B68394A934201D1012300E00023002B5A
:1047600000F03F827B681B681B683B617B68DB6DE8
:1047700003F01F0304229A407B691340002B00F0D2
:10478000CD803B6903F00403002B00F0C7807B68F9
:10479000DB6D03F01F0304229A40FB695A603B69FA
:1047A00003F40043002B49D03B6903F48033002B12
:1047B00009D17B689B6C002B00F010827B689B6C9E
:1047C000786898470AE27B681B6C002B00F0068231
:1047D0007B681B6C7868984700E200BF10000240BD
:1047E0002800024040000240580002407000024091
:1047F00088000240A0000240B800024010040240BD
:104800002804024040040240580402407004024060
:1048100088040240A0040240B80402400854025830
:104820001C540258305402584454025858540258E8
:104830006C54025880540258945402583B6903F057
:104840002003002B60D17B681B687F4A93424AD0CB
:104850007B681B687D4A934245D07B681B687C4A15
:10486000934240D07B681B687A4A93423BD07B6876
:104870001B68794A934236D07B681B68774A93421B
:1048800031D07B681B68764A93422CD07B681B68CA
:10489000744A934227D07B681B68734A934222D0A4
:1048A0007B681B68714A93421DD07B681B68704A05
:1048B000934218D07B681B686E4A934213D07B6882
:1048C0001B686D4A93420ED07B681B686B4A93420B
:1048D00009D07B681B686A4A934204D07B681B68D6
:1048E000684A934208D17B681B681A687B681B681A
:1048F00022F008021A6007E07B681B681A687B6870
:104900001B6822F004021A607B681B6C002B00F00D
:1049100065817B681B6C786898475FE17B68DB6D1D
:1049200003F01F0302229A407B691340002B00F022
:10493000C5803B6903F00203002B00F0BF807B6859
:10494000DB6D03F01F0302229A40FB695A603B694A
:1049500003F40043002B18D03B6903F48033002B91
:1049600009D17B685B6C002B00F03A817B685B6C43
:104970007868984734E17B68DB6B002B00F030816E
:104980007B68DB6B786898472AE13B6903F020037A
:10499000002B40F089807B681B682B4A93424AD0E9
:1049A0007B681B68294A934245D07B681B68284A6C
:1049B000934240D07B681B68264A93423BD07B6879
:1049C0001B68254A934236D07B681B68234A934272
:1049D00031D07B681B68224A93422CD07B681B68CD
:1049E000204A934227D07B681B681F4A934222D0FB
:1049F0007B681B681D4A93421DD07B681B681C4A5C
:104A0000934218D07B681B681A4A934213D07B6884
:104A10001B68194A93420ED07B681B68174A934261
:104A200009D07B681B68164A934204D07B681B68D8
:104A3000144A934228D17B681B681A687B681B68FC
:104A400022F014021A6027E0100002402800024001
:104A500040000240580002407000024088000240BE
:104A6000A0000240B80002401004024028040240A6
:104A7000400402405804024070040240880402408E
:104A8000A0040240B80402407B681B681A687B6877
:104A90001B6822F00A021A607B68012283F8352025
:104AA0007B68002283F834207B68DB6B002B00F0EE
:104AB00097807B68DB6B7868984791E07B68DB6D5B
:104AC00003F01F0308229A407B691340002B00F07B
:104AD00088803B6903F00803002B00F082807B682C
:104AE0001B68414A93424AD07B681B683F4A934205
:104AF00045D07B681B683E4A934240D07B681B6868
:104B00003C4A93423BD07B681B683B4A934236D079
:104B10007B681B68394A934231D07B681B68384AEE
:104B200093422CD07B681B68364A934227D07B681F
:104B30001B68354A934222D07B681B68334A9342F4
:104B40001DD07B681B68324A934218D07B681B6873
:104B5000304A934213D07B681B682F4A93420ED091
:104B60007B681B682D4A934209D07B681B682C4ADE
:104B7000934204D07B681B682A4A934208D17B6821
:104B80001B681A687B681B6822F01C021A6007E029
:104B90007B681B681A687B681B6822F00E021A602B
:104BA0007B68DB6D03F01F0301229A40FB695A60AA
:104BB0007B6801225A657B68012283F835207B6877
:104BC000002283F834207B68DB6C002B09D07B68E3
:104BD000DB6C7868984704E000BF02E000BF00E0AB
:104BE00000BF2837BD4680BD1000024028000240AB
:104BF000400002405800024070000240880002401D
:104C0000A0000240B8000240100402402804024004
:104C100040040240580402407004024088040240EC
:104C2000A0040240B804024080B487B000AFF8602E
:104C3000B9607A603B60FB689B6D7B61FB689B6D34
:104C40003B61FB681B687F4A934272D0FB681B681C
:104C50007D4A93426DD0FB681B687C4A934268D0C2
:104C6000FB681B687A4A934263D0FB681B68794AE9
:104C700093425ED0FB681B68774A934259D0FB6829
:104C80001B68764A934254D0FB681B68744A93426F
:104C90004FD0FB681B68734A93424AD0FB681B687D
:104CA000714A934245D0FB681B68704A934240D0DA
:104CB000FB681B686E4A93423BD0FB681B686D4AD9
:104CC000934236D0FB681B686B4A934231D0FB6835
:104CD0001B686A4A93422CD0FB681B68684A93425F
:104CE00027D0FB681B68674A934222D0FB681B6889
:104CF000654A93421DD0FB681B68644A934218D0F2
:104D0000FB681B68624A934213D0FB681B68614AC8
:104D100093420ED0FB681B685F4A934209D0FB6840
:104D20001B685E4A934204D0FB681B685C4A93424E
:104D300001D1012300E00023002B0DD0FB685B6E46
:104D4000FA68926E5A60FB68DB6E002B04D0FB6839
:104D50001B6FFA68526F5A60FB681B68394A9342AE
:104D60004AD0FB681B68384A934245D0FB681B68F1
:104D7000364A934240D0FB681B68354A93423BD089
:104D8000FB681B68334A934236D0FB681B68324A83
:104D9000934231D0FB681B68304A93422CD0FB68A9
:104DA0001B682F4A934227D0FB681B682D4A934209
:104DB00022D0FB681B682C4A93421DD0FB681B68FD
:104DC0002A4A934218D0FB681B68294A934213D0A1
:104DD000FB681B68274A93420ED0FB681B68264A73
:104DE000934209D0FB681B68244A934204D0FB68B5
:104DF0001B68234A934201D1012300E00023002BCA
:104E000059D0FB68DB6D03F01F033F229A407B699A
:104E10009A60FB681B681A68FB681B6822F4802292
:104E20001A60FB681B683A685A60FB689B68402BF5
:104E300038D1FB681B687A689A60FB681B68BA689F
:104E4000DA6086E010000240280002404000024084
:104E5000580002407000024088000240A00002405A
:104E6000B8000240100402402804024040040240FE
:104E7000580402407004024088040240A00402402A
:104E8000B8040240085402581C54025830540258C6
:104E900044540258585402586C54025880540258D2
:104EA00094540258FB681B68BA689A60FB681B68D8
:104EB0007A68DA604DE0FB681B68294A934222D089
:104EC000FB681B68274A93421DD0FB681B68264A73
:104ED000934218D0FB681B68244A934213D0FB68A6
:104EE0001B68234A93420ED0FB681B68214A9342F9
:104EF00009D0FB681B68204A934204D0FB681B68FA
:104F00001E4A934201D1012300E00023002B20D050
:104F1000FB68DB6D03F01F0301229A403B695A6076
:104F2000FB681B683A685A60FB689B68402B08D195
:104F3000FB681B687A689A60FB681B68BA68DA606D
:104F400007E0FB681B68BA689A60FB681B687A68B0
:104F5000DA6000BF1C37BD465DF8047B704700BFB8
:104F6000085402581C5402583054025844540258F1
:104F7000585402586C5402588054025894540258A1
:104F800080B485B000AF78607B681B68424A93426A
:104F90004AD07B681B68414A934245D07B681B68B6
:104FA0003F4A934240D07B681B683E4A93423BD0C5
:104FB0007B681B683C4A934236D07B681B683B4A3F
:104FC000934231D07B681B68394A93422CD07B686E
:104FD0001B68384A934227D07B681B68364A934245
:104FE00022D07B681B68354A93421DD07B681B68C2
:104FF000334A934218D07B681B68324A934213D0DD
:105000007B681B68304A93420ED07B681B682F4A2E
:10501000934209D07B681B682D4A934204D07B6879
:105020001B682C4A934201D1012300E00023002B8E
:1050300024D07B681B68DBB2103B274AA2FB03230A
:105040001B09FB60FB6803F00703244AD35C1A4684
:105050007B68DA65FB68032B08D97B681B681A46F6
:105060001F4B13401A1D7B689A650DE07B681B6817
:105070001A461B4B13407A68936505E07B681B68F2
:1050800023F0FF027B689A657B689B6D1846143796
:10509000BD465DF8047B70471000024028000240C6
:1050A0004000024058000240700002408800024068
:1050B000A0000240B8000240100402402804024050
:1050C0004004024058040240700402408804024038
:1050D000A0040240B8040240ABAAAAAACC3A010834
:1050E00000FCFFFF80B485B000AF78600023FB7345
:1050F0007B689B69002B20D17B689B6A032B58D867
:1051000001A252F823F000BF195100082B510008EA
:1051100019510008B35100087B68DB6A03F0807303
:10512000002B48D00123FB7345E07B68DB6AB3F1B9
:10513000C07F42D10123FB733FE07B689B69B3F5DD
:10514000005F23D17B689B6A032B38D801A252F8F9
:1051500023F000BF655100086B510008655100083D
:105160007D5100080123FB7330E07B68DB6A03F0AC
:105170008073002B25D00123FB7322E07B68DB6A60
:10518000B3F1C07F1FD10123FB731CE07B689B6AD6
:10519000022B02D9032B03D018E00123FB7315E087
:1051A0007B68DB6A03F08073002B0ED00123FB7356
:1051B0000BE000BF0AE000BF08E000BF06E000BF50
:1051C00004E000BF02E000BF00E000BFFB7B184628
:1051D0001437BD465DF8047B704700BF80B485B0CE
:1051E00000AF78607B681B68BB607B681B68384ACF
:1051F000934222D07B681B68364A93421DD07B685D
:105200001B68354A934218D07B681B68334A934227
:1052100013D07B681B68324A93420ED07B681B68B0
:10522000304A934209D07B681B682F4A934204D0CE
:105230007B681B682D4A934201D1012300E00023C3
:10524000002B1AD07B681B68DBB2083B284AA2FB04
:1052500003231B09FB60FA68264B13449B001A4684
:105260007B681A667B68244A5A66FB6803F01F0352
:1052700001229A407B689A6624E07B681B68DBB257
:10528000103B1E4AA2FB03231B09FB60BB681C4AA0
:10529000934206D8BB681B4A934202D9FB68083385
:1052A000FB60FA68184B13449B001A467B681A6629
:1052B0007B68164A5A66FB6803F01F0301229A4076
:1052C0007B689A6600BF1437BD465DF8047B704763
:1052D000085402581C54025830540258445402587E
:1052E000585402586C54025880540258945402582E
:1052F000CDCCCCCC0096001680580258ABAAAAAAF6
:10530000B80402400F0402400082001080080240EE
:1053100080B485B000AF78607B685B68DBB2FB600F
:10532000FB68002B4AD0FB68082B47D87B681B68BA
:10533000254A934222D07B681B68244A93421DD0A1
:105340007B681B68224A934218D07B681B68214AFD
:10535000934213D07B681B681F4A93420ED07B6830
:105360001B681E4A934209D07B681B681C4A934203
:1053700004D07B681B681B4A934201D1012300E0E3
:105380000023002B0AD0FA68174B13449B001A46DF
:105390007B68DA667B68154A1A6709E0FA68144B7D
:1053A00013449B001A467B68DA667B68114A1A67C9
:1053B000FB68013B01229A407B685A6700BF1437A3
:1053C000BD465DF8047B7047085402581C540258CF
:1053D0003054025844540258585402586C540258DD
:1053E00080540258945402583F960016405902586F
:1053F0003F8200104009024080B489B000AF78605D
:1054000039600023FB61894B7B6194E13B681A683A
:105410000121FB6901FA03F313403B613B69002B57
:1054200000F086813B685B6803F00303012B05D025
:105430003B685B6803F00303022B30D17B689B68F9
:10544000BB61FB695B00032202FA03F3DB43BA6929
:105450001340BB613B68DA68FB695B0002FA03F347
:10546000BA691343BB617B68BA699A607B685B6801
:10547000BB610122FB6902FA03F3DB43BA69134003
:10548000BB613B685B681B0903F00102FB6902FA20
:1054900003F3BA691343BB617B68BA695A603B681E
:1054A0005B6803F00303032B17D07B68DB68BB61E9
:1054B000FB695B00032202FA03F3DB43BA69134082
:1054C000BB613B689A68FB695B0002FA03F3BA6947
:1054D0001343BB617B68BA69DA603B685B6803F0C1
:1054E0000303022B23D1FB69DA087B68083253F8E7
:1054F0002230BB61FB6903F007039B000F2202FA15
:1055000003F3DB43BA691340BB613B681A69FB696B
:1055100003F007039B0002FA03F3BA691343BB616C
:10552000FB69DA087B680832B96943F822107B68A6
:105530001B68BB61FB695B00032202FA03F3DB43D8
:10554000BA691340BB613B685B6803F00302FB6907
:105550005B0002FA03F3BA691343BB617B68BA6963
:105560001A603B685B6803F44033002B00F0E08076
:105570002F4BD3F8F4302E4A43F00203C2F8F43034
:105580002B4BD3F8F43003F00203FB60FB68294A8D
:10559000FB699B08023352F82330BB61FB6903F0BF
:1055A00003039B000F2202FA03F3DB43BA691340A3
:1055B000BB617B68204A934252D07B681F4A93426A
:1055C00031D07B681E4A93422BD07B681D4A9342A0
:1055D00025D07B681C4A93421FD07B681B4A9342AC
:1055E00019D07B681A4A934213D07B68194A9342B8
:1055F0000DD07B68184A934207D07B68174A9342C4
:1056000001D109232DE00A232BE0082329E00723F9
:1056100027E0062325E0052323E0042321E00323DC
:105620001FE002231DE001231BE000BF80000058A3
:1056300000440258000400580000025800040258B8
:1056400000080258000C02580010025800140258BA
:1056500000180258001C025800200258002402586A
:105660000023FA6902F0030292009340BA691343DF
:10567000BB613849FB699B080233BA6941F82320B2
:105680004FF0B0431B68BB613B69DB43BA69134011
:10569000BB613B685B6803F48013002B03D0BA69DD
:1056A0003B691343BB614FF0B042BB6913604FF0DD
:1056B000B0435B68BB613B69DB43BA691340BB61C4
:1056C0003B685B6803F40013002B03D0BA693B69A5
:1056D0001343BB614FF0B042BB6953607B695B68A9
:1056E000BB613B69DB43BA691340BB613B685B68E4
:1056F00003F40033002B03D0BA693B691343BB6149
:105700007B69BA695A607B691B68BB613B69DB4393
:10571000BA691340BB613B685B6803F48033002BBC
:1057200003D0BA693B691343BB617B69BA691A60EC
:10573000FB690133FB613B681A68FB6922FA03F3DA
:10574000002B7FF463AE00BF00BF2437BD465DF879
:10575000047B70470004005880B483B000AF7860C9
:105760000B467B8013467B707B78002B03D07A88B6
:105770007B689A6103E07B881A047B689A6100BFAA
:105780000C37BD465DF8047B7047000080B588B0DB
:1057900000AF78607B68002B01D101230DE17B68AD
:1057A00093F84D30DBB2002B06D17B68002283F8E2
:1057B0004C207868FBF7BAFD7B68022283F84D2005
:1057C0007B681B681B6803F00103012B07D17B6812
:1057D0001B681A687B681B6822F001021A607B68EC
:1057E0001B6800221A657B685B68042B08D07B6805
:1057F0005B68062B04D07B685B680A2B40F08780CF
:105800007B685B69022B5AD07B68DB68002B02D077
:1058100002237B6101E001237B617B689B68302B65
:1058200003D07B689B68B02B02D10123FB6001E0B1
:105830000023FB604FF480504FF0000102F0F4FBB6
:10584000B8607B681B69B3F1007F13D14FF480729D
:10585000FB6822FA03F3BA68B2FBF3F213469B002B
:1058600013445B001A467B685B69B2FBF3F30533B4
:105870003B6114E02022FB6822FA03F37A6902FB01
:1058800003F3BA68B2FBF3F213469B0013445B00C8
:105890001A467B685B69B2FBF3F305333B613B69F6
:1058A000484AA2FB0323DB083B613B6903F0010389
:1058B000BB613A69BB69D31A5B08FB6103E0022351
:1058C000FB610023BB61BB69012B02D1FB69012B8A
:1058D00002D0FB69FF2B07D97B681B6D43F01002D8
:1058E0007B681A65012368E0FB69002B01D1012365
:1058F000BB617B681B681A6D334B1340FA69110456
:10590000BA69120611437A6812680B4313657B6803
:105910001B681A6D2D4B13407A6851687A6892683B
:1059200011437A68D26811437A68926911437A68A0
:10593000126A11437A68526A11437A6812690A43FB
:105940001A437B681B6842F001021A657B681B687A
:1059500040F6F8729A617B681B681A687B681B685E
:1059600022F480321A607B681B68DB6823F4000134
:105970007B68DA697B681B680A43DA607B685B686E
:10598000042B07D07B685B68062B03D07B685B68C1
:105990000A2B0AD17B681B68DB6823F000417B6817
:1059A0009A6A7B681B680A43DA607B6800221A6582
:1059B0007B68012283F84D20002318462037BD461E
:1059C00080BD00BFCDCCCCCCFFFF00FE4090FFFDE2
:1059D00080B586B000AFF860B9601346FB80002345
:1059E000FB75BB68002B02D0FB88002B01D1012383
:1059F00086E0FB6893F84D30DBB2012B01D0022327
:105A00007EE0FB6893F84C30DBB2012B01D102231E
:105A100076E0FB68012283F84C20FB68042283F8BF
:105A20004D20FB6800221A65FB68BA685A63FB6860
:105A3000FA881A87FB68FA885A87FB680022DA62BC
:105A4000FB6800221A86FB6800225A86FB689B6C62
:105A50002D4A1A64FB689B6C2C4ADA63FB689B6CCA
:105A60002B4ADA64FB68986CFB681B683033194674
:105A7000FB685B6B1A46FB685B8F9BB2FDF7DCF93A
:105A80000346002B11D0FB681B6D43F00802FB6836
:105A90001A65FB68012283F84D200123FB75FB6822
:105AA000002283F84C20FB7D2AE0FB681B689B6882
:105AB00003F48043002B07D1FB681B689A68FB68DE
:105AC0001B6842F480429A60FB681B681B6803F005
:105AD0000103002B07D1FB681B681A68FB681B6871
:105AE00042F001021A60FB681B681A68FB681B68B9
:105AF00042F400721A60FB68002283F84C20FB7DA0
:105B000018461837BD4680BD6B5B0008295B00084E
:105B1000875B000880B483B000AF786000BF0C37AB
:105B2000BD465DF8047B704780B584B000AF7860F7
:105B30007B689B6BFB607B68DB69002B0ED1FB688D
:105B40001B689A68FB681B6822F480429A60FB68B5
:105B500000225A87FB68012283F84D20F868FBF782
:105B600075F800BF1037BD4680BD80B584B000AF6A
:105B700078607B689B6BFB60F868FBF72DF800BFD3
:105B80001037BD4680BD80B584B000AF78607B68BB
:105B90009B6BFB60FB681B689A68FB681B6822F4C0
:105BA00040429A60FB6800225A86FB6800225A87AE
:105BB000FB68012283F84D20FB681B6D43F008024F
:105BC000FB681A65F868FFF7A5FF00BF1037BD46F0
:105BD00080BD000080B584B000AF7860194BDB68F1
:105BE00003F00403042B0AD0164BDB6803F0070311
:105BF0007A689A4201D001231FE000231DE0114B77
:105C0000DB6823F007020F497B681343CB60FCF786
:105C100001FCF86009E0FCF7FDFB0246FB68D31AC3
:105C2000B3F57A7F01D9012307E0064B5B6803F4E3
:105C30000053B3F5005FEED1002318461037BD4680
:105C400080BD00BF0048025880B58CB000AF7860BE
:105C50007B68002B02D1012300F048BC7B681B68E5
:105C600003F00103002B00F08880994B1B6903F0BF
:105C70003803FB62964B9B6ABB62FB6A102B07D012
:105C8000FB6A182B11D1BB6A03F00303022B0CD162
:105C90008F4B1B6803F40033002B6DD07B685B686F
:105CA000002B69D1012300F021BC7B685B68B3F550
:105CB000803F06D1864B1B68854A43F480331360CE
:105CC0002EE07B685B68002B0CD1814B1B68804AFF
:105CD00023F4803313607E4B1B687D4A23F48023BA
:105CE00013601DE07B685B68B3F5A02F0CD1784B87
:105CF0001B68774A43F480231360754B1B68744A12
:105D000043F4803313600BE0714B1B68704A23F43B
:105D1000803313606E4B1B686D4A23F4802313603D
:105D20007B685B68002B13D0FCF774FB786208E09B
:105D3000FCF770FB02467B6AD31A642B01D903235C
:105D4000D4E3634B1B6803F40033002BF0D014E062
:105D5000FCF760FB786208E0FCF75CFB02467B6ABC
:105D6000D31A642B01D90323C0E3594B1B6803F4F6
:105D70000033002BF0D100E000BF7B681B6803F00C
:105D80000203002B00F0CA80514B1B6903F038035B
:105D90003B624F4B9B6AFB613B6A002B07D03B6A1F
:105DA000182B56D1FB6903F00303002B51D1484B4C
:105DB0001B6803F00403002B05D07B68DB68002B15
:105DC00001D1012392E3424B1B6823F019027B6847
:105DD000DB683F4913430B60FCF71CFB786208E06B
:105DE000FCF718FB02467B6AD31A022B01D9032366
:105DF0007CE3374B1B6803F00403002BF0D0FCF767
:105E000015FB034641F20302934217D87B681B69D6
:105E1000402B08D12E4B5B6823F47C332C4A43F48F
:105E2000003353607AE02A4B5B6823F47C327B6852
:105E30001B691B03264913434B606FE0244B5B68CF
:105E400023F0FE427B681B691B06214913434B600C
:105E500064E07B68DB68002B47D01D4B1B6823F098
:105E600019027B68DB681A4913430B60FCF7D2FA0E
:105E7000786208E0FCF7CEFA02467B6AD31A022B5E
:105E800001D9032332E3124B1B6803F00403002BF8
:105E9000F0D0FCF7CBFA034641F20302934219D843
:105EA0007B681B69402B08D1094B5B6823F47C336A
:105EB000074A43F40033536030E0054B5B6823F43A
:105EC0007C327B681B691B03014913434B6025E04F
:105ED000004402589A4B5B6823F0FE427B681B69C2
:105EE0001B06974913434B6018E0954B1B68944A77
:105EF00023F001031360FCF78DFA786208E0FCF7E9
:105F000089FA02467B6AD31A022B01D90323EDE2F8
:105F10008B4B1B6803F00403002BF0D17B681B68DC
:105F200003F01003002B00F0A980854B1B6903F0E0
:105F30003803BB61824B9B6A7B61BB69082B07D02E
:105F4000BB69182B3AD17B6903F00303012B35D1D0
:105F50007B4B1B6803F48073002B05D07B68DB69E7
:105F6000802B01D00123C1E2FCF760FA034641F225
:105F70000302934217D87B681B6A202B08D1704B11
:105F80005B6823F0F8436E4A43F08043536075E04A
:105F90006B4B5B6823F0F8427B681B6A9B06684981
:105FA00013434B606AE0664BDB6823F07C527B68EE
:105FB0001B6A1B0662491343CB605FE07B68DB69A9
:105FC000002B42D05E4B1B685D4A43F08003136098
:105FD000FCF720FA786208E0FCF71CFA02467B6ABC
:105FE000D31A022B01D9032380E2554B1B6803F41B
:105FF0008073002BF0D0FCF719FA034641F203023C
:10600000934217D87B681B6A202B08D14C4B5B68E6
:1060100023F0F8434A4A43F0804353602EE0484B54
:106020005B6823F0F8427B681B6A9B064449134374
:106030004B6023E0424BDB6823F07C527B681B6A99
:106040001B063F491343CB6018E03D4B1B683C4A9D
:1060500023F080031360FCF7DDF9786208E0FCF7B9
:10606000D9F902467B6AD31A022B01D903233DE2F8
:10607000334B1B6803F48073002BF0D17B681B68E3
:1060800003F00803002B36D07B685B69002B19D026
:106090002B4B5B6F2A4A43F001035367FCF7BAF9B5
:1060A000786208E0FCF7B6F902467B6AD31A022B45
:1060B00001D903231AE2224B5B6F03F00203002B8A
:1060C000F0D018E01E4B5B6F1D4A23F001035367AD
:1060D000FCF7A0F9786208E0FCF79CF902467B6ABD
:1060E000D31A022B01D9032300E2154B5B6F03F097
:1060F0000203002BF0D17B681B6803F02003002B08
:1061000039D07B689B69002B1CD00D4B1B680C4A57
:1061100043F480531360FCF77DF9786208E0FCF7E4
:1061200079F902467B6AD31A022B01D90323DDE1F8
:10613000034B1B6803F40053002BF0D01BE000BF9F
:10614000004402589B4B1B689A4A23F48053136007
:10615000FCF760F9786208E0FCF75CF902467B6ABC
:10616000D31A022B01D90323C0E1924B1B6803F41D
:106170000053002BF0D17B681B6803F00403002B55
:1061800000F081808C4B1B688B4A43F48073136052
:10619000FCF740F9786208E0FCF73CF902467B6ABC
:1061A000D31A642B01D90323A0E1834B1B6803F4AA
:1061B0008073002BF0D07B689B68012B06D17D4B50
:1061C0001B6F7C4A43F0010313672DE07B689B68DB
:1061D000002B0CD1774B1B6F764A23F0010313671A
:1061E000744B1B6F734A23F0040313671CE07B6836
:1061F0009B68052B0CD16F4B1B6F6E4A43F0040359
:1062000013676C4B1B6F6B4A43F0010313670BE082
:10621000684B1B6F674A23F001031367654B1B6FC5
:10622000644A23F0040313677B689B68002B15D036
:10623000FCF7F0F878620AE0FCF7ECF802467B6ABB
:10624000D31A41F28832934201D903234EE1594BCC
:106250001B6F03F00203002BEED014E0FCF7DAF81A
:1062600078620AE0FCF7D6F802467B6AD31A41F25C
:106270008832934201D9032338E14E4B1B6F03F060
:106280000203002BEED17B685B6A002B00F02D81AE
:10629000484B1B6903F03803182B00F0BD807B6866
:1062A0005B6A022B40F09E80424B1B68414A23F000
:1062B00080731360FCF7AEF8786208E0FCF7AAF888
:1062C00002467B6AD31A022B01D903230EE1394B14
:1062D0001B6803F00073002BF0D1364B9A6A374BE2
:1062E00013407A68916A7A68D26A12010A43314986
:1062F00013438B627B681B6B013BC3F308027B6813
:106300005B6B013B5B029BB21A437B689B6B013B5F
:106310001B0403F4FE031A437B68DB6B013B1B0683
:1063200003F0FE43234913430B63224BDB6A214AEC
:1063300023F00103D3621F4B5A6B214B13407A6841
:10634000926CD2001B4913434B631A4BDB6A23F058
:106350000C027B681B6C17491343CB62154BDB6A3D
:1063600023F002027B685B6C12491343CB62114B32
:10637000DB6A104A43F48033D3620E4BDB6A0D4A6A
:1063800043F40033D3620B4BDB6A0A4A43F48023A5
:10639000D362084BDB6A074A43F00103D362054B23
:1063A0001B68044A43F080731360FCF733F878628B
:1063B00011E000BF00440258004802580CFCFFFFE7
:1063C0000700FFFFFCF726F802467B6AD31A022B70
:1063D00001D903238AE0474B1B6803F00073002BAD
:1063E000F0D082E0434B1B68424A23F08073136075
:1063F000FCF710F8786208E0FCF70CF802467B6ABC
:10640000D31A022B01D9032370E03A4B1B6803F027
:106410000073002BF0D168E0364B9B6A3B61354B33
:106420001B6BFB607B685B6A012B31D03B6903F01F
:1064300003027B689B6A9A422AD13B691B0903F0DD
:106440003F027B68DB6A9A4222D1FB68C3F30802F1
:106450007B681B6B013B9A421AD1FB685B0A03F015
:106460007F027B685B6B013B9A4211D1FB681B0C7E
:1064700003F07F027B689B6B013B9A4208D1FB686B
:106480001B0E03F07F027B68DB6B013B9A4201D05D
:1064900001232BE0174B5B6BDB08C3F30C033B6161
:1064A0007B689B6C3A699A421FD0124BDB6A114A97
:1064B00023F00103D362FBF7ADFF786200BFFBF767
:1064C000A9FF02467B6A9342F9D00A4B5A6B0A4BEA
:1064D00013407A68926CD200064913434B63054B14
:1064E000DB6A044A43F00103D362002318463037C5
:1064F000BD4680BD004402580700FFFF80B586B04E
:1065000000AF786039607B68002B01D101239CE1EA
:106510008A4B1B6803F00F033A689A4210D9874BE5
:106520001B6823F00F0285493B6813430B60834BC4
:106530001B6803F00F033A689A4201D0012384E1FB
:106540007B681B6803F00403002B10D07B681A697A
:106550007B4B9B6903F070039A4208D9784B9B6987
:1065600023F070027B681B69754913438B617B685C
:106570001B6803F00803002B10D07B685A69704B2E
:10658000DB6903F070039A4208D96D4BDB6923F095
:1065900070027B685B696A491343CB617B681B6847
:1065A00003F01003002B10D07B689A69644BDB6901
:1065B00003F4E0639A4208D9614BDB6923F4E0629B
:1065C0007B689B695E491343CB617B681B6803F062
:1065D0002003002B10D07B68DA69594B1B6A03F04B
:1065E00070039A4208D9564B1B6A23F070027B68ED
:1065F000DB69534913430B627B681B6803F002039A
:10660000002B10D07B68DA684D4B9B6903F00F03B9
:106610009A4208D94A4B9B6923F00F027B68DB68DA
:10662000474913438B617B681B6803F00103002B10
:1066300055D0434B9B6923F470627B689B6840494B
:1066400013438B617B685B68022B07D13C4B1B6853
:1066500003F40033002B21D10123F6E07B685B6853
:10666000032B07D1364B1B6803F00073002B15D1A9
:106670000123EAE07B685B68012B07D1304B1B6884
:1066800003F48073002B09D10123DEE02C4B1B683F
:1066900003F00403002B01D10123D6E0284B1B6932
:1066A00023F007027B685B68254913430B61FBF706
:1066B000B1FE78610AE0FBF7ADFE02467B69D31AB2
:1066C00041F28832934201D90323BEE01C4B1B697F
:1066D00003F038027B685B68DB009A42EBD17B6891
:1066E0001B6803F00203002B10D07B68DA68144BA0
:1066F0009B6903F00F039A4208D2114B9B6923F068
:106700000F027B68DB680E4913438B610B4B1B68E0
:1067100003F00F033A689A4214D2084B1B6823F027
:106720000F0206493B6813430B60044B1B6803F0E0
:106730000F033A689A4205D0012386E000200052F8
:10674000004402587B681B6803F00403002B10D040
:106750007B681A693F4B9B6903F070039A4208D229
:106760003C4B9B6923F070027B681B6939491343DA
:106770008B617B681B6803F00803002B10D07B68DB
:106780005A69344BDB6903F070039A4208D2314BEB
:10679000DB6923F070027B685B692E491343CB6190
:1067A0007B681B6803F01003002B10D07B689A698C
:1067B000284BDB6903F4E0639A4208D2254BDB697E
:1067C00023F4E0627B689B6922491343CB617B68B9
:1067D0001B6803F02003002B10D07B68DA691D4B87
:1067E0001B6A03F070039A4208D21A4B1B6A23F00B
:1067F00070027B68DB69174913430B6200F034F8C1
:106800000246144B9B691B0A03F00F031249CB5C31
:1068100003F01F0322FA03F33B610E4B9B6903F065
:106820000F030D4AD35C03F01F033A6922FA03F306
:106830000A4A13600A4A3B6913600A4B1B681846F0
:10684000FBF79EFD0346FB73FB7B18461837BD46DE
:1068500080BD00BF00440258BC3A01082C0000244F
:10686000280000243000002480B489B000AFB34B6E
:106870001B6903F03803182B00F2558101A252F86E
:1068800023F000BFE9680008276B0008276B0008A9
:10689000276B0008276B0008276B0008276B000890
:1068A000276B00080F690008276B0008276B00089A
:1068B000276B0008276B0008276B0008276B000870
:1068C000276B000815690008276B0008276B000874
:1068D000276B0008276B0008276B0008276B000850
:1068E000276B00081B690008944B1B6803F020030A
:1068F000002B09D0914B1B68DB0803F00303904A7F
:1069000022FA03F3BB6111E18D4BBB610EE18D4BAC
:10691000BB610BE18C4BBB6108E1884B9B6A03F0C8
:1069200003037B61854B9B6A1B0903F03F033B61BB
:10693000824BDB6A03F00103FB60804B5B6BDB087F
:10694000C3F30C03FA6802FB03F307EE903AF8EE88
:10695000677AC7ED027A3B69002B00F0E1807B6922
:10696000022B00F083807B69022B00F2A1807B69FF
:10697000002B03D07B69012B56D099E06F4B1B682D
:1069800003F02003002B2DD06C4B1B68DB0803F0B9
:1069900003036B4A22FA03F37B607B6807EE903AAD
:1069A000F8EE676A3B6907EE903AF8EE677A86EE92
:1069B000A77A624B1B6BC3F3080307EE903AF8EE1D
:1069C000676A97ED026ADFED615AC6EE257A76EEC8
:1069D000A77AF7EE006A77EEA67A67EE277AC7ED18
:1069E000077A87E03B6907EE903AF8EE677ADFEDC9
:1069F000586A86EEA77A514B1B6BC3F3080307EE68
:106A0000903AF8EE676A97ED026ADFED505AC6EEEB
:106A1000257A76EEA77AF7EE006A77EEA67A67EE29
:106A2000277AC7ED077A65E03B6907EE903AF8EE02
:106A3000677ADFED486A86EEA77A404B1B6BC3F39B
:106A4000080307EE903AF8EE676A97ED026ADFED09
:106A50003F5AC6EE257A76EEA77AF7EE006A77EE11
:106A6000A67A67EE277AC7ED077A43E03B6907EE1F
:106A7000903AF8EE677ADFED386A86EEA77A2F4B08
:106A80001B6BC3F3080307EE903AF8EE676A97EDC5
:106A9000026ADFED2E5AC6EE257A76EEA77AF7EE79
:106AA000006A77EEA67A67EE277AC7ED077A21E0CB
:106AB0003B6907EE903AF8EE677ADFED266A86EEDC
:106AC000A77A1E4B1B6BC3F3080307EE903AF8EE50
:106AD000676A97ED026ADFED1D5AC6EE257A76EEFB
:106AE000A77AF7EE006A77EEA67A67EE277AC7ED07
:106AF000077A00BF114B1B6B5B0A03F07F03013366
:106B00003B603B6807EE903AB8EE677AD7ED076ACC
:106B1000C6EE877AFCEEE77A17EE903ABB6105E0A5
:106B20000023BB6102E0074BBB6100BFBB69184695
:106B30002437BD465DF8047B704700BF004402580F
:106B40000090D00300093D0040787D010000004620
:106B50000024744C0024744A20BCBE4B80B582B023
:106B600000AFFFF781FE0246104B9B691B0A03F042
:106B70000F030F49CB5C03F01F0322FA03F37B6082
:106B80000A4B9B6903F00F03094AD35C03F01F0310
:106B90007A6822FA03F3074A1360074A7B68136096
:106BA000044B1B6818460837BD4680BD0044025898
:106BB000BC3A01082C0000242800002480B500AF56
:106BC000FFF7CCFF0246064BDB691B0903F0070306
:106BD0000449CB5C03F01F0322FA03F3184680BD7F
:106BE00000440258BC3A010880B500AFFFF7B6FF79
:106BF0000246064BDB691B0A03F007030449CB5C22
:106C000003F01F0322FA03F3184680BD0044025824
:106C1000BC3A01082DE9B04FCAB000AFC7F8140163
:106C2000002387F82731002387F82631D7F814315D
:106C3000D3E9002302F00064002554EA050349D09B
:106C4000D7F814319B6EB3F5401F2FD0B3F5401F1A
:106C500028D8B3F5001F1AD0B3F5001F22D8002B97
:106C600003D0B3F5801F07D01CE0B84BDB6AB74AEE
:106C700043F40033D3621AE0D7F814310833022109
:106C8000184602F061FB034687F827310FE0D7F87A
:106C9000143128330221184602F008FC034687F815
:106CA000273104E0012387F8273100E000BF97F87F
:106CB0002731002B0AD1A54B1B6D23F44011D7F8C7
:106CC00014319B6EA14A0B43136503E097F82731FB
:106CD00087F82631D7F81431D3E9002302F48078FD
:106CE0004FF0000958EA090347D0D7F814319B6DDB
:106CF000042B2AD801A252F823F000BF116D00081E
:106D00001F6D0008356D0008536D0008536D0008B5
:106D10008E4BDB6A8D4A43F40033D3621AE0D7F816
:106D2000143108330021184602F00EFB034687F8A1
:106D300027310FE0D7F8143128330021184602F02C
:106D4000B5FB034687F8273104E0012387F8273194
:106D500000E000BF97F82731002B0AD17B4B1B6D59
:106D600023F00701D7F814319B6D784A0B43136564
:106D700003E097F8273187F82631D7F81431D3E9A3
:106D8000002302F4007A4FF0000B5AEA0B034CD0B8
:106D9000D7F81431DB6DB3F5807F30D0B3F5807F49
:106DA00029D8C02B2DD0C02B25D8802B18D0802BD4
:106DB00021D8002B02D0402B07D01CE0634BDB6AAC
:106DC000624A43F40033D3621CE0D7F8143108332D
:106DD0000021184602F0B8FA034687F8273111E07F
:106DE000D7F8143128330021184602F05FFB034620
:106DF00087F8273106E0012387F8273102E000BF3A
:106E000000E000BF97F82731002B0AD14F4B1B6DD4
:106E100023F4E071D7F81431DB6D4C4A0B43136552
:106E200003E097F8273187F82631D7F81431D3E9F2
:106E3000002302F48063C7F808310023C7F80C313F
:106E4000D7E942120B46134353D0D7F81431D3F885
:106E5000A830B3F5000F35D0B3F5000F2ED8B3F539
:106E6000C00F31D0B3F5C00F28D8B3F5800F1AD0BA
:106E7000B3F5800F22D8002B03D0B3F5001F07D045
:106E80001CE0324BDB6A314A43F40033D3621CE02E
:106E9000D7F8143108330021184602F055FA03469A
:106EA00087F8273111E0D7F814312833002118462C
:106EB00002F0FCFA034687F8273106E0012387F841
:106EC000273102E000BF00E000BF97F82731002B18
:106ED0000BD11E4B9B6D23F46001D7F81431D3F80E
:106EE000A8301A4A0B43936503E097F8273187F8D7
:106EF0002631D7F81431D3E9002302F40063C7F830
:106F000000310023C7F80431D7E940120B46134380
:106F100056D0D7F81431D3F8AC30B3F1806F38D0F5
:106F2000B3F1806F31D8B3F1407F34D0B3F1407FFB
:106F30002BD8B3F1007F1DD0B3F1007F25D8002BF3
:106F400006D0B3F1807F0AD01FE000BF0044025892
:106F5000A24BDB6AA14A43F40033D3621CE0D7F8AA
:106F6000143108330021184602F0EEF9034687F881
:106F7000273111E0D7F8143128330021184602F0E8
:106F800095FA034687F8273106E0012387F8273171
:106F900002E000BF00E000BF97F82731002B0BD1C3
:106FA0008E4B9B6D23F0E061D7F81431D3F8AC30F1
:106FB0008A4A0B43936503E097F8273187F8263117
:106FC000D7F81431D3E9002302F00073C7F8F83082
:106FD0000023C7F8FC30D7E93E120B4613433AD0E2
:106FE000D7F81431DB6C302B1FD0302B19D8202B65
:106FF0000CD0202B15D8002B19D0102B11D1774B8A
:10700000DB6A764A43F40033D36211E0D7F81431D7
:1070100008330221184602F097F9034687F8273112
:1070200006E0012387F8273102E000BF00E000BF3F
:1070300097F82731002B0AD1684BDB6C23F0300125
:10704000D7F81431DB6C654A0B43D36403E097F83F
:10705000273187F82631D7F81431D3E9002302F419
:107060008053C7F8F0300023C7F8F430D7E93C125A
:107070000B46134351D0D7F814311B6EB3F5804F34
:1070800035D0B3F5804F2ED8B3F5405F31D0B3F58E
:10709000405F28D8B3F5005F1AD0B3F5005F22D85F
:1070A000002B03D0B3F5805F07D01CE04B4BDB6AAD
:1070B0004A4A43F40033D3621CE0D7F81431083352
:1070C0000021184602F040F9034687F8273111E005
:1070D000D7F8143128330021184602F0E7F90346A7
:1070E00087F8273106E0012387F8273102E000BF47
:1070F00000E000BF97F82731002B0AD1374B1B6DFA
:1071000023F4E041D7F814311B6E344A0B43136566
:1071100003E097F8273187F82631D7F81431D3E9FF
:10712000002302F40053C7F8E8300023C7F8EC301E
:10713000D7E93A120B46134356D0D7F814315B6E99
:10714000B3F5A02F33D0B3F5A02F2CD8B3F5802FF3
:107150002FD0B3F5802F26D8B3F5403F2BD0B3F511
:10716000403F20D8B3F5003F12D0B3F5003F1AD806
:10717000002B22D0B3F5803F15D1D7F81431083356
:107180000121184602F0E0F8034687F8273115E0A0
:10719000D7F8143128330121184602F087F9034645
:1071A00087F827310AE0012387F8273106E000BF7E
:1071B00004E000BF02E000BF00E000BF97F8273105
:1071C000002B0DD1054B1B6D23F4E021D7F81431B2
:1071D0005B6E024A0B43136506E000BF0044025891
:1071E00097F8273187F82631D7F81431D3E90023EF
:1071F00002F48043C7F8E0300023C7F8E430D7E951
:1072000038120B46134355D0D7F81431D3F8B030A9
:10721000B3F1A04F33D0B3F1A04F2CD8B3F1804FCE
:107220002FD0B3F1804F26D8B3F1405F2BD0B3F10C
:10723000405F20D8B3F1005F12D0B3F1005F1AD8DD
:10724000002B22D0B3F1805F15D1D7F81431083369
:107250000121184602F078F8034687F8273115E037
:10726000D7F8143128330121184602F01FF90346DC
:1072700087F827310AE0012387F8273106E000BFAD
:1072800004E000BF02E000BF00E000BF97F8273134
:10729000002B0BD1A34B9B6D23F0E041D7F81431A9
:1072A000D3F8B0309F4A0B43936503E097F827313A
:1072B00087F82631D7F81431D3E9002302F40043CC
:1072C000C7F8D8300023C7F8DC30D7E936120B46B0
:1072D000134337D0D7F814311B6FB3F1005F0ED0D2
:1072E000B3F1005F16D8002B18D0B3F1805F11D135
:1072F0008C4BDB6A8B4A43F40033D3620FE0D7F840
:10730000143108330121184602F01EF8034687F8AD
:10731000273104E0012387F8273100E000BF97F808
:107320002731002B0AD17F4B1B6D23F04051D7F83A
:1073300014311B6F7B4A0B43136503E097F8273129
:1073400087F82631D7F81431D3E9002302F080738F
:10735000C7F8D0300023C7F8D430D7E934120B4631
:10736000134339D0D7F814319B6C032B1CD801A2DE
:1073700052F823F0B1730008857300089373000876
:10738000B1730008674BDB6A664A43F40033D3628B
:107390000FE0D7F8143108330221184601F0D4FF6A
:1073A000034687F8273104E0012387F8273100E0FE
:1073B00000BF97F82731002B0AD15A4BDB6C23F022
:1073C0000301D7F814319B6C564A0B43D36403E096
:1073D00097F8273187F82631D7F81431D3E90023FD
:1073E00002F48003C7F8C8300023C7F8CC30D7E9CF
:1073F00032120B46134300F09F804B4B1B684A4AE6
:1074000043F480731360FBF705F8C7F820010BE025
:10741000FBF700F80246D7F82031D31A642B03D9C2
:10742000032387F8273105E03F4B1B6803F4807383
:10743000002BEDD097F82731002B79D1394B1A6FFB
:10744000D7F81431D3F8B430534003F44073002B11
:1074500015D0344B1B6F23F44073C7F81C31314BEC
:107460001B6F304A43F4803313672E4B1B6F2D4A3A
:1074700023F4803313672B4AD7F81C311367D7F8EE
:107480001431D3F8B430B3F5807F18D1FAF7C2FFC6
:10749000C7F820010DE0FAF7BDFF0246D7F820310A
:1074A000D21A41F288339A4203D9032387F827314D
:1074B00005E01C4B1B6F03F00203002BEBD097F889
:1074C0002731002B29D1D7F81431D3F8B43003F485
:1074D0004073B3F5407F0ED1124B1B6923F47C51EE
:1074E000D7F81431D3F8B4301A09104B13400D4AB1
:1074F0000B43136105E00B4B1B690A4A23F47C53D1
:107500001361084B196FD7F81431D3F8B430C3F3B3
:107510000B03044A0B4313670EE097F8273187F8F3
:10752000263109E00044025800480258CFFFFF000E
:1075300097F8273187F82631D7F81431D3E900239B
:1075400002F00103C7F8C0300023C7F8C430D7E900
:1075500030120B46134300F08980D7F81431DB6FEB
:10756000282B6BD801A252F823F000BF4576000803
:107570003D7600083D7600083D7600083D7600081F
:107580003D7600083D7600083D760008117600083B
:107590003D7600083D7600083D7600083D760008FF
:1075A0003D7600083D7600083D7600082776000805
:1075B0003D7600083D7600083D7600083D760008DF
:1075C0003D7600083D7600083D76000845760008C7
:1075D0003D7600083D7600083D7600083D760008BF
:1075E0003D7600083D7600083D76000845760008A7
:1075F0003D7600083D7600083D7600083D7600089F
:107600003D7600083D7600083D7600084576000886
:10761000D7F8143108330121184601F095FE0346CE
:1076200087F827310FE0D7F81431283301211846A5
:1076300001F03CFF034687F8273104E0012387F877
:10764000273100E000BF97F82731002B0AD1BF4B4C
:107650005B6D23F03801D7F81431DB6FBB4A0B4365
:10766000536503E097F8273187F82631D7F81431AE
:10767000D3E9002302F00203C7F8B8300023C7F8AB
:10768000BC30D7E92E120B46134341D0D7F8143142
:107690009B6F052B24D801A252F823F0E97600084D
:1076A000B5760008CB760008E9760008E976000890
:1076B000E9760008D7F8143108330121184601F0A3
:1076C00043FE034687F827310FE0D7F814312833FB
:1076D0000121184601F0EAFE034687F8273104E04D
:1076E000012387F8273100E000BF97F82731002BEE
:1076F0000AD1964B5B6D23F00701D7F814319B6FCD
:10770000924A0B43536503E097F8273187F82631F7
:10771000D7F81431D3E9002302F00403C7F8B030DE
:107720000023C7F8B430D7E92C120B46134344D0DA
:10773000D7F81431D3F89430052B25D801A252F88C
:1077400023F000BF917700085D7700087377000889
:10775000917700089177000891770008D7F81431E5
:1077600008330121184601F0EFFD034687F8273161
:107770000FE0D7F8143128330121184601F096FEA6
:10778000034687F8273104E0012387F8273100E01A
:1077900000BF97F82731002B0BD16C4B9B6D23F06A
:1077A0000701D7F81431D3F89430684A0B43936536
:1077B00003E097F8273187F82631D7F81431D3E959
:1077C000002302F02003C7F8A8300023C7F8AC302C
:1077D000D7E92A120B46134355D0D7F81431D3F802
:1077E0009030B3F1A04F33D0B3F1A04F2CD8B3F108
:1077F000804F2FD0B3F1804F26D8B3F1405F2BD00C
:10780000B3F1405F20D8B3F1005F12D0B3F1005F55
:107810001AD8002B22D0B3F1805F15D1D7F81431DC
:1078200008330021184601F08FFD034687F8273101
:1078300015E0D7F8143128330221184601F036FE3E
:10784000034687F827310AE0012387F8273106E04D
:1078500000BF04E000BF02E000BF00E000BF97F8F7
:107860002731002B0BD1394B5B6D23F0E041D7F86A
:107870001431D3F89030354A0B43536503E097F841
:10788000273187F82631D7F81431D3E9002302F0E5
:107890004003C7F8A0300023C7F8A430D7E9281266
:1078A0000B46134358D0D7F81431D3F89C30B3F5B6
:1078B000A05F33D0B3F5A05F2CD8B3F5805F2FD095
:1078C000B3F5805F26D8B3F5406F2BD0B3F5406F8A
:1078D00020D8B3F5006F12D0B3F5006F1AD8002B83
:1078E00022D0B3F5806F15D1D7F8143108330021B9
:1078F000184601F029FD034687F8273115E0D7F82F
:10790000143128330221184601F0D0FD034687F8D0
:1079100027310AE0012387F8273106E000BF04E0A1
:1079200000BF02E000BF00E000BF97F82731002B46
:107930000ED1064B9B6D23F4E051D7F81431D3F8E8
:107940009C30024A0B43936506E000BF0044025896
:1079500097F8273187F82631D7F81431D3E9002377
:1079600002F08003C7F898300023C7F89C30D7E9AD
:1079700026120B46134355D0D7F81431D3F8A03054
:10798000B3F5204F33D0B3F5204F2CD8B3F5004FCB
:107990002FD0B3F5004F26D8B3F5C04F2BD0B3F599
:1079A000C04F20D8B3F5804F12D0B3F5804F1AD80E
:1079B000002B22D0B3F5005F15D1D7F8143108336E
:1079C0000021184601F0C0FC034687F8273115E076
:1079D000D7F8143128330221184601F067FD034619
:1079E00087F827310AE0012387F8273106E000BF36
:1079F00004E000BF02E000BF00E000BF97F82731BD
:107A0000002B0BD1A14B9B6D23F46041D7F81431AF
:107A1000D3F8A0309D4A0B43936503E097F82731D4
:107A200087F82631D7F81431D3E9002302F0080390
:107A3000C7F890300023C7F89430D7E924120B46DA
:107A400013431ED0D7F81431D3F88430B3F5805FD8
:107A50000CD1D7F8143128330221184601F026FD45
:107A60000346002B02D0012387F82631874B5B6D3C
:107A700023F44051D7F81431D3F88430834A0B43B0
:107A80005365D7F81431D3E9002302F01003C7F887
:107A900088300023C7F88C30D7E922120B461343F5
:107AA0001ED0D7F81431D3F89830B3F5807F0CD1BD
:107AB000D7F8143128330221184601F0F7FC0346A9
:107AC000002B02D0012387F82631704B9B6D23F4E5
:107AD0004071D7F81431D3F898306C4A0B43936552
:107AE000D7F81431D3E9002302F40023C7F880301B
:107AF0000023C7F88430D7E920120B4613433ED049
:107B0000D7F81431D3F8A430B3F5003F22D0B3F541
:107B1000003F1BD8002B03D0B3F5803F0BD015E0FE
:107B2000D7F8143108330021184601F00DFC034644
:107B300087F827310FE0D7F814312833022118468F
:107B400001F0B4FC034687F8273104E0012387F8ED
:107B5000273100E000BF97F82731002B0BD14B4BAA
:107B60009B6D23F44031D7F81431D3F8A430474A41
:107B70000B43936503E097F8273187F82631D7F850
:107B80001431D3E9002302F48023BB670023FB6791
:107B9000D7E91E120B4613433BD0D7F81431D3F864
:107BA0008830B3F5401F1FD0B3F5401F18D8B3F588
:107BB000801F03D0B3F5001F07D011E0334BDB6A01
:107BC000324A43F40033D3620FE0D7F8143128333C
:107BD0000121184601F06AFC034687F8273104E0CA
:107BE000012387F8273100E000BF97F82731002BE9
:107BF0000BD1264B5B6D23F44011D7F81431D3F829
:107C00008830224A0B43536503E097F8273187F801
:107C10002631D7F81431D3E9002302F480333B67CF
:107C200000237B67D7E91C120B46134334D0D7F8E7
:107C300014311B6D002B03D0B3F5803F07D011E04A
:107C4000124BDB6A114A43F40033D3620EE0D7F8DB
:107C5000143108330221184601F076FB034687F8F9
:107C6000273103E0012387F8273100BF97F8273138
:107C7000002B0DD1054BDB6C23F48031D7F8143188
:107C80001B6D024A0B43D36406E000BF0044025858
:107C900097F8273187F82631D7F81431D3E9002334
:107CA00002F00053BB660023FB66D7E91A120B46AD
:107CB00013430CD0D7F8143128330221184601F0B1
:107CC000F5FB0346002B02D0012387F82631D7F8B5
:107CD0001431D3E9002302F400333B6600237B66B2
:107CE000D7E918120B46134338D0D7F81431D3F81C
:107CF0008030B3F5407F18D0B3F5407F11D8B3F58D
:107D0000007F14D0B3F5007F0BD8002B11D0B3F552
:107D1000807F06D1C34BDB6AC24A43F40033D3628F
:107D200008E0012387F8273104E000BF02E000BF2C
:107D300000E000BF97F82731002B0BD1B94B5B6DEA
:107D400023F44071D7F81431D3F88030B54A0B438F
:107D5000536503E097F8273187F82631D7F81431B7
:107D6000D3E9002302F48013BB650023FB65D7E948
:107D700016120B46134309D0AA4B1B6D23F000418A
:107D8000D7F814315B6FA74A0B431365D7F814314A
:107D9000D3E9002302F080533B6500237B65D7E9DC
:107DA00014120B4613430AD09E4B1B6923F48041E7
:107DB000D7F81431D3F8B8309A4A0B431361D7F887
:107DC0001431D3E9002302F40013BB640023FB64E5
:107DD000D7E912120B46134309D0924B1B6D23F0C7
:107DE0008071D7F81431DB6E8E4A0B431365D7F8D8
:107DF0001431D3E9002302F080433B6400237B6409
:107E0000D7E910120B4613430ED0864B1B69854AE7
:107E100023F400431361834B1969D7F81431D3F865
:107E2000BC30804A0B431361D7F81431D3E90023E7
:107E300002F00043BB630023FB63D7E90E120B463D
:107E4000134309D0774BDB6C23F04051D7F8143142
:107E50005B6D744A0B43D364D7F81431D3E9002324
:107E600002F400033B6300237B63D7E90C120B464B
:107E700013430AD06B4B5B6D23F44001D7F81431E8
:107E8000D3F88C30674A0B435365D7F81431D3E9E4
:107E900000230021B96203F00103FB62D7E90A1253
:107EA0000B46134311D0D7F814310833002118467C
:107EB00001F04AFA034687F8273197F82731002B5B
:107EC00003D097F8273187F82631D7F81431D3E952
:107ED00000230021396203F002037B62D7E9081214
:107EE0000B46134311D0D7F814310833012118463B
:107EF00001F02AFA034687F8273197F82731002B3B
:107F000003D097F8273187F82631D7F81431D3E911
:107F100000230021B96103F00403FB61D7E90612D5
:107F20000B46134311D0D7F81431083302211846F9
:107F300001F00AFA034687F8273197F82731002B1A
:107F400003D097F8273187F82631D7F81431D3E9D1
:107F500000230021396103F008037B61D7E9041293
:107F60000B46134311D0D7F814312833002118469B
:107F700001F09CFA034687F8273197F82731002B48
:107F800003D097F8273187F82631D7F81431D3E991
:107F900000230021B96003F01003FB60D7E902124F
:107FA0000B46134311D0D7F814312833012118465A
:107FB00001F07CFA034687F8273197F82731002B28
:107FC00003D097F8273187F82631D7F81431D3E951
:107FD00000230021396003F020037B60D7E9001201
:107FE0000B46134311D0D7F8143128330221184619
:107FF00001F05CFA034687F8273197F82731002B08
:1080000003D097F8273187F8263197F82631002BCF
:1080100001D1002300E00123184607F59477BD46FF
:10802000BDE8B08F0044025880B590B000AFC7E9FA
:108030000001D7E90023A2F580710B4340F0948042
:108040009E4B1B6D03F007033B633B6B042B00F25D
:10805000878001A252F823F06D8000089580000807
:10806000BD80000859810008E5800008934B1B681B
:1080700003F00073B3F1007F08D107F12403184621
:1080800001F010F8BB6AFB6300F045BD0023FB6301
:1080900000F041BD894B1B6803F00063B3F1006F32
:1080A00008D107F11803184600F054FDBB69FB63C3
:1080B00000F031BD0023FB6300F02DBD7F4B1B683A
:1080C00003F00053B3F1005F08D107F10C03184629
:1080D00000F094FEFB68FB6300F01DBD0023FB6312
:1080E00000F019BD754BDB6C03F040537B63734BA1
:1080F0001B6803F00403042B0CD17B6B002B09D10C
:108100006E4B1B68DB0803F003036D4A22FA03F38E
:10811000FB631FE0694B1B6803F48073B3F5807F3A
:1081200006D17B6BB3F1805F02D1664BFB6311E03C
:10813000624B1B6803F40033B3F5003F06D17B6B41
:10814000B3F1005F02D1604BFB6303E00023FB63EC
:1081500000F0E1BC00F0DFBC5C4BFB6300F0DBBC7B
:108160000023FB6300F0D7BCD7E90023A2F5007120
:108170000B4340F0AD80514B1B6D03F4E0733B6348
:108180003B6BB3F5807F56D03B6BB3F5807F00F23D
:1081900090803B6BC02B00F088803B6BC02B00F2C3
:1081A00088803B6B802B32D03B6B802B00F2818030
:1081B0003B6B002B03D03B6B402B14D079E03F4B43
:1081C0001B6803F00073B3F1007F08D107F12403AB
:1081D000184600F067FFBB6AFB6300F09CBC0023FD
:1081E000FB6300F098BC354B1B6803F00063B3F1F0
:1081F000006F08D107F11803184600F0ABFCBB690B
:10820000FB6300F088BC0023FB6300F084BC2B4BB5
:108210001B6803F00053B3F1005F08D107F10C03B2
:10822000184600F0EBFDFB68FB6300F074BC002314
:10823000FB6300F070BC214BDB6C03F040537B63AD
:108240001E4B1B6803F00403042B0CD17B6B002B2B
:1082500009D11A4B1B68DB0803F00303184A22FA02
:1082600003F3FB631FE0154B1B6803F48073B3F546
:10827000807F06D17B6BB3F1805F02D1114BFB6332
:1082800011E00E4B1B6803F40033B3F5003F06D139
:108290007B6BB3F1005F02D10B4BFB6303E0002368
:1082A000FB6300F038BC00F036BC084BFB6300F009
:1082B00032BC0023FB6300F02EBC00BF0044025818
:1082C0000090D00300093D0040787D010080BB0094
:1082D000D7E90023A2F580610B4340F09C809E4BC0
:1082E0009B6D03F460033B633B6BB3F5000F54D00D
:1082F0003B6BB3F5000F00F28B803B6BB3F5C00F07
:1083000000F083803B6BB3F5C00F00F281803B6BC4
:10831000B3F5800F2FD03B6BB3F5800F78D83B6B54
:10832000002B04D03B6BB3F5001F12D070E08A4BDA
:108330001B6803F00073B3F1007F07D107F124033A
:10834000184600F0AFFEBB6AFB63E4E30023FB6367
:10835000E1E3814B1B6803F00063B3F1006F07D1C9
:1083600007F11803184600F0F5FBBB69FB63D2E385
:108370000023FB63CFE3784B1B6803F00053B3F19A
:10838000005F07D107F10C03184600F037FDFB68CA
:10839000FB63C0E30023FB63BDE36F4BDB6C03F0C7
:1083A00040537B636C4B1B6803F00403042B0CD11C
:1083B0007B6B002B09D1684B1B68DB0803F00303C0
:1083C000664A22FA03F3FB631EE0634B1B6803F467
:1083D0008073B3F5807F06D17B6BB3F1805F02D1F0
:1083E0005F4BFB6310E05C4B1B6803F40033B3F599
:1083F000003F06D17B6BB3F1005F02D1594BFB63A9
:1084000002E00023FB6386E385E3574BFB6382E3D3
:108410000023FB637FE3D7E90023A2F500610B4350
:1084200040F0A7804C4B9B6D03F0E0633B633B6BDC
:10843000B3F1806F55D03B6BB3F1806F00F2968043
:108440003B6BB3F1407F00F084803B6BB3F1407F26
:1084500000F28C803B6BB3F1007F30D03B6BB3F10B
:10846000007F00F283803B6B002B04D03B6BB3F1A9
:10847000807F12D07AE0384B1B6803F00073B3F1B1
:10848000007F07D107F12403184600F00BFEBB6AFA
:10849000FB6340E30023FB633DE32F4B1B6803F0CA
:1084A0000063B3F1006F07D107F11803184600F01D
:1084B00051FBBB69FB632EE30023FB632BE3264BDD
:1084C0001B6803F00053B3F1005F07D107F10C0301
:1084D000184600F093FCFB68FB631CE30023FB637E
:1084E00019E31D4BDB6C03F040537B631A4B1B6895
:1084F00003F00403042B0CD17B6B002B09D1164B2A
:108500001B68DB0803F00303144A22FA03F3FB633E
:108510001EE0114B1B6803F48073B3F5807F06D116
:108520007B6BB3F1805F02D10D4BFB6310E00A4B14
:108530001B6803F40033B3F5003F06D17B6BB3F146
:10854000005F02D1074BFB6302E00023FB63E2E222
:10855000E1E2054BFB63DEE2004402580090D003E9
:1085600000093D0040787D010080BB000023FB63D3
:10857000D1E2D7E90023A2F580510B4340F09C8063
:10858000934B1B6D03F4E043BB63BB6BB3F5804FB0
:1085900054D0BB6BB3F5804F00F28B80BB6BB3F54F
:1085A000405F00F08380BB6BB3F5405F00F28180D9
:1085B000BB6BB3F5005F2FD0BB6BB3F5005F78D812
:1085C000BB6B002B04D0BB6BB3F5805F12D070E0A7
:1085D0007F4B1B6803F00073B3F1007F07D107F1F5
:1085E0002403184600F05EFDBB6AFB6393E20023A0
:1085F000FB6390E2764B1B6803F00063B3F1006FFE
:1086000007D107F11803184600F0A4FABB69FB6311
:1086100081E20023FB637EE26D4B1B6803F0005395
:10862000B3F1005F07D107F10C03184600F0E6FB39
:10863000FB68FB636FE20023FB636CE2644BDB6C63
:1086400003F040537B63624B1B6803F00403042B6D
:108650000CD17B6B002B09D15D4B1B68DB0803F051
:1086600003035C4A22FA03F3FB631EE0584B1B68CA
:1086700003F48073B3F5807F06D17B6BB3F1805F29
:1086800002D1554BFB6310E0514B1B6803F40033E0
:10869000B3F5003F06D17B6BB3F1005F02D14F4BC6
:1086A000FB6302E00023FB6335E234E24C4BFB63E7
:1086B00031E20023FB632EE2D7E90023A2F500514B
:1086C0000B4340F08F80424B1B6D03F4E023BB63F0
:1086D000BB6BB3F5A02F6BD0BB6BB3F5A02F74D8D9
:1086E000BB6BB3F5802F56D0BB6BB3F5802F6CD826
:1086F000BB6BB3F5403F3BD0BB6BB3F5403F64D899
:10870000BB6BB3F5003F21D0BB6BB3F5003F5CD82A
:10871000BB6B002B04D0BB6BB3F5803F04D054E09F
:10872000FEF74CFAF863F6E1294B1B6803F000638F
:10873000B3F1006F07D107F11803184600F00AFAE9
:10874000FB69FB63E7E10023FB63E4E1204B1B686B
:1087500003F00053B3F1005F07D107F10C03184693
:1087600000F04CFB3B69FB63D5E10023FB63D2E1E6
:10877000174B1B6803F00403042B09D1144B1B682F
:10878000DB0803F00303134A22FA03F3FB63C2E19D
:108790000023FB63BFE10E4B1B6803F48073B3F54A
:1087A000807F02D10C4BFB63B5E10023FB63B2E198
:1087B000074B1B6803F40033B3F5003F02D1074BAE
:1087C000FB63A8E10023FB63A5E10023FB63A2E1B7
:1087D000004402580090D00300093D0040787D011C
:1087E0000080BB00D7E90023A2F500210B4373D121
:1087F0009C4B9B6D03F44033BB63BB6BB3F5003FF5
:108800002FD0BB6BB3F5003F63D8BB6B002B04D0FC
:10881000BB6BB3F5803F12D05BE0924B1B6803F05B
:108820000063B3F1006F07D107F11803184600F099
:1088300091F9BB69FB636EE10023FB636BE1894B3C
:108840001B6803F00053B3F1005F07D107F10C037D
:10885000184600F0D3FA7B69FB635CE10023FB63FD
:1088600059E1804BDB6C03F040537B637D4B1B680D
:1088700003F00403042B0CD17B6B002B09D1794B43
:108880001B68DB0803F00303774A22FA03F3FB6358
:108890001EE0744B1B6803F48073B3F5807F06D130
:1088A0007B6BB3F1805F02D1704BFB6310E06D4BCB
:1088B0001B6803F40033B3F5003F06D17B6BB3F1C3
:1088C000005F02D16A4BFB6302E00023FB6322E1FD
:1088D00021E10023FB631EE1D7E90023A2F58031EB
:1088E0000B4333D15F4BDB6C03F48033BB63BB6B57
:1088F000002B04D0BB6BB3F5803F12D023E0594B63
:108900001B6803F00073B3F1007F07D107F1240364
:10891000184600F0C7FBBB6AFB63FCE00023FB6367
:10892000F9E0504B1B6803F00063B3F1006F07D10F
:1089300007F11803184600F00DF93B6AFB63EAE003
:108940000023FB63E7E00023FB63E4E0D7E90023B7
:10895000A2F580410B4340F08D80424B9B6D03F0AC
:10896000E043BB63BB6BB3F1A04F6BD0BB6BB3F108
:10897000A04F74D8BB6BB3F1804F56D0BB6BB3F133
:10898000804F6CD8BB6BB3F1405F3BD0BB6BB3F196
:10899000405F64D8BB6BB3F1005F21D0BB6BB3F118
:1089A000005F5CD8BB6B002B04D0BB6BB3F1805F66
:1089B00004D054E000F0B8F8F863ACE0294B1B6831
:1089C00003F00063B3F1006F07D107F118031846F5
:1089D00000F0C0F8FB69FB639DE00023FB639AE0B5
:1089E000204B1B6803F00053B3F1005F07D107F180
:1089F0000C03184600F002FA3B69FB638BE000238E
:108A0000FB6388E0174B1B6803F00403042B09D1B8
:108A1000144B1B68DB0803F00303134A22FA03F329
:108A2000FB6378E00023FB6375E00E4B1B6803F4E7
:108A30008073B3F5807F02D10C4BFB636BE00023A6
:108A4000FB6368E0074B1B6803F40033B3F5003F9A
:108A500002D1074BFB635EE00023FB635BE0002376
:108A6000FB6358E0004402580090D00300093D0029
:108A700040787D01D7E90023A2F500410B4348D19E
:108A8000274B1B6D03F04053BB63BB6BB3F1005F1F
:108A90002AD0BB6BB3F1005F38D8BB6B002B04D07E
:108AA000BB6BB3F1805F0DD030E01D4B1B6803F44E
:108AB0000033B3F5003F02D11A4BFB632BE00023D8
:108AC000FB6328E0164B1B6803F00073B3F1007FD3
:108AD00007D107F12403184600F0E4FABB6AFB63F0
:108AE00019E00023FB6316E00D4B1B6803F00063E5
:108AF000B3F1006F07D107F11803184600F02AF808
:108B0000FB69FB6307E00023FB6304E00023FB63D6
:108B100001E00023FB63FB6B18464037BD4680BD78
:108B20000044025840787D0180B500AFFEF716F88A
:108B30000246064B1B6A1B0903F007030449CB5C82
:108B400003F01F0322FA03F3184680BD00440258C5
:108B5000BC3A010880B489B000AF7860A14B9B6A31
:108B600003F00303BB619F4B9B6A1B0B03F03F03A6
:108B70007B619C4BDB6A1B0903F001033B61994B52
:108B8000DB6BDB08C3F30C033A6902FB03F307EE6C
:108B9000903AF8EE677AC7ED037A7B69002B00F014
:108BA0001181BB69022B00F08380BB69022B00F2AC
:108BB000A180BB69002B03D0BB69012B56D099E083
:108BC000884B1B6803F02003002B2DD0854B1B68BE
:108BD000DB0803F00303844A22FA03F3BB60BB689B
:108BE00007EE903AF8EE676A7B6907EE903AF8EE86
:108BF000677A86EEA77A7B4B9B6BC3F3080307EE7D
:108C0000903AF8EE676A97ED036ADFED785AC6EEA0
:108C1000257A76EEA77AF7EE006A77EEA67A67EE07
:108C2000277AC7ED077A87E07B6907EE903AF8EE7E
:108C3000677ADFED6F6A86EEA77A6A4B9B6BC3F3A8
:108C4000080307EE903AF8EE676A97ED036ADFEDE6
:108C5000675AC6EE257A76EEA77AF7EE006A77EEC7
:108C6000A67A67EE277AC7ED077A65E07B6907EE9B
:108C7000903AF8EE677ADFED5F6A86EEA77A594B95
:108C80009B6BC3F3080307EE903AF8EE676A97ED23
:108C9000036ADFED565AC6EE257A76EEA77AF7EE2E
:108CA000006A77EEA67A67EE277AC7ED077A43E087
:108CB0007B6907EE903AF8EE677ADFED4F6A86EE51
:108CC000A77A484B9B6BC3F3080307EE903AF8EE84
:108CD000676A97ED036ADFED455AC6EE257A76EEB0
:108CE000A77AF7EE006A77EEA67A67EE277AC7EDE5
:108CF000077A21E07B6907EE903AF8EE677ADFEDBC
:108D00003D6A86EEA77A374B9B6BC3F3080307EEE9
:108D1000903AF8EE676A97ED036ADFED345AC6EED3
:108D2000257A76EEA77AF7EE006A77EEA67A67EEF6
:108D3000277AC7ED077A00BF2A4B9B6B5B0A03F0CB
:108D40007F0307EE903AF8EE677AB7EE007A37EED7
:108D5000877AD7ED076AC6EE877AFCEEE77A17EED8
:108D6000902A7B681A601F4B9B6B1B0C03F07F03E0
:108D700007EE903AF8EE677AB7EE007A37EE877A28
:108D8000D7ED076AC6EE877AFCEEE77A17EE902AEF
:108D90007B685A60134B9B6B1B0E03F07F0307EE3F
:108DA000903AF8EE677AB7EE007A37EE877AD7ED29
:108DB000076AC6EE877AFCEEE77A17EE902A7B68A0
:108DC0009A6008E07B6800221A607B6800225A6083
:108DD0007B6800229A6000BF2437BD465DF8047BA3
:108DE000704700BF004402580090D00300000046C6
:108DF0000024744C0024744A20BCBE4B80B489B05B
:108E000000AF7860A14B9B6A03F00303BB619F4BEB
:108E10009B6A1B0D03F03F037B619C4BDB6A1B0AC3
:108E200003F001033B61994B5B6CDB08C3F30C035C
:108E30003A6902FB03F307EE903AF8EE677AC7ED62
:108E4000037A7B69002B00F01181BB69022B00F0D3
:108E50008380BB69022B00F2A180BB69002B03D089
:108E6000BB69012B56D099E0884B1B6803F02003A7
:108E7000002B2DD0854B1B68DB0803F00303844ACD
:108E800022FA03F3BB60BB6807EE903AF8EE676A1C
:108E90007B6907EE903AF8EE677A86EEA77A7B4B0D
:108EA0001B6CC3F3080307EE903AF8EE676A97ED80
:108EB000036ADFED785AC6EE257A76EEA77AF7EEEA
:108EC000006A77EEA67A67EE277AC7ED077A87E021
:108ED0007B6907EE903AF8EE677ADFED6F6A86EE0F
:108EE000A77A6A4B1B6CC3F3080307EE903AF8EEBF
:108EF000676A97ED036ADFED675AC6EE257A76EE6C
:108F0000A77AF7EE006A77EEA67A67EE277AC7EDC2
:108F1000077A65E07B6907EE903AF8EE677ADFED55
:108F20005F6A86EEA77A594B1B6CC3F3080307EE02
:108F3000903AF8EE676A97ED036ADFED565AC6EE8F
:108F4000257A76EEA77AF7EE006A77EEA67A67EED4
:108F5000277AC7ED077A43E07B6907EE903AF8EE8F
:108F6000677ADFED4F6A86EEA77A484B1B6CC3F336
:108F7000080307EE903AF8EE676A97ED036ADFEDB3
:108F8000455AC6EE257A76EEA77AF7EE006A77EEB6
:108F9000A67A67EE277AC7ED077A21E07B6907EEAC
:108FA000903AF8EE677ADFED3D6A86EEA77A374BA6
:108FB0001B6CC3F3080307EE903AF8EE676A97ED6F
:108FC000036ADFED345AC6EE257A76EEA77AF7EE1D
:108FD000006A77EEA67A67EE277AC7ED077A00BFB8
:108FE0002A4B1B6C5B0A03F07F0307EE903AF8EE06
:108FF000677AB7EE007A37EE877AD7ED076AC6EE62
:10900000877AFCEEE77A17EE902A7B681A601F4B8E
:109010001B6C1B0C03F07F0307EE903AF8EE677AA7
:10902000B7EE007A37EE877AD7ED076AC6EE877A11
:10903000FCEEE77A17EE902A7B685A60134B1B6CA4
:109040001B0E03F07F0307EE903AF8EE677AB7EE57
:10905000007A37EE877AD7ED076AC6EE877AFCEE9C
:10906000E77A17EE902A7B689A6008E07B68002216
:109070001A607B6800225A607B6800229A6000BFF9
:109080002437BD465DF8047B704700BF004402589A
:109090000090D003000000460024744C0024744A61
:1090A00020BCBE4B80B489B000AF7860A04B9B6AF7
:1090B00003F00303BB619E4B9B6A1B0903F03F0354
:1090C0007B619B4BDB6A03F001033B61984B5B6B5D
:1090D000DB08C3F30C033A6902FB03F307EE903A93
:1090E000F8EE677AC7ED037A7B69002B00F01181F7
:1090F000BB69022B00F08380BB69022B00F2A180C8
:10910000BB69002B03D0BB69012B56D099E0884B7B
:109110001B6803F02003002B2DD0854B1B68DB0858
:1091200003F00303834A22FA03F3BB60BB6807EE34
:10913000903AF8EE676A7B6907EE903AF8EE677A44
:1091400086EEA77A7A4B1B6BC3F3080307EE903ABF
:10915000F8EE676A97ED036ADFED775AC6EE257A77
:1091600076EEA77AF7EE006A77EEA67A67EE277AB0
:10917000C7ED077A87E07B6907EE903AF8EE677AE9
:10918000DFED6E6A86EEA77A694B1B6BC3F30803AB
:1091900007EE903AF8EE676A97ED036ADFED665ADC
:1091A000C6EE257A76EEA77AF7EE006A77EEA67A13
:1091B00067EE277AC7ED077A65E07B6907EE903A9C
:1091C000F8EE677ADFED5E6A86EEA77A584B1B6B86
:1091D000C3F3080307EE903AF8EE676A97ED036A67
:1091E000DFED555AC6EE257A76EEA77AF7EE006ADD
:1091F00077EEA67A67EE277AC7ED077A43E07B69B8
:1092000007EE903AF8EE677ADFED4E6A86EEA77ABF
:10921000474B1B6BC3F3080307EE903AF8EE676AFF
:1092200097ED036ADFED445AC6EE257A76EEA77A0B
:10923000F7EE006A77EEA67A67EE277AC7ED077A2F
:1092400021E07B6907EE903AF8EE677ADFED3B6A42
:1092500086EEA77A364B1B6BC3F3080307EE903AF2
:10926000F8EE676A97ED036ADFED335AC6EE257AAA
:1092700076EEA77AF7EE006A77EEA67A67EE277A9F
:10928000C7ED077A00BF2A4B1B6B5B0A03F07F0315
:1092900007EE903AF8EE677AB7EE007A37EE877A03
:1092A000D7ED076AC6EE877AFCEEE77A17EE902ACA
:1092B0007B681A601E4B1B6B1B0C03F07F0307EED1
:1092C000903AF8EE677AB7EE007A37EE877AD7ED04
:1092D000076AC6EE877AFCEEE77A17EE902A7B687B
:1092E0005A60134B1B6B1B0E03F07F0307EE903A83
:1092F000F8EE677AB7EE007A37EE877AD7ED076A2D
:10930000C6EE877AFCEEE77A17EE902A7B689A60C1
:1093100008E07B6800221A607B6800225A607B6844
:1093200000229A6000BF2437BD465DF8047B704779
:10933000004402580090D003000000460024744C02
:109340000024744A20BCBE4B80B584B000AF786066
:1093500039600023FB73534B9B6A03F00303032B19
:1093600001D1012399E04F4B1B684E4A23F08063E3
:109370001360F9F74FF8B86008E0F9F74BF80246C8
:10938000BB68D31A022B01D9032386E0454B1B6827
:1093900003F00063002BF0D1424B9B6A23F47C3234
:1093A0007B681B681B033F4913438B627B685B68C8
:1093B000013BC3F308027B689B68013B5B029BB2E5
:1093C0001A437B68DB68013B1B0403F4FE031A436A
:1093D0007B681B69013B1B0603F0FE4331491343C5
:1093E0008B63304BDB6A23F0C0027B685B692D49DD
:1093F0001343CB622B4BDB6A23F020027B689B6913
:1094000028491343CB62274BDB6A264A23F010031B
:10941000D362244BDA6B244B13407A68D269D200B2
:1094200020491343CB631F4BDB6A1E4A43F01003F2
:10943000D3623B68002B06D11A4BDB6A194A43F40E
:109440000023D3620FE03B68012B06D1154BDB6A8A
:10945000144A43F48013D36205E0124BDB6A114ACD
:1094600043F40013D3620F4B1B680E4A43F0806332
:109470001360F8F7CFFFB86008E0F8F7CBFF0246BB
:10948000BB68D31A022B01D9032306E0054B1B68E6
:1094900003F00063002BF0D0FB7B18461037BD466D
:1094A00080BD00BF004402580700FFFF80B584B0B4
:1094B00000AF786039600023FB73534B9B6A03F065
:1094C0000303032B01D1012399E04F4B1B684E4A44
:1094D00023F080531360F8F79DFFB86008E0F8F7B9
:1094E00099FF0246BB68D31A022B01D9032386E0F9
:1094F000454B1B6803F00053002BF0D1424B9B6A95
:1095000023F07C727B681B681B053F4913438B6209
:109510007B685B68013BC3F308027B689B68013B87
:109520005B029BB21A437B68DB68013B1B0403F4BC
:10953000FE031A437B681B69013B1B0603F0FE43D5
:10954000314913430B64304BDB6A23F440627B6880
:109550005B692D491343CB622B4BDB6A23F400720A
:109560007B689B6928491343CB62274BDB6A264AF9
:1095700023F48073D362244B5A6C244B13407A68D3
:10958000D269D200204913434B641F4BDB6A1E4A49
:1095900043F48073D3623B68002B06D11A4BDB6A1D
:1095A000194A43F48003D3620FE03B68012B06D1D4
:1095B000154BDB6A144A43F40003D36205E0124BF7
:1095C000DB6A114A43F08073D3620F4B1B680E4A6B
:1095D00043F080531360F8F71DFFB86008E0F8F718
:1095E00019FF0246BB68D31A022B01D9032306E0F8
:1095F000054B1B6803F00053002BF0D0FB7B184693
:109600001037BD4680BD00BF004402580700FFFF71
:1096100080B582B000AF78607B68002B01D1012358
:1096200042E07B68D3F88830002B06D17B680022AB
:1096300083F884207868F7F715FF7B682422C3F845
:1096400088207B681B681A687B681B6822F001020F
:109650001A607B689B6A002B02D0786801F014FACC
:10966000786800F0A9FC0346012B01D101231BE01F
:109670007B681B685A687B681B6822F490425A60BA
:109680007B681B689A687B681B6822F02A029A60D4
:109690007B681B681A687B681B6842F001021A60CD
:1096A000786801F093FA034618460837BD4680BD36
:1096B00080B58AB002AFF860B9603B601346FB80AA
:1096C000FB68D3F88830202B7BD1BB68002B02D0FD
:1096D000FB88002B01D1012374E0FB680022C3F852
:1096E0009020FB682122C3F88820F8F793FE786168
:1096F000FB68FA88A3F85420FB68FA88A3F8562080
:10970000FB689B68B3F5805F08D1FB681B69002B81
:1097100004D10023FB61BB68BB6103E0BB68FB6154
:109720000023BB6130E03B6800937B69002280210D
:10973000F86801F0F5FA0346002B05D0FB682022FB
:10974000C3F8882003233DE0FB69002B0BD1BB69E4
:109750001B881A46FB681B68C2F308029A62BB6941
:109760000233BB6107E0FB691A78FB681B689A62E9
:10977000FB690133FB61FB68B3F856309BB2013BD8
:109780009AB2FB68A3F85620FB68B3F856309BB238
:10979000002BC8D13B6800937B6900224021F86808
:1097A00001F0BEFA0346002B05D0FB682022C3F867
:1097B0008820032306E0FB682022C3F888200023CA
:1097C00000E0022318462037BD4680BD80B5BAB000
:1097D00000AF78607B681B68DB69C7F8E4307B68A2
:1097E0001B681B68C7F8E0307B681B689B68C7F87C
:1097F000DC30D7F8E42040F60F031340C7F8D83028
:10980000D7F8D830002B1BD1D7F8E43003F0200371
:10981000002B15D0D7F8E03003F02003002B05D142
:10982000D7F8DC3003F08053002B09D07B685B6FE6
:10983000002B00F093837B685B6F786898478DE31B
:10984000D7F8D830002B00F02381D7F8DC208D4BDF
:109850001340002B06D1D7F8E0208B4B1340002B90
:1098600000F01681D7F8E43003F00103002B11D08B
:10987000D7F8E03003F48073002B0BD07B681B68B3
:1098800001221A627B68D3F8903043F001027B68B2
:10989000C3F89020D7F8E43003F00203002B11D076
:1098A000D7F8DC3003F00103002B0BD07B681B687A
:1098B00002221A627B68D3F8903043F004027B687E
:1098C000C3F89020D7F8E43003F00403002B11D044
:1098D000D7F8DC3003F00103002B0BD07B681B684A
:1098E00004221A627B68D3F8903043F002027B684E
:1098F000C3F89020D7F8E43003F00803002B17D00A
:10990000D7F8E03003F02003002B05D1D7F8DC2096
:109910005C4B1340002B0BD07B681B6808221A623B
:109920007B68D3F8903043F008027B68C3F890203E
:10993000D7F8E43003F40063002B12D0D7F8E030FE
:1099400003F08063002B0CD07B681B684FF400622F
:109950001A627B68D3F8903043F020027B68C3F82A
:1099600090207B68D3F89030002B00F0F982D7F874
:10997000E43003F02003002B13D0D7F8E03003F0DD
:109980002003002B05D1D7F8DC3003F08053002BE7
:1099900007D07B685B6F002B03D07B685B6F7868B8
:1099A00098477B68D3F89030C7F8D4307B681B6841
:1099B0009B6803F04003402B05D0D7F8D43003F068
:1099C0002803002B54D0786801F018FA7B681B68D4
:1099D0009B6803F04003402B46D17B681B6808332B
:1099E000C7F89C30D7F89C3053E8003FC7F8983050
:1099F000D7F8983023F04003C7F8D0307B681B6855
:109A00000833D7F8D020C7F8A820C7F8A430D7F873
:109A1000A410D7F8A82041E80023C7F8A030D7F851
:109A2000A030002BD9D17B68D3F88030002B17D021
:109A30007B68D3F88030154A1A657B68D3F880308C
:109A40001846F9F781FF0346002B19D07B68D3F83D
:109A500080301B6D7A68D2F88020104698470FE05E
:109A6000786800F093FA0BE0786800F08FFA07E06E
:109A7000786800F08BFA7B680022C3F890206FE2D0
:109A800000BF6DE20100001020010004C9AE000813
:109A90007B68DB6E012B40F00382D7F8E43003F0E3
:109AA0001003002B00F0FC81D7F8E03003F0100326
:109AB000002B00F0F5817B681B6810221A627B681E
:109AC0001B689B6803F04003402B40F06D817B686E
:109AD000D3F880301B68A44A934268D07B68D3F8DF
:109AE00080301B68A14A934261D07B68D3F88030F4
:109AF0001B689F4A93425AD07B68D3F880301B681A
:109B00009C4A934253D07B68D3F880301B689A4AB2
:109B100093424CD07B68D3F880301B68974A9342BD
:109B200045D07B68D3F880301B68954A93423ED07D
:109B30007B68D3F880301B68924A934237D07B68A9
:109B4000D3F880301B68904A934230D07B68D3F8BA
:109B500080301B688D4A934229D07B68D3F88030CF
:109B60001B688B4A934222D07B68D3F880301B68F5
:109B7000884A93421BD07B68D3F880301B68864AA2
:109B8000934214D07B68D3F880301B68834A934299
:109B90000DD07B68D3F880301B68814A934206D091
:109BA0007B68D3F880301B687E4A934206D17B687D
:109BB000D3F880301B685B689BB205E07B68D3F804
:109BC00080301B685B689BB2A7F8BE30B7F8BE3028
:109BD000002B00F0AD807B68B3F85C30B7F8BE2096
:109BE0009A4280F0A5807B68B7F8BE20A3F85E207B
:109BF0007B68D3F88030DB69B3F5807F00F0878025
:109C00007B681B68C7F88830D7F8883053E8003F76
:109C1000C7F88430D7F8843023F48073C7F8B8309D
:109C20007B681B681A46D7F8B830C7F89430C7F875
:109C30009020D7F89010D7F8942041E80023C7F877
:109C40008C30D7F88C30002BDAD17B681B68083356
:109C50007B677B6F53E8003F3B673B6F23F001035B
:109C6000C7F8B4307B681B680833D7F8B420C7F84E
:109C70008020FB67F96FD7F8802041E80023BB679D
:109C8000BB6F002BE1D17B681B6808333B663B6EE2
:109C900053E8003FFB65FB6D23F04003C7F8B0308D
:109CA0007B681B680833D7F8B020FA66BB66B96ECC
:109CB000FA6E41E800237B667B6E002BE3D17B6864
:109CC0002022C3F88C207B680022DA667B681B6840
:109CD000FB64FB6C53E8003FBB64BB6C23F01003D8
:109CE000C7F8AC307B681B681A46D7F8AC30BB6548
:109CF0007A65796DBA6D41E800233B653B6D002BB9
:109D0000E4D17B68D3F880301846F9F7FFFA7B6816
:109D100002221A677B68B3F85C207B68B3F85E3078
:109D20009BB2D31A9BB21946786800F039F919E151
:109D30007B68B3F85C30B7F8BE209A4240F01281DD
:109D40007B68D3F88030DB69B3F5807F40F00A810F
:109D50007B6802221A677B68B3F85C301946786822
:109D600000F01EF9FEE000BF100002402800024093
:109D7000400002405800024070000240880002404B
:109D8000A0000240B8000240100402402804024033
:109D9000400402405804024070040240880402401B
:109DA000A0040240B80402407B68B3F85C207B68E2
:109DB000B3F85E309BB2D31AA7F8CE307B68B3F805
:109DC0005E309BB2002B00F0CF80B7F8CE30002B76
:109DD00000F0CA807B681B68BB63BB6B53E8003F25
:109DE0007B637B6B23F49073C7F8C8307B681B6878
:109DF0001A46D7F8C8307B643A64396C7A6C41E80B
:109E00000023FB63FB6B002BE4D17B681B680833EA
:109E10007B627B6A53E8003F3B623A6A554B1340D2
:109E2000C7F8C4307B681B680833D7F8C4203A638E
:109E3000FB62F96A3A6B41E80023BB62BB6A002B04
:109E4000E3D17B682022C3F88C207B680022DA668D
:109E50007B6800225A677B681B683B613B6953E85B
:109E6000003FFB60FB6823F01003C7F8C0307B683D
:109E70001B681A46D7F8C030FB61BA61B969FA6944
:109E800041E800237B617B69002BE4D17B680222DF
:109E90001A67B7F8CE301946786800F081F863E0A9
:109EA000D7F8E43003F48013002B0ED0D7F8DC3061
:109EB00003F48003002B08D07B681B684FF48012EA
:109EC0001A62786801F03DF851E0D7F8E43003F009
:109ED0008003002B14D0D7F8E03003F08003002B70
:109EE00005D1D7F8DC3003F40003002B08D07B68E1
:109EF0009B6F002B3AD07B689B6F7868984735E062
:109F0000D7F8E43003F04003002B09D0D7F8E03055
:109F100003F04003002B03D0786800F0E7FF26E051
:109F2000D7F8E43003F40003002B09D0D7F8E03071
:109F300003F08043002B03D0786801F016F816E098
:109F4000D7F8E43003F08073002B10D0D7F8E0305E
:109F5000002B0CDA786800F0FEFF08E000BF06E096
:109F600000BF04E000BF02E000BF00E000BFE83730
:109F7000BD4680BDFEFFFFEF80B483B000AF7860C8
:109F800000BF0C37BD465DF8047B704780B483B0DA
:109F900000AF786000BF0C37BD465DF8047B7047AA
:109FA00080B483B000AF78600B467B8000BF0C3775
:109FB000BD465DF8047B70472DE9B04F92B000AF0D
:109FC0007861002387F842307B699A687B691B6956
:109FD0001A437B695B691A437B69DB6913437B64C2
:109FE0007B691B681A68BE4B13407A691268796CEA
:109FF0000B4313607B691B685B6823F440517B69EA
:10A00000DA687B691B680A435A607B699B697B64D9
:10A010007B691B68B34A934204D07B691B6A7A6CE4
:10A0200013437B647B691B689A68AF4B13407A6962
:10A030001268796C0B4393607B691B68DB6A23F0C1
:10A040000F017B695A6A7B691B680A43DA627B6984
:10A050001B68A64A934277D1A54B5B6D03F038038A
:10A06000282B6DD801A252F823F000BF11A10008DF
:10A0700041A1000841A1000841A1000841A1000838
:10A0800041A1000841A1000841A1000819A1000850
:10A0900041A1000841A1000841A1000841A1000818
:10A0A00041A1000841A1000841A1000821A1000828
:10A0B00041A1000841A1000841A1000841A10008F8
:10A0C00041A1000841A1000841A1000829A1000800
:10A0D00041A1000841A1000841A1000841A10008D8
:10A0E00041A1000841A1000841A1000831A10008D8
:10A0F00041A1000841A1000841A1000841A10008B8
:10A1000041A1000841A1000841A1000839A10008AF
:10A11000012387F8433022E2042387F843301EE20C
:10A12000082387F843301AE2102387F8433016E2F9
:10A13000202387F8433012E2402387F843300EE2B1
:10A14000802387F843300AE27B691B68694A93429F
:10A1500030D1674B5B6D03F00703052B26D801A2B6
:10A1600052F823F07DA1000885A100088DA1000808
:10A1700095A100089DA10008A5A10008002387F86B
:10A180004330ECE1042387F84330E8E1082387F803
:10A190004330E4E1102387F84330E0E1202387F8DF
:10A1A0004330DCE1402387F84330D8E1802387F84F
:10A1B0004330D4E17B691B684F4A934230D14C4B0A
:10A1C0005B6D03F00703052B26D801A252F823F09C
:10A1D000E9A10008F1A10008F9A1000801A2000806
:10A1E00009A2000811A20008002387F84330B6E155
:10A1F000042387F84330B2E1082387F84330AEE107
:10A20000102387F84330AAE1202387F84330A6E1E2
:10A21000402387F84330A2E1802387F843309EE152
:10A220007B691B68354A934230D1314B5B6D03F03B
:10A230000703052B26D801A252F823F055A20008E7
:10A240005DA2000865A200086DA2000875A20008C2
:10A250007DA20008002387F8433080E1042387F8BB
:10A2600043307CE1082387F8433078E1102387F8F6
:10A27000433074E1202387F8433070E1402387F8AE
:10A2800043306CE1802387F8433068E17B691B68C9
:10A290001B4A934242D1164B5B6D03F00703052B1B
:10A2A00038D801A252F823F0C1A20008C9A20008C0
:10A2B000D1A20008D9A2000805A300080DA3000838
:10A2C000002387F843304AE1042387F8433046E10E
:10A2D000082387F8433042E1102387F843303EE1FA
:10A2E000F369FFCF000C0058FFF4FF11001001408C
:10A2F000004402580044004000480040004C004028
:10A3000000500040202387F8433028E1402387F89D
:10A31000433024E1802387F8433020E17B691B68C8
:10A32000CB4A934276D1CB4B5B6D03F03803282B9D
:10A330006CD801A252F823F0DDA300080DA4000898
:10A340000DA400080DA400080DA400080DA4000829
:10A350000DA400080DA40008E5A300080DA4000842
:10A360000DA400080DA400080DA400080DA4000809
:10A370000DA400080DA40008EDA300080DA400081A
:10A380000DA400080DA400080DA400080DA40008E9
:10A390000DA400080DA40008F5A300080DA40008F2
:10A3A0000DA400080DA400080DA400080DA40008C9
:10A3B0000DA400080DA40008FDA300080DA40008CA
:10A3C0000DA400080DA400080DA400080DA40008A9
:10A3D0000DA400080DA4000805A40008012387F8B7
:10A3E0004330BCE0042387F84330B8E0082387F803
:10A3F0004330B4E0102387F84330B0E0202387F8DF
:10A400004330ACE0402387F84330A8E0802387F84E
:10A410004330A4E07B691B688F4A934230D18D4B57
:10A420005B6D03F00703052B26D801A252F823F039
:10A4300049A4000851A4000859A4000861A4000818
:10A4400069A4000871A40008002387F8433086E05F
:10A45000042387F8433082E0082387F843307EE006
:10A46000102387F843307AE0202387F8433076E0E2
:10A47000402387F8433072E0802387F843306EE052
:10A480007B691B68754A934230D1724B5B6D03F058
:10A490000703052B26D801A252F823F0B5A4000823
:10A4A000BDA40008C5A40008CDA40008D5A40008D8
:10A4B000DDA40008002387F8433050E0042387F828
:10A4C00043304CE0082387F8433048E0102387F8F6
:10A4D000433044E0202387F8433040E0402387F8AE
:10A4E00043303CE0802387F8433038E07B691B68C9
:10A4F0005B4A934230D1574B9B6D03F00703052B0A
:10A5000026D801A252F823F021A5000829A50008A9
:10A5100031A5000839A5000841A5000849A5000893
:10A52000022387F843301AE0042387F8433016E00B
:10A53000082387F8433012E0102387F843300EE0F9
:10A54000202387F843300AE0402387F8433006E0B1
:10A55000802387F8433002E0802387F843307B690B
:10A560001B683F4A934240F0F88097F84330202B15
:10A5700046DC022BC0F28280023B1E2B7ED801A259
:10A5800052F823F007A600087DA600080FA60008D1
:10A590007DA600087DA600087DA600081FA600086D
:10A5A0007DA600087DA600087DA600087DA60008FF
:10A5B0007DA600087DA600087DA600082FA600083D
:10A5C0007DA600087DA600087DA600087DA60008DF
:10A5D0007DA600087DA600087DA600087DA60008CF
:10A5E0007DA600087DA600087DA600087DA60008BF
:10A5F0007DA600087DA600087DA600086FA60008BD
:10A60000402B37D03AE0FEF78FFAF8633CE007F1D1
:10A6100024031846FEF79EFABB6AFB6334E007F199
:10A6200018031846FEF7EAFBFB69FB632CE0094BB5
:10A630001B6803F02003002B16D0064B1B68DB08B9
:10A6400003F00303074A22FA03F3FB631CE000BF95
:10A65000001401400044025800780040007C004093
:10A66000000C00580090D0039D4BFB630CE09D4B09
:10A67000FB6309E04FF40043FB6305E00023FB6349
:10A68000012387F8423000BFFB6B002B00F0DE8116
:10A690007B695B6A944A32F813301A46FB6BB3FB52
:10A6A000F2F33B637B695A6813465B0013443A6BD1
:10A6B0009A4205D37B695B681B033A6B9A4203D9C4
:10A6C000012387F84230C1E1FB6B0022BB60FA60D6
:10A6D0007B695B6A844A32F813309BB200223B608C
:10A6E0007A60D7E90023D7E90201F6F70DF80246B0
:10A6F0000B46104619464FF000024FF000030B02C4
:10A7000043EA1063020279694968490800200C464F
:10A71000054612EB040843EB05097B695B680022E0
:10A720009A46934652465B4640464946F5F7ECFF4B
:10A7300002460B461346BB63BB6BB3F5407F08D3A1
:10A74000BB6BB3F5801F04D27B691B68BA6BDA6000
:10A750007CE1012387F8423078E17B69DB69B3F55E
:10A76000004F40F0C58097F84330202B48DC002B89
:10A770007BDB202B79D801A252F823F007A8000830
:10A780000FA800086BA800086BA8000817A800080D
:10A790006BA800086BA800086BA8000827A8000891
:10A7A0006BA800086BA800086BA800086BA800083D
:10A7B0006BA800086BA800086BA8000837A8000861
:10A7C0006BA800086BA800086BA800086BA800081D
:10A7D0006BA800086BA800086BA800086BA800080D
:10A7E0006BA800086BA800086BA800086BA80008FD
:10A7F0006BA800086BA800086BA800085DA80008FB
:10A80000402B2ED031E0FCF7D9F9F86333E0FCF7A8
:10A81000EBF9F8632FE007F124031846FEF79AF9E5
:10A82000BB6AFB6327E007F118031846FEF7E6FA58
:10A83000FB69FB631FE02D4B1B6803F02003002B1B
:10A8400009D02A4B1B68DB0803F00303244A22FAD1
:10A8500003F3FB630FE0224BFB630CE0214BFB6334
:10A8600009E04FF40043FB6305E00023FB63012391
:10A8700087F8423000BFFB6B002B00F0E7807B695C
:10A880005B6A194A32F813301A46FB6BB3FBF2F3DA
:10A890005A007B695B685B081A447B695B68B2FBA2
:10A8A000F3F3BB63BB6B0F2B16D9BB6BB3F5803FC8
:10A8B00012D2BB6B9BB223F00F03FB86BB6B5B0812
:10A8C0009BB203F007039AB2FB8E1343FB867B69AE
:10A8D0001B68FA8EDA60B9E0012387F84230B5E0F0
:10A8E0000090D00300093D00D43A0108004402580A
:10A8F00097F84330202B49DC002B7CDB202B7AD8C7
:10A9000001A252F823F000BF93A900089BA90008F8
:10A91000F7A90008F7A90008A3A90008F7A90008EB
:10A92000F7A90008F7A90008B3A90008F7A90008CB
:10A93000F7A90008F7A90008F7A90008F7A9000877
:10A94000F7A90008F7A90008C3A90008F7A900089B
:10A95000F7A90008F7A90008F7A90008F7A9000857
:10A96000F7A90008F7A90008F7A90008F7A9000847
:10A97000F7A90008F7A90008F7A90008F7A9000837
:10A98000F7A90008F7A90008E9A90008402B2ED074
:10A9900031E0FCF713F9F86333E0FCF725F9F863CD
:10A9A0002FE007F124031846FEF7D4F8BB6AFB63D7
:10A9B00027E007F118031846FEF720FAFB69FB634E
:10A9C0001FE02D4B1B6803F02003002B09D02A4BFE
:10A9D0001B68DB0803F00303284A22FA03F3FB6336
:10A9E0000FE0264BFB630CE0254BFB6309E04FF4C3
:10A9F0000043FB6305E00023FB63012387F842303B
:10AA000000BFFB6B002B21D07B695B6A1D4A32F8CB
:10AA100013301A46FB6BB3FBF2F27B695B685B0891
:10AA20001A447B695B68B2FBF3F3BB63BB6B0F2B10
:10AA300009D9BB6BB3F5803F05D2BB6B9AB27B697A
:10AA40001B68DA6002E0012387F842307B6901224B
:10AA5000A3F86A207B690122A3F868207B690022A1
:10AA60005A677B6900229A6797F842301846483740
:10AA7000BD46BDE8B08F00BF004402580090D0032F
:10AA800000093D00D43A010880B483B000AF78607B
:10AA90007B689B6A03F00803002B0AD07B681B6865
:10AAA0005B6823F400417B689A6B7B681B680A43F0
:10AAB0005A607B689B6A03F00103002B0AD07B6815
:10AAC0001B685B6823F400317B68DA6A7B681B686B
:10AAD0000A435A607B689B6A03F00203002B0AD08A
:10AAE0007B681B685B6823F480317B681A6B7B682A
:10AAF0001B680A435A607B689B6A03F00403002BBF
:10AB00000AD07B681B685B6823F480217B685A6BE2
:10AB10007B681B680A435A607B689B6A03F01003DA
:10AB2000002B0AD07B681B689B6823F480517B68EC
:10AB3000DA6B7B681B680A439A607B689B6A03F048
:10AB40002003002B0AD07B681B689B6823F400510C
:10AB50007B681A6C7B681B680A439A607B689B6AF7
:10AB600003F04003002B1AD07B681B685B6823F45A
:10AB700080117B685A6C7B681B680A435A607B684B
:10AB80005B6CB3F5801F0AD17B681B685B6823F49C
:10AB9000C0017B689A6C7B681B680A435A607B68BB
:10ABA0009B6A03F08003002B0AD07B681B685B68FC
:10ABB00023F400217B68DA6C7B681B680A435A60C7
:10ABC00000BF0C37BD465DF8047B704780B598B078
:10ABD00002AF78607B680022C3F89020F7F71AFC78
:10ABE00078657B681B681B6803F00803082B2FD16E
:10ABF0006FF07E4300937B6D00224FF40011786864
:10AC000000F08EF80346002B22D07B681B68BB63E4
:10AC1000BB6B53E8003F7B637B6B23F080033B659A
:10AC20007B681B681A463B6D7B643A64396C7A6CAE
:10AC300041E80023FB63FB6B002BE6D17B682022FD
:10AC4000C3F888207B68002283F88420032363E014
:10AC50007B681B681B6803F00403042B49D16FF069
:10AC60007E4300937B6D00224FF48001786800F0F2
:10AC700057F80346002B3CD07B681B687B627B6ADD
:10AC800053E8003F3B623B6A23F49073FB647B68AC
:10AC90001B681A46FB6C3B63FA62F96A3A6B41E83F
:10ACA0000023BB62BB6A002BE6D17B681B680833BC
:10ACB0003B613B6953E8003FFB60FB6823F0010305
:10ACC000BB647B681B680833BA6CFA61BB61B96905
:10ACD000FA6941E800237B617B69002BE5D17B6841
:10ACE0002022C3F88C207B68002283F88420032371
:10ACF00012E07B682022C3F888207B682022C3F8FA
:10AD00008C207B680022DA667B6800221A677B68E9
:10AD1000002283F88420002318465837BD4680BDA2
:10AD200080B584B000AFF860B9603B601346FB713A
:10AD30004FE0BB69B3F1FF3F4BD0F7F76BFB024627
:10AD40003B68D31ABA699A4202D3BB69002B01D17E
:10AD500003234EE0FB681B681B6803F00403002B11
:10AD600037D0BB68802B34D0BB68402B31D0FB6818
:10AD70001B68DB6903F00803082B10D1FB681B6814
:10AD800008221A62F86800F039F8FB680822C3F854
:10AD90009020FB68002283F88420012329E0FB68CF
:10ADA0001B68DB6903F40063B3F5006F11D1FB6826
:10ADB0001B684FF400621A62F86800F01FF8FB6825
:10ADC0002022C3F89020FB68002283F8842003230C
:10ADD0000FE0FB681B68DA69BB681340BA689A42E7
:10ADE0000CBF01230023DBB21A46FB799A42A0D0A4
:10ADF000002318461037BD4680BD000080B495B0D2
:10AE000000AF78607B681B687B637B6B53E8003F17
:10AE10003B633B6B23F49073FB647B681B681A46AF
:10AE2000FB6C3B64FA63F96B3A6C41E80023BB634B
:10AE3000BB6B002BE6D17B681B6808333B623B6A27
:10AE400053E8003FFB61FA691E4B1340BB647B680B
:10AE50001B680833BA6CFA62BB62B96AFA6A41E8E5
:10AE600000237B627B6A002BE5D17B68DB6E012BC4
:10AE700018D17B681B68FB60FB6853E8003FBB6030
:10AE8000BB6823F010037B647B681B681A467B6CED
:10AE9000BB617A617969BA6941E800233B613B692A
:10AEA000002BE6D17B682022C3F88C207B6800222F
:10AEB000DA667B6800225A6700BF5437BD465DF8EA
:10AEC000047B7047FEFFFFEF80B584B000AF786071
:10AED0007B689B6BFB60FB680022A3F85E20F86830
:10AEE000FFF754F800BF1037BD4680BD80B588B06D
:10AEF00000AF78607B681B68FB60FB6853E8003F2D
:10AF0000BB60BB6823F04003FB617B681B681A468B
:10AF1000FB69BB617A617969BA6941E800233B61E9
:10AF20003B69002BE6D17B682022C3F888207B6830
:10AF300000229A677868FFF71FF800BF2037BD46E8
:10AF400080BD80B483B000AF786000BF0C37BD46D1
:10AF50005DF8047B704780B483B000AF786000BFB9
:10AF60000C37BD465DF8047B704780B483B000AFFA
:10AF7000786000BF0C37BD465DF8047B704780B435
:10AF800085B000AF78607B6893F88430012B01D1E5
:10AF9000022327E07B68012283F884207B68242237
:10AFA000C3F888207B681B681B68FB607B681B6894
:10AFB0001A687B681B6822F001021A60FB6823F0A4
:10AFC0000053FB607B6800225A667B681B68FA6846
:10AFD0001A607B682022C3F888207B68002283F8EF
:10AFE0008420002318461437BD465DF8047B704763
:10AFF00080B584B000AF786039607B6893F88430A6
:10B00000012B01D102232DE07B68012283F88420EB
:10B010007B682422C3F888207B681B681B68FB6060
:10B020007B681B681A687B681B6822F001021A6043
:10B030007B681B689B6823F060417B681B683A68EB
:10B040000A439A60786800F04FF87B681B68FA68DA
:10B050001A607B682022C3F888207B68002283F86E
:10B060008420002318461037BD4680BD80B584B0CB
:10B0700000AF786039607B6893F88430012B01D190
:10B0800002232DE07B68012283F884207B68242240
:10B09000C3F888207B681B681B68FB607B681B68A3
:10B0A0001A687B681B6822F001021A607B681B68C3
:10B0B0009B6823F060617B681B683A680A439A606A
:10B0C000786800F011F87B681B68FA681A607B6882
:10B0D0002022C3F888207B68002283F88420002384
:10B0E00018461037BD4680BD80B485B000AF78608B
:10B0F0007B685B6E002B08D17B680122A3F86A2075
:10B100007B680122A3F8682031E01023FB73102331
:10B11000BB737B681B689B685B0EDBB203F00703A5
:10B120007B737B681B689B685B0FDBB203F00703D4
:10B130003B73BB7B3A7B11498A5C02FB03F33A7B8E
:10B140000F498A5C93FBF2F39AB27B68A3F86A20FA
:10B15000FB7B7A7B09498A5C02FB03F37A7B084913
:10B160008A5C93FBF2F39AB27B68A3F8682000BF75
:10B170001437BD465DF8047B704700BFEC3A010808
:10B18000F43A010880B582B000AF78607868F5F7CE
:10B19000A7F803469AB24FF0FF3379680348FEF7E9
:10B1A00087FA00BF0837BD4680BD00BF587B00242A
:10B1B00080B5A4B002AF786039603B68002B0DD039
:10B1C0003B791A467B68C3F3172307F10800009305
:10B1D00013463A680B4904F02FFD09E03B791A4603
:10B1E0007B68C3F3172307F10800074904F024FD27
:10B1F00007F108031846FFF7C5FF00BF8837BD46B3
:10B2000080BD00BF84390108AC39010880B586B023
:10B2100000AF786000227968284800F089FD034675
:10B22000FB603B7B002B06D02549F868FFF7C0FF89
:10B230004FF0FF333EE0214B1B680021184600F021
:10B24000F5FD03461F4A13601C4B1B68002118467E
:10B2500000F006FE03461C4A136000237B610FE0EA
:10B26000184B19687A691346DB009B1A9B000B4444
:10B270005A6816497B6941F823207B6901337B6159
:10B280007B69002BECDD00233B610FE00E4B19685E
:10B290003A691346DB009B1A9B000B445A680C4921
:10B2A0003B6941F823203B6901333B613B69002B3B
:10B2B000ECDD002318461837BD4680BD90D103242D
:10B2C000D039010894D1032498D1032470000224BA
:10B2D0007400022480B582B000AF0F4B1B680F4A88
:10B2E00011680F4A1268184600F010FE78607B68FB
:10B2F000012B0CD0084B1B68184600F0F7FC0346E6
:10B3000008491846FFF754FF4FF0FF3300E00023D1
:10B3100018460837BD4680BD90D1032494D103243C
:10B3200098D10324F039010880B58CB000AF786063
:10B330007B681B68FB624CF6EC220449F86A04F057
:10B34000BCFD002318463037BD4680BD6C33012458
:10B35000B0B596B000AF78607B681B687B657B6D8D
:10B360001B683B657B6D5B68FB6497ED137AD7EDDB
:10B37000147AB4EEE77AF1EE10FACCBF0123002381
:10B38000DBB21A46244B1A70234B1B78012B20D1B9
:10B39000012202212148FAF7DFF9214B07F10804C5
:10B3A0001D460FCD0FC40FCD0FC495E803002060DC
:10B3B0000434218007F108031846F4F791FF03468F
:10B3C0009AB207F108014FF0FF331648FEF770F903
:10B3D0001CE0002202211148FAF7BEF9124B07F1D6
:10B3E00030041D460FCD0FC495E8070003C422802A
:10B3F00007F130031846F4F773FF03469AB207F1DA
:10B4000030014FF0FF330748FEF752F9002318468A
:10B410005837BD46B0BD00BF9CD103240000025880
:10B42000043A0108587B00242C3A0108B0B586B0D4
:10B4300000AF0A4B3C461D460FCD0FC495E80300F4
:10B4400084E803003B461846FFF79CFE0448FFF7DC
:10B45000DDFE00BF1837BD46B0BD00BF483A010849
:10B4600038000024B0B588B000AF4FF0FF33FB6167
:10B470001A4B3C1D1D460FCD0FC495E803002060FC
:10B48000043421703B1D1846FFF77CFE144B1B68EB
:10B49000002B10D01348FFF747FFF861FB69002B22
:10B4A00002D1FFF717FFF861FB69002B03D10E48AB
:10B4B000FFF74EFFF861FB69002B0AD011233B70A8
:10B4C0003B68102262F31F233B6008493868FFF78E
:10B4D0006FFE00BF2037BD46B0BD00BF743A010803
:10B4E00090D103247000022474000224603A010801
:10B4F00080B582B000AF786039603A680121944825
:10B5000000F0DCFD0346002B00F0A181904B1A688F
:10B5100043F6143313448F4A93608D4B1A6843F6F5
:10B52000143313448B4AD360894B1B6803F5833370
:10B53000894A9360864B1B6803F58333864AD36040
:10B54000834B1A68854B1344854A9360804B1A6875
:10B55000824B1344824AD3607D4B1B6803F52A63F8
:10B56000804A93607A4B1B6803F52A637D4AD36057
:10B57000774B1B6803F52A637B4A9360744B1B6807
:10B5800003F52A63784AD360714B1B68774A93604E
:10B590006F4B1B68754AD3606D4B1B6803F5D24334
:10B5A000734A93606A4B1B6803F5D243704AD360B9
:10B5B000674B1A6846F6201313446E4A9360644B37
:10B5C0001A6846F6201313446A4AD360604B1A681F
:10B5D00046F620131344684A93605D4B1A6846F69A
:10B5E00020131344644AD360594B1B68634A936029
:10B5F000574B1B68614AD360554B1B6803F5525388
:10B600005F4A9360524B1B6803F552535C4AD36008
:10B610004F4B1B6803F553535A4A93604C4B1B68BE
:10B6200003F55353574AD360494B1A6849F6C05340
:10B630001344554A9360464B1A6849F6C053134465
:10B64000514AD360424B1B68504A9360404B1B6881
:10B650004E4AD3603E4B1B6803F5D2434C4A93607D
:10B660003B4B1B6803F5D243494AD360384B1B68F8
:10B6700003F5D343474A9360354B1B6803F5D34327
:10B68000444AD360324B1A68434B1344434A936095
:10B690002F4B1A68404B1344404AD3602C4B1B6815
:10B6A0003F4A93602A4B1B683D4AD360284B1A6877
:10B6B00049F6805313443B4A9360254B1A6849F678
:10B6C00080531344374AD360214B1A684FF61073E6
:10B6D0001344354A93601E4B1A684FF61073134497
:10B6E000314AD3601A4B1B68304A9360184B1B6871
:10B6F0002E4AD360164B1B6803F552432C4A9360C5
:10B70000134B1B6803F55243294AD360104B1B6847
:10B71000284A93600E4B1B68264AD3600C4B1B686B
:10B7200003F58073244A9360094B1B6803F580730B
:10B73000214AD360064B1B68204A9360044B1B6868
:10B740001E4AD360024B1B6820331D4A936039E0C8
:10B75000A0D103243C0000244C000024ECD00100C4
:10B760008C0300245C0000246C0000247C00002476
:10B770009C0300248C0000249C000024AC000024C6
:10B78000AC030024BC000024CC000024DC00002416
:10B79000BC030024EC00002400070100FC0000248E
:10B7A0000C010024CC0300241C0100242C010024E3
:10B7B0003C0100244C0100245C0100246C010024A5
:10B7C0007C010024274B1B682033274AD360254B7C
:10B7D0001B684033254A9360224B1B684033234A41
:10B7E000D360204B1B6803F5A073214A93601D4B67
:10B7F0001B6803F5A0731E4AD3601A4B1B6803F540
:10B8000052431C4A9360174B1B6803F55243194A75
:10B81000D360144B1B68184A9360124B1B68164A7E
:10B82000D360104B1B6803F58073144A93600D4B73
:10B830001B6803F58073114AD3600A4B1B68104ADA
:10B840009360084B1B680E4AD360012305E0132266
:10B850003021786800F0B2FC002318460837BD4656
:10B8600080BD00BFA0D103247C0100248C010024F2
:10B870009C010024AC010024BC010024CC01002464
:10B88000DC01002480B582B000AF786039603A688E
:10B890000121984800F0BAFB0346002B00F0068215
:10B8A000954B1B6843F08043934A1360914B1B6890
:10B8B000914A93608F4B1B688F4AD3608F4B1B68F4
:10B8C00043F080438D4A13608A4B1B6803F59073E5
:10B8D0008A4A9360874B1B6803F59073874AD3604D
:10B8E000874B1B6843F08043854A1360814B1B687C
:10B8F00003F5A073824A93607E4B1B6803F5A07327
:10B900007F4AD3607F4B1B6843F080437D4A1360BE
:10B91000784B1B6803F518737A4A9360754B1B6864
:10B9200003F51873774AD360774B1B6843F0804365
:10B93000754A13606F4B1B6803F52073724A93605E
:10B940006C4B1B6803F520736F4AD3606F4B1B6809
:10B9500043F080436D4A1360664B1B6803F59063A8
:10B960006A4A9360634B1B6803F59063674AD36030
:10B97000674B1B6843F08043654A13605D4B1B684F
:10B9800003F59863624A93605A4B1B6803F598630A
:10B990005F4AD3605F4B1B6843F080435D4A13608E
:10B9A000544B1B6803F5E0635A4A9360514B1B6884
:10B9B00003F5E063574AD360574B1B6843F080435D
:10B9C000554A13604B4B1B6803F5E863524A93607A
:10B9D000484B1B6803F5E8634F4AD3604F4B1B6825
:10B9E00043F080434D4A1360424B1B6803F5746378
:10B9F0004A4A93603F4B1B6803F57463474AD36020
:10BA0000474B1B6843F08043454A1360394B1B6822
:10BA100003F57C63424A9360364B1B6803F57C63F5
:10BA20003F4AD3603F4B1B6843F080433D4A13605D
:10BA3000304B1B6803F5A2533A4A93602D4B1B68A9
:10BA400003F5A253374AD360374B1B6843F080435A
:10BA5000354A1360274B1B6803F5A653324A93609F
:10BA6000244B1B6803F5A6532F4AD3602F4B1B684A
:10BA700043F080432D4A13601E4B1B6803F533537C
:10BA80002A4A93601B4B1B6803F53353274AD36044
:10BA9000274B1B6843F08043254A1360154B1B68F6
:10BAA00003F53653224A9360124B1B6803F5365355
:10BAB0001F4AD3601F4B1B6843F080431D4A13602D
:10BAC0000C4B1B6803F551531A4A9360094B1B68D2
:10BAD00003F55153174AD360174B1B6843F080435B
:10BAE000154A1360034B1B6803F55453124A9360C5
:10BAF00024E000BFA4D10324EC010024FC010024B5
:10BB00000C0200241C0200242C0200243C0200240D
:10BB10004C0200245C0200246C0200247C020024FD
:10BB20008C0200249C020024AC020024BC020024ED
:10BB3000CC020024DC020024EC020024604B1B68D1
:10BB400003F554535F4AD3605F4B1B6843F0804357
:10BB50005D4A13605A4B1B6803F5CA435A4A936007
:10BB6000574B1B6803F5CA43574AD360574B1B68B2
:10BB700043F08043554A1360514B1B6803F5CC4397
:10BB8000524A93604E4B1B6803F5CC434F4AD36037
:10BB90004F4B1B6843F080434D4A1360484B1A6873
:10BBA00046F2046313444A4A9360454B1A6846F2CE
:10BBB00004631344464AD360464B1B6843F08043FA
:10BBC000444A13603E4B1A6846F208631344414AE4
:10BBD00093603B4B1A6846F2086313443D4AD360B6
:10BBE0003D4B1B6843F080433B4A1360344B1A685B
:10BBF00046F608631344384A9360314B1A6846F698
:10BC000008631344344AD360344B1B6843F08043C9
:10BC1000324A13602A4B1A6846F6286313442F4AA7
:10BC20009360274B1A6846F6286313442B4AD36067
:10BC30002B4B1B6843F08043294A1360204B1A6842
:10BC400047F228631344264A93601D4B1A6847F253
:10BC500028631344224AD360224B1B6843F080437D
:10BC6000204A1360164B1A6847F2287313441D4A82
:10BC70009360134B1A6847F228731344194AD36030
:10BC8000194B1B6843F08043174A13600C4B1A682A
:10BC900047F628131344144A9360094B1A6847F671
:10BCA00028131344104AD360012305E012223021E7
:10BCB000786800F083FA002318460837BD4680BD37
:10BCC000A4D10324EC020024FC0200240C03002471
:10BCD0001C0300242C0300243C0300244C030024F8
:10BCE0005C0300246C0300247C03002480B582B034
:10BCF00000AF7860786800F055FA034618460837B8
:10BD0000BD4680BD80B584B002AF78603960002345
:10BD10000193052300930123044A3968786800F0F1
:10BD200043FB034618460837BD4680BD681E002405
:10BD300080B594B000AFF860B9607A600021F8680F
:10BD4000FFF7E0FF0346BB6497F84830002B01D0B3
:10BD5000BB6C67E007F11003184600F0E7F80346F4
:10BD600083F00103DBB2002B08D0FB681B68184688
:10BD7000FFF7BCFF0346BB64BB6C53E00023A7F88E
:10BD80004E3012E0B7F84E10B7F84E309B00BA684C
:10BD900013441A6807F110030C33184600F028F911
:10BDA000B7F84E300133A7F84E30BB68002B04D0F3
:10BDB000FB8BB7F84E209A42E4D30023A7F84C300F
:10BDC00012E0B7F84C10B7F84C309B007A68134477
:10BDD0001A6807F110030433184600F009F9B7F8A0
:10BDE0004C300133A7F84C307B68002B04D0FB8A21
:10BDF000B7F84C209A42E4D3FB681B6807F11002A5
:10BE00001146184600F046F8034683F00103DBB202
:10BE1000002B06D0FB681B681846FFF767FF034638
:10BE2000BB64BB6C18465037BD4680BD80B582B040
:10BE300000AF786039607B68002B04D1064B7B60D3
:10BE40007B68064A1A603968786800F0BDF90346D5
:10BE500018460837BD4680BD681E00240001C0A1F9
:10BE600080B582B000AF786039607B68002B04D168
:10BE7000064B7B607B68064A1A603968786800F078
:10BE80001DFA034618460837BD4680BD681E0024CB
:10BE90000001C0A180B584B000AF78603960396816
:10BEA000786800F0C3FAF8600123FB72FB68002B8E
:10BEB00001D1002326E03968F868FFF7E3FC034668
:10BEC0001A46FB7A1340002B14BF01230023FB7298
:10BED0003968F868FFF70CFB03461A46FB7A1340F3
:10BEE000002B14BF01230023FB72786800F040FB95
:10BEF00003461A46FB7A1340002B14BF012300238C
:10BF0000FB72FB7A18461037BD4680BD80B584B001
:10BF100000AFF860B9607A607A68B968F86800F0D4
:10BF200053FB034618461037BD4680BD80B586B02A
:10BF300000AF78607B68002B01D1002316E00D4A2A
:10BF400007F1100392E8030083E803000A4A07F1AF
:10BF5000080392E8030083E8030007F1100207F1E9
:10BF600008031946786800F003F9034618461837A5
:10BF7000BD4680BDAC3A0108B43A010848B3154B40
:10BF800030B40268144D13408469AB42626803D137
:10BF900011B11F3222F01F02037D4169A3F1010399
:10BFA000C1F31720B3FA83F35B09B3EB112F0CDA5B
:10BFB000012B03D102284FF0020306D054F82310BE
:10BFC0000133984201FB02F2F2D122EAE27030BC66
:10BFD00070477047FFFF7F01C000040038B143681D
:10BFE00023B14088003818BF0120704718467047B9
:10BFF00058B1436843B1408838B1C1EBC101012059
:10C0000003EB81035A60704718467047002918BF38
:10C010000028F8B50CBF01240024002A08BF44F012
:10C02000010414B100242046F8BD1646224B1268C4
:10C0300005460F469A4224D070680028F2D0066860
:10C040009E4206D0A1F101042860B4FA84F4640988
:10C05000E9E7043D0146234604E0013345F8042F97
:10C060009F4203D951F8042FB242F6D19F42DAD150
:10C07000791C114B50F82140E41AB4FA84F4640995
:10C08000D1E7301DFFF7AAFF0028CBD0F3889F42ED
:10C09000C8D1043D224604E0013245F8043F9742EE
:10C0A00005D9B36823441C345B68002BF4D1BC1A57
:10C0B000B4FA84F46409B6E7DECAFAA1002918BF0D
:10C0C0000028F8B50CBF01240024002A08BF44F062
:10C0D000010414B100242046F8BD1646234B126813
:10C0E00005460F469A4224D0306A0028F2D00668EE
:10C0F0009E4206D0A1F101042860B4FA84F46409D8
:10C10000E9E7043D0146234604E0013345F8042FE6
:10C110009F4203D951F8042FB242F6D19F42DAD19F
:10C12000791C124B50F82140E41AB4FA84F46409E3
:10C13000D1E706F10C00FFF751FF0028CAD0F389C0
:10C140009F42C7D1043D224604E0013245F8043F36
:10C15000974205D9336923441C345B68002BF4D122
:10C16000BC1AB4FA84F46409B5E700BFDECAFAA1C8
:10C17000002A18BF002910D078B10346084803F1FF
:10C180000C0C43F8040B03C983E80300012392E875
:10C1900003008CE8030018467047002318467047D8
:10C1A000DECAFAA1044B0268934302D10C3000F0BE
:10C1B00033BC41F2100070470001C0A110B10C3037
:10C1C00000F030BC704700BF3B4B0268934368D11E
:10C1D0002DE9F04F038E85B005460F46002B53D056
:10C1E000D0F834B0BBF1000F4ED04FF0000ACDE9CB
:10C1F00002015646D146DA4616E0019A01234BF871
:10C200000230AA694FF0010355682060013623759A
:10C2100009F11C096069002368F31F20C4E901C704
:10C22000C4E90335C4E90501BAF80030F200B342AD
:10C23000019238D9DAF80430002B34D053F8265064
:10C24000002D30D0DAF80830A869E968006800915C
:10C25000D3E9014BAB680BEBC6074C44C3F317287B
:10C2600002F072FEAA690099D2F808C0002FC9D066
:10C2700000224BF836202A687A6012B15288002AD0
:10C28000BBD1AA690027BDE700261822112105F1BC
:10C290000C0000F0C7FB304607B13E8005B0BDE89A
:10C2A000F08F00207047B6B2DDE90257002EEBD0C8
:10C2B000DAF808305868EFE70001C0A1394B02688E
:10C2C00093436DD12DE9F04F038E85B005460F469F
:10C2D000012B4FD94FF0000AD0F834B05646D14662
:10C2E000DA46CDE9020116E0019A01234BF802304B
:10C2F000AA694FF00103556820600136237509F1E2
:10C300001C096069002368F31F20C4E901C7C4E960
:10C310000335C4E90501BAF80C30F200B3420192CA
:10C3200035D9DAF81030002B31D053F8265075B3D8
:10C33000DAF81430A869E96800680091D3E9014B84
:10C34000AB680BEBC6074C44C3F3172802F0FCFDA7
:10C35000AA690099D2F808C0002FCAD000224BF871
:10C3600036202A687A6012B15288002ABCD1AA69A4
:10C370000027BEE700261822112105F10C0000F06D
:10C3800051FB304607B13E8005B0BDE8F08FB6B234
:10C39000DDE90257002EEDD0DAF814305868F1E7E5
:10C3A000002070470001C0A12DE9F04383B09DF843
:10C3B00028809DF82C9020B3026016461F46044644
:10C3C00000F028FB70B930250023236010244A4672
:10C3D0004146384602F05AFEB06045EA042003B0F8
:10C3E000BDE8F08300224146384602F04FFE054684
:10C3F00000220521012002F049FE854208D00125D6
:10C40000E2E710252C4645EA042003B0BDE8F0839E
:10C41000054B01A8019300F011FB10B10024254643
:10C42000D5E70225D0E700BF038404844E4A0B46BB
:10C430002DE9F047016801EA02088A433BD104462E
:10C44000002B5BD0494A186890420AD14145D3E994
:10C450000372D3E9010342D0032320462361BDE8E0
:10C46000F0871D4601211846D3F8049005F11C06FB
:10C47000FFF784FD074601213046D5F820A0FFF7DD
:10C480007DFDD7B140B3BAF1000F30D04FF0010EAF
:10C49000B9F1000F38D00120334B4FEA0E47226824
:10C4A0009A42D9D1638C834235D21222162104F1EB
:10C4B0000C0000F0B7FA0020D1E738B1BAF1000F54
:10C4C00015D038464FF0010E3D46E5E72368434559
:10C4D000C2D10746206205E006468646D8E7C4E991
:10C4E0000803E2622046A76200F0D0FAB4E7132204
:10C4F000102104F10C0000F095FADCE71122102164
:10C500000C3000F08FFAD6E71222102104F10C0053
:10C5100000F088FACFE7E0B1AC46656A4FF48038A6
:10C52000BCE80F000FC59CE8070085E80700638D95
:10C53000C4F82080734510D3BEF1000FD2D0B446AA
:10C54000E56ABCE80F000FC59CE8070085E8070016
:10C55000C8E7638D20627345EED21322162104F1E1
:10C560000C0000F05FFAA6E70001C0A1DECAFAA144
:10C5700038B5144B026802EA030193430CD10369F6
:10C5800004469B0703D58A4208D0012038BD1022FB
:10C5900011210C3000F046FA002038BD00F086FA78
:10C5A000236C002BF1D0A56B002DEED02946626CD8
:10C5B000002098472B69AB421D46E6D0002BE4D003
:10C5C000236CF3E70001C0A12DE9F04FBA4B91466F
:10C5D000026885B0934340F02F8103690446028EC0
:10C5E00003F00303002A00F01E810022032BD0F881
:10C5F00034A0826140F01A81002900F02881BAFA43
:10C600008AF77F09BAF1000F00F02181BAF80030F3
:10C61000002B00F01C818B690D46CDF80C901B6837
:10C62000CDE90130DAF80430002B72D053F82760DE
:10C63000002E6ED0DAF808304FEA0719D3F800B0B0
:10C640001BEB071800F00281B369012128465C68E2
:10C65000FFF794FC8442C0F00181F068A969C268C8
:10C66000CB689A4240F0FA8082688B689A4240F028
:10C67000F58042684B689A4240F0F080B369D3E994
:10C68000000102F0F3FC0446304602F005FD84424E
:10C69000C0F0E480B369186802F056FC2B6858407B
:10C6A00030F07E4340F092816B68002B00F0CE802A
:10C6B000AB691B68002B00F08181019A304601377D
:10C6C0001C359A4238BF1A46019202F0E5FCC8F8C0
:10C6D000080055F8043C1B6800FB03F3C8F80C3055
:10C6E00055F8181C0B44C8F804104BF80930B06911
:10C6F00003689A0000F1A480D0E902329B1A194421
:10C700008160B369D8F80420DA60BAF80030BB421F
:10C7100088D8DDE90249228EB9F1000F00F05E8170
:10C72000012A40F2A480D4F83480B8F80C30002BF1
:10C7300000F09D804E4600270294D8F81030002B60
:10C7400000F0A18053F82750002D00F09C80D8F80D
:10C7500014304FEA071BD3F8009019EB071A00F0CA
:10C760005081AB69012130465C68FFF707FC8442C9
:10C770007CD3E868B169C268CB689A4276D1826896
:10C780008B689A4272D142684B689A426ED1AB690B
:10C79000D3E9000102F06AFC0390284602F07CFC19
:10C7A000039B834262D3AB69186802F0CDFB336808
:10C7B000434033F07E4340F014817368002B00F057
:10C7C0002081B3691B68002B00F01381019A284671
:10C7D00001371C369A4238BF1A46019202F05CFCBF
:10C7E000CAF80800034656F8042C126802FB03F34B
:10C7F000CAF80C3056F8181C0B44CAF8041049F853
:10C800000B30A86903689B0038D4D0E902329B1A28
:10C8100019448160AB69DAF80420DA60B8F80C30AA
:10C820009F428AD32FE0032B826110D03022112146
:10C8300004F10C0000F0F6F8002005B0BDE8F08F20
:10C84000BAF800309F42FFF4EDAE62E7029C172277
:10C85000122104F10C0000F0E5F8EDE7029C18222B
:10C86000122104F10C0000F0DDF8E5E7029C18222B
:10C87000132104F10C0000F0D5F8DDE7B8F80C3016
:10C880009F42FFF45AAF029CBDF80430228E2383EE
:10C89000002A00F08D80012A676B00F08C8007F180
:10C8A0000C08608B8342C8D94646A346002F31D07E
:10C8B0004FF0000815E000BF0001C0A1DC68091BB3
:10C8C0000844986093696A68DA6059F80A2008F1A8
:10C8D0000108D5E901310B44934201D3EB68D31A27
:10C8E0006B603B884FEA081A434513D97B688BB1CC
:10C8F00053F8282072B1B9689369D1F800901C6888
:10C9000009EB08159968A4006868D7D5AA6802F0F1
:10C910004FFADAE7584600F0E1F8002E3BD0002548
:10C9200014E0114459F80A30994202D3D8F80C1097
:10C93000591AC8F804108269D2E902341B1B194441
:10C9400091608369D8F80420DA6001353388AB42FE
:10C9500021D97368FBB153F82500E0B1B2684FEA02
:10C96000051A8369D2F800901C6809EB0518A40029
:10C97000D8E90112D5D5986802F01AFA59F80A20B8
:10C98000D8E901310B44934202D3D8F80C30D31AC2
:10C99000C8F80430D9E7BBF81A00BBF818300130EA
:10C9A00080B28342ABF81A0080D805B0BDE8F08FA2
:10C9B0001746904675E74FF0000872E7029C212267
:10C9C000122104F10C0000F02DF835E7029C192229
:10C9D000122104F10C0000F025F82DE7BDF8043019
:10C9E00055E7029C1922132104F10C0000F01AF8FB
:10C9F00022E7029C2122132104F10C0000F012F81E
:10CA00001AE7029C1722132104F10C0000F00AF827
:10CA100012E700BF012070470346002200681A6039
:10CA2000704700BF0346007808B1002070471970B6
:10CA30000120196862F31F211960704782B0124B00
:10CA4000019318B10378032B02D0002002B0704785
:10CA50009DF80420934204D0012080F0010002B030
:10CA60007047427801309DF805309A42F4D110F8B1
:10CA7000012F9DF806309A42EED142789DF807309A
:10CA80009A42E9D10020E8E703840484836B0146DD
:10CA90004BB100201A46D9601B690130934203D084
:10CAA000002BF7D170471846704700BF38B5846B2C
:10CAB00084B100256368DB0704D5236A20460BB1E7
:10CAC000013598472369A3421C4601D0002BF1D1C0
:10CAD000284638BD2546284638BD00BF2DE9F0411F
:10CAE000856B0446D0F84080C563B8F1000F29D0AB
:10CAF00025B3426C29460120C047E66BF6B10027FA
:10CB00003146626C0220C047E56B28466B69984746
:10CB10002E690320626CB542E16B07D0C047013734
:10CB2000E663002EECD13846BDE8F08103200137E2
:10CB3000C04700233846E363BDE8F081002738464C
:10CB4000BDE8F081002DF9D047466B69284698472B
:10CB50002B462D699D4204D00137E563002DF4D1A9
:10CB6000E1E700230137E363DDE700BF8269138853
:10CB70000BB95B68FFDE2DE9F04F5768A3B086461E
:10CB80007A6802B11268012B00F0C080386900B1E8
:10CB90000068022B00F0B580FE69002E00F0B48022
:10CBA000398B3468012940F2B4807668D2F80C8061
:10CBB000D0F80C90D8F80410DEF83CC01391D9F8E6
:10CBC000041092691591D9F80C1092681691D9F851
:10CBD0000810D4F80CA01791D8F80C1020921891D6
:10CBE000D8F80810A2691991BEF82C10BEF828B028
:10CBF0001A91DEF81C101F91BCF80010DEE90C54ED
:10CC00001B91BCF804101C91A9B21D91A1B21E91F8
:10CC10009168DAE901980EB1B669B6688069A4B284
:10CC2000ADB2032B806804F1FF3405F1FF35149099
:10CC300008F1FF3000FB048409F1FF3000FB05958B
:10CC400074D0BB6A002B3ED0D3F800A0BAF1000F1D
:10CC500003D0DAF81800D0F808A05868002833D0BC
:10CC60008369D2F800C09F68CCF34343082B52D0AD
:10CC7000002F08BF0F461A9B3A46149920980D942E
:10CC8000CDF81C900E95CDE90BB31B9B0A931C9B12
:10CC9000CDE90883169B0693179B0593189B049375
:10CCA000199B0393159B0293139BCDE900A31F9B34
:10CCB00011931E9B10931D9B0F93334600F056FD5E
:10CCC00023B0BDE8F08F9A461068C0F34343082BA9
:10CCD00001D00F46CFE7C0F3C613C0F34150D2686E
:10CCE00003419BB2002AF4D0002738468069219185
:10CCF0004068019013980090384601F097FA219906
:10CD0000B6E700235B68FFDE34464FE700235B682D
:10CD1000FFDE00264AE7D268002AA9D0CCF3C6136A
:10CD2000CCF3415C43FA0CF39BB2DFE700235B6872
:10CD3000FFDE00BF826913880BB95B68FFDE2DE957
:10CD4000F04F86465068A1B0416801B10968012BD7
:10CD500000F0A480026902B11268022B00F0848006
:10CD6000C669002E00F09880058B3468012D40F2D2
:10CD700098807668D2F80C90E768D1F80C80139709
:10CD8000D9F80470DEF83CC01497D9F80C708969A2
:10CD90001597D9F8087089681697D8F80C701F9104
:10CDA0001797D8F80870A1691897BEF82870D8F8B6
:10CDB00004A01997BEF82C701A97DEF81C701E9705
:10CDC000BCF80070DEE90C541B97BCF804701FFA25
:10CDD00085FB1C97A7B21D97139FD1F80890D7E940
:10CDE00001780EB1B669B6689269A4B2ADB2032BF0
:10CDF000926804F1FF3405F1FF35139208F1FF3218
:10CE000002FB048407F1FF3202FB05754BD0836AF5
:10CE100003B11B680868C0F34342082A27D01A9B55
:10CE20004A460C940B93199B1D9C0A931B9B1399C8
:10CE300009931C9B1F9806970F94CDE90783159BB8
:10CE40000593169B0493179B0393189B0293149BC3
:10CE5000CDE900A31E9B10933346CDE90D5B00F096
:10CE60005DFF21B0BDE8F08F00235B68FFDECA687C
:10CE7000002AD4D09969C0F3C613C0F341500341CE
:10CE8000D1E901109BB2CDE900A14946002818BFA5
:10CE9000814601F0CBF9C2E734466BE700235B68BB
:10CEA000FFDE002666E700235B68FFDE82691388E9
:10CEB0000BB95B68FFDE2DE9F047D2F804A08EB015
:10CEC000DAF8040000B10068012B61D0DAF8102014
:10CED00002B11268022B35D0DAF81C50002D55D063
:10CEE000BAF818402968012C55D96D688E69032B52
:10CEF000D168C468D1F80490D4F804E0D1E90247BD
:10CF0000316807FB04F821F07E4C46D0DAF828405F
:10CF10001CB124680CB1A3699C6883699269996803
:10CF200090680DB1AB699D681D4FBC45D6E90223E1
:10CF300022D01C4EB44515D01B4B9C4505D00EB0DD
:10CF4000BDE8F08700235B68FFDECDE9070107A895
:10CF50000992CDE90A5ECDE90C9801F0BDF90EB059
:10CF6000BDE8F087CDE90398CDE9015E009401F0BA
:10CF70000DFB0EB0BDE8F087CDE90398CDE9015E69
:10CF8000009401F04BFC0EB0BDE8F0872946ADE7F8
:10CF900000235B68FFDE0025A8E700235B68FFDE57
:10CFA0004010D0004010F0004010820083691988C2
:10CFB00009B94B68FFDE02465868436803B11B6835
:10CFC000012900F0A7802DE9F04F04698BB004B16E
:10CFD0002468156AD3E904606968B6F5A06F50F853
:10CFE00021100091A96850F821100491E96850F8C7
:10CFF00021100591C0F08A80D169B1F5A06F80F051
:10D0000082800421415826F0FF06B6F5C06F71D02A
:10D01000002202929869A269E368966802688068B3
:10D02000C2F3832BDA680190002A60D00027986849
:10D03000A046BA4600285AD0D8F808500024CDF8A7
:10D0400018A0BA46C5F3172528464FF000095546E3
:10D05000CDF824A0CDE9074704288CBF1F6901271C
:10D06000B9452ED2AA460027052803913D465746CA
:10D070001FD95A6995421ED25A68A2B10024009B5A
:10D0800031465A465E4403FB04A0019B0134184418
:10D0900001F08EFED8F80C305A689442EFD3D8F8DD
:10D0A0000810C1F31720029A052805F101059244E2
:10D0B000DFD8002DE0D003993D4609F101090D4468
:10D0C000CAE7DDE90747054698680134DDF824A082
:10D0D000049A84429244B7D3DDF818A0DA680AF1C2
:10D0E000010A924503D2059A17440028A4D10BB037
:10D0F000BDE8F08FD269B2F5C06F09D36A699200BA
:10D100008258029286E7296989007BE700217AE745
:10D110000422F5E700235B68FFDE00BF82698446D6
:10D120001088002800F0C9802DE9F04F53689DB0A9
:10D13000002B00F0088119885E6806B13668012866
:10D1400000F00581D3F810E0BEF1000F01D0DEF849
:10D1500000E0002301290D9312931793CDE90E33BC
:10D16000CDE91033CDE91333CDE91533CDE91833CB
:10D17000CDE91A330DAB089312AB0A9317AB0C939E
:10D1800040F202530793099340F201530B93DCE9F9
:10D190000783029340F2CD808B004FF0040BCDF853
:10D1A00010C00393CDE900EB1388002B00F0D28070
:10D1B00053685B68002B00F0C880019A06F10801F3
:10D1C000B46953F80290009BB26809F1080A9F699C
:10D1D000D9F80830D9F818005340A4688568FF2BA7
:10D1E000BF680ED8C2F31723002B00F08B80013BE1
:10D1F000F26852F82300D9F80C2052F8232090420C
:10D20000F2D00DF12C0B52460591584601F05AFF11
:10D21000D9F81420736907A85668009A05995269CD
:10D220005B68D2F804905A4601F074FF33465A46C0
:10D23000514609A801F06EFF0C9BDA68002A57D00E
:10D240004FF0000C98686646002851D00B994FF0BB
:10D25000000B0596C1F317218C464FF0000A61467A
:10D2600004298CBF1A690122924528D2586898B1C6
:10D2700000262A46214638460136C047089B4F44BF
:10D280005B681C440A9B5B681D440C9B5A68B24255
:10D29000EFD80B9AC2F317210798B0F5A06F02D30D
:10D2A0000898026914440998B0F5A06F02D30A984F
:10D2B000026915440AF1010AD2E74368FFDE089AC1
:10D2C0008C460BF1010B0A9891689E680C448168AA
:10D2D0005E450D44C1D8964602463046059ED2684A
:10D2E0000136DEF80C101544DA680C449642ABD3D4
:10D2F000019B039A0433934201931AD0049B009E2E
:10D300009A6951E752460BA801F0DCFE0B9B1B0A01
:10D3100012D00C9800EB8302012352F8041D9042B6
:10D3200001FB03F3F9D121462A463846029CA04767
:10D33000DEE71DB0BDE8F08F214601232A463846BE
:10D34000029CA047D4E71946F6E69B68FFDE00235F
:10D350005B68FFDE5B68FFDE81690A880AB9536893
:10D36000FFDE2DE9F04F49688BB003464E6806B1E9
:10D370003668012A00F081800A69002A7BD014688F
:10D380000022716903A8D3E907384F6804F1080146
:10D39000019363695D6805AB0992049340F20253FF
:10D3A000CDE90522CDE90722039306F108023B46A9
:10D3B00001F0B0FEB369D3E90001D3F808B001F081
:10D3C00033FEA2699468D2E9000101F02DFE04EB5E
:10D3D00000094C4509D2A246019B5146AA442A465F
:10D3E000986801F0E5FCD145F6D8F268D1680029CB
:10D3F0003ED0002395680193002D39D0B1684FF0DD
:10D40000000AC1F317214FF0000904298CBF1069ED
:10D41000012081451CD2506880B100255A46214622
:10D4200020460135C0470499F268BB4448685168FA
:10D430000444A942F2D8B168C1F317210398B0F5AA
:10D44000A06F02D304980069044409F10109DCE7E4
:10D45000049B0AF1010A9568986855450444D2D89E
:10D46000D868019BD168044401338B420193C3D334
:10D470000BB0BDE8F08F5369FFDE00235B68FFDE71
:10D48000F8B52DED028B82691388002B3BD05268D2
:10D49000546804B12468012B34D0156905B12D6896
:10D4A000A3681B0A31D0E068012200EB830353F824
:10D4B000041D984201FB02F2F9D16FF04043A769C5
:10D4C000A9691344BA688E6802EB830506EB8306EC
:10D4D000AA4214D8B7EE008A043504362C4635ED3E
:10D4E000010AB1EE400A083C05F08AFA30EE080A5B
:10D4F000C8EE007A66ED017ABB68A342EED9BDECB6
:10D50000028BF8BD00235B68FFDEAB69A7699E68EC
:10D51000BD68DFE7826913880BB95B68FFDE51687D
:10D520004A6802B11268012B00F0848070B40B6964
:10D5300003B11B689C6991699368C6698968C3F3E4
:10D540001723A06896B17468012C36D0002B68D0E0
:10D55000D568012205EB830353F8044D9D4204FB7B
:10D5600002F2F9D1B36870BC00F0DCBD002B5AD0D8
:10D57000D568012205EB830353F8044D9D4204FB5B
:10D5800002F2F9D16FF04043134401EB830200EB48
:10D5900083008A420FD3511A131D04309FED277A5E
:10D5A00021F00301521A73ED017A9A42C7FE877A7D
:10D5B00060ED017AF7D170BC7047B3B3D56805EB65
:10D5C000830353F8042D9D4202FB04F4F9D16FF05C
:10D5D0004043B268234492ED007A01EB830200EBF2
:10D5E00083008A42E7D3511A131D0430002421F02E
:10D5F0000301521A73ED017AB4EEE77AF1EE10FAF4
:10D600000AD59A4260ED017AD5D073ED017AB4EE75
:10D61000E77AF1EE10FAF4D49A4240F8044DE9D1D9
:10D62000C9E701229EE70A46B5E7B3680A4693EDCB
:10D63000007AD8E700235B68FFDE00BF000000002F
:10D64000826913880BB95B68FFDE51684A6802B1D2
:10D650001268012B3ED00B69002B3ED070B41968C4
:10D660009368946989691B0AA66889682AD0D56875
:10D67000012205EB830353F8044D9D4204FB02F2A3
:10D68000F9D16FF04043C0691344826806EB830010
:10D69000D2ED006A01EB830192ED017A86420FD848
:10D6A000861B0A1D031D26F00306811B73ED017AFC
:10D6B0008B42C6FEA77AC7FEC77A62ED017AF5D122
:10D6C00070BC7047C36930469B68D3ED006A93ED28
:10D6D000017AE5E700235B68FFDE9B69FFDE00BFA0
:10D6E000826913880BB95B68FFDEF0B5526883B0BE
:10D6F000556805B12D68012B32D0166906B1366820
:10D70000022B23D0D36923B3128B1F68012A2AD995
:10D710005B68D5E90220120A20D000EB82020124C6
:10D7200052F8041D904201FB04F4F9D1A969B669CD
:10D73000BA6945688968B06892680BB19B699B6853
:10D74000CDE9004500F064FD03B0F0BD00235B6847
:10D75000FFDED5E902201F46120ADED10124E5E7EB
:10D7600000235B68FFDE0023D3E700BF2DE9F04F05
:10D770002DED0E8BA1B081460C469046BDF80451AC
:10D78000BDF80C613E9F189011920C93BDF80821D2
:10D790003A98409BBDF8101112950596002F00F0A5
:10D7A0007A813F9FC2F1000E94466D4207FB03F35E
:10D7B000399F109507FB03F39FEDC08A19919B00D9
:10D7C0000D933B9B07FB03F33D9F07FB00F2870094
:10D7D0000297970001FB03F203FB0EF314979700E7
:10D7E00009EB8300399B08F17842169706FB03F397
:10D7F0007746139206469B0000220493399B0F92B2
:10D800009B0003FB05F965460093002FC0F281825F
:10D8100000230B963C9A45992A448A4294BFC3EB55
:10D820000202C3EB01021046389A002A00F0488138
:10D83000139AB2F1807FC0F04381029AA2189442F9
:10D84000159280F01A813F9AA24680461E9402FBF0
:10D8500003F309930B9B4B4417930C9B0E93119B63
:10D86000CDE91A760A93CDE91C590D9A38990A9890
:10D8700001F09EFA0C9B002B00F01D810E9BF3EC37
:10D88000016A0E933D9B002B00F0E880179A002060
:10D89000129B01920246109D50461446CDF87CA082
:10D8A000002DC0F2FF80019A00260392099A389950
:10D8B000009F02FB07123B99CF183F998F4294BFFC
:10D8C000C6EB0706C6EB01063B99B8F1000FA1EBCA
:10D8D000060B3F99A1EB060A399901FB06F640F3C6
:10D8E000E780009FB0EE667A4FF0000C039907FBCB
:10D8F0000BFB07FB0AFA26F00F07089407F1FF3924
:10D9000003934FEA191909F101094FEA891E4FEAF9
:10D910000919CDE90605002F40F3C28001F140004E
:10D9200002F14003002410ED0F6A103453ED0F7A1A
:10D93000403053ED104ABC4267EE867A10ED205A13
:10D9400053ED0E5A03F1400310ED1E6AE4EE857AA2
:10D9500053ED1DDA10ED1DEA13ED1CDA50ED1CCA73
:10D9600010ED1BCA53ED1BBAE5EE867A10ED1ABA1C
:10D9700053ED1AAA10ED19AA53ED199A13ED189A3E
:10D9800050ED188AEDEE8E7A10ED170A53ED170A56
:10D9900010ED161A53ED161A10ED152A53ED152A2F
:10D9A000EDEE2C7A13ED143A50ED143A50ED134A83
:10D9B00013ED134A10ED125A53ED125AECEE2B7A76
:10D9C00010ED116A53ED11DAEBEE2A7AEAEE297ABC
:10D9D000E9EE287AE0EE207AE1EE217AE2EE227A90
:10D9E000E3EE237AE4EE247AE5EE257AE6EE2D7A6C
:10D9F00037EE277A97DB714472444846864210DD41
:10DA000003460D4614460133B4EC016AF5EC017A85
:10DA10009E42A6EE277AF6D1301A02EB800201EB85
:10DA200080010CF1010C59445244E0457FF473AF7E
:10DA3000089C039BDDE90605059A0134029915440B
:10DA40009B1A80ED007A0844019A04990A440192D5
:10DA50003D9AA2427FF424AFDDF87CA00A9B0AF134
:10DA6000040A0D9A13440A93159B9A45FFF4FDAEE0
:10DA70001E9CDDE91A76DDE91C59149A0F9B1444AB
:10DA8000199A01331744AD1A169A0F9316443E9A09
:10DA90009A427FF4BAAE21B0BDEC0E8BBDE8F08F98
:10DAA0000020ABE7099A1E460B991A440391FEE643
:10DAB000B0EE667AC0E7F0EE486AE3E600000000E8
:10DAC000029A04EB020C6445D7D23F9A834611991F
:10DAD00002FB03F3224609910A930B9B0E9703EB7B
:10DAE000090E0C9B159617951A940C99002900F0B5
:10DAF0000D81F3EC016A3D99002900F0EF800021CF
:10DB00001298109ECDF804E0CDF87CE0CDE91B32F0
:10DB10000B4611461D46CDE91DC9002EC0F2ED8011
:10DB2000019B002403930A9B099A009F03FB072390
:10DB30003B9A17183F9A974294BFC4EB0704C4EB73
:10DB400002043B9ABBF1000FA2EB040A3F9AA2EB3E
:10DB50000409399A02FB04F440F3D58024F00F0C39
:10DB6000009FB0EE667A039A0CF1FF3807FB0AFAC1
:10DB700007FB09F900274FEA18180895039008F1E8
:10DB800001084FEA881E4FEA0818CDE90616BCF1D5
:10DB9000000F40F3B08002F1400003F14001002586
:10DBA00011ED0F6A103550ED0F7A403110ED105A1B
:10DBB000654567EE867A51ED204A10ED0E6A00F158
:10DBC000400051ED1E5AE4EE857A51ED1DDA10ED5C
:10DBD0001DEA10ED1CDA51ED1CCA10ED1BCA51ED07
:10DBE0001BBAE5EE867A10ED1ABA51ED1AAA10EDBD
:10DBF00019AA51ED199A11ED189A50ED188AEDEE07
:10DC00008E7A50ED170A11ED170A50ED161A11ED24
:10DC1000161A50ED152A11ED152AEDEE2C7A10ED9D
:10DC2000143A51ED143A50ED134A11ED134A50EDE8
:10DC3000125A11ED125AECEE2B7A10ED116A51EDD9
:10DC400011DAEBEE2A7AEAEE297AE9EE287AE0EEAA
:10DC5000207AE1EE217AE2EE227AE3EE237AE4EE14
:10DC6000247AE5EE257AE6EE2D7A37EE277A97DBF1
:10DC70007244734441468C4210DD084616461D46E8
:10DC80000130B5EC016AF6EC017A8442A6EE277AFF
:10DC9000F6D1611A03EB810302EB81020137524492
:10DCA0004B44BB457FF473AF089D0398DDE906162E
:10DCB000059B0135029A1E44C01A81ED007A114479
:10DCC000019B049A134401933D9BAB427FF425AF23
:10DCD000DDF87CE0DDE91B32DDE91DC9099904327C
:10DCE0000D98624501440991FFF4FFAE0E9F159E09
:10DCF000179D1A9CC1E60021BDE70A9B04460B9ABA
:10DD00000344039210E7B0EE667AD1E7F0EE486A7A
:10DD1000F1E6189A2B460B927CE500BF2DE9F04FF7
:10DD2000A5B015460C46169017921A463398BDF8C2
:10DD3000E030BDF8DC10BDF8D8B0BDF8E470189341
:10DD4000002800F048814B4208462E99002ACBF16A
:10DD5000000AF7EE007A4FEA810108BF2A46DFED9C
:10DD6000A36A4FF0000514912E9946FEA76A1092FF
:10DD70004FEA01182F9AC90092000191329913922B
:10DD800001FB02FC21463A465446E1468A46C44617
:10DD9000319E002B3A9906EB0007B4BF06460026D9
:10DDA0008F4228BF0F463299002900F00D81A7EB62
:10DDB000060ECDF828A0DDE92E71CDE91935B1FBAD
:10DDC000F7F7349925460797F71806FB01F1CDF8C8
:10DDD00048E00F91309901FB07F15F4615913599A5
:10DDE000A1EB0E06349901FB06F6B100079E0891DF
:10DDF0000021CDE91B490E91711EDDF85090119163
:10DE0000CDE91D0ACDE91FB2002DC0F2E980002145
:10DE10000F9B0846179A02EB8303159AAA180A4427
:10DE2000169909FB0218309A3B993A4408EB090409
:10DE30008A4294BFC0EB0200C0EB0100309A444517
:10DE40000D94A2EB0001349AA2EB000240F2A580EF
:10DE500009FB01F1920020F0030614460291DDE96E
:10DE60002E218A4200F29980012A40F0C180711E61
:10DE70000022C346CDF8849089080B92DDF848E073
:10DE8000A1464A1C01FB0CC1DDF808800591110177
:10DE900092000C9504910392109900240B9A2297FA
:10DEA00001EB82050A99CDF824B001EB820A2F46D6
:10DEB0005546B7EC017ABEF1000F26EE877A4FDDAA
:10DEC000099A4FF0000A02940697002E40F38680CC
:10DED000019C03F110014FF0000B1719144611EDCE
:10DEE000036A0BF1040BD4ED017A103194ED004A72
:10DEF000B34567EE867A51ED084A97ED005A6444BF
:10DF000051ED065AE4EE247A97ED016A51ED053A97
:10DF10006744E5EE257AE6EE237A37EE277ADEDBF4
:10DF200005990A4404990B440399884210DD0C4674
:10DF300093461F460134BBEC016AF7EC017AA0421C
:10DF4000A6EE277AF6D1411A03EB810302EB810298
:10DF50000AF1010A42444B44D645B6D1029C069FC1
:10DF6000089A0134A5EC017A1344079A9442A0D38D
:10DF7000119ADDF824B0229F0BF1040BDDE92E1479
:10DF8000A14288BF00220B99013211440D9A5A45D3
:10DF90000B9181D80C9DDDF884900A9A13990E9B01
:10DFA0000A4401330A92189A0E931544BF1A329A02
:10DFB0009A427FF429AFDDE91B49DDE91D0ADDE95D
:10DFC0001935DDE91FB2CA44013533991344801A6B
:10DFD000A9427FF4DDAE25B0BDE8F08F0021A4E7B3
:10DFE0000F9B384639463B4414E700BF0000000051
:10DFF000711E4FF0000EDDF848A0A3468908219558
:10E0000022974A1C01FB0CC104911101920003915B
:10E0100071460592109A0A9C02EB8102CDF8248089
:10E0200004EB81042391154606940024B5EC017A93
:10E03000BAF1000F27EE267A53DD09994FF0000E52
:10E04000CDE90B45002E6ADD019C03F1100200278B
:10E050000D190C4604EB090812ED034AD4ED004AF1
:10E060000437D8ED007A05EB090812ED045AB742DF
:10E0700067EE847A12ED026AD5ED005A02F11002C1
:10E0800052ED053A6444E4EE857A6544E5EE867A1D
:10E0900098ED006AE6EE237A37EE277ADADB049A07
:10E0A0001144039A1344059A904211DD15460C461B
:10E0B0001F460135D4ED007AB7EC016A4C44A84202
:10E0C000A6EE277AF5D1821A03EB820302FB09112F
:10E0D0000EF1010E029A5B44F2451144B2D1DDE922
:10E0E0000B45069A0134A2EC017A0692089A134471
:10E0F000079AA2429AD8119ADDF82480239908F150
:10E100000408DDE92E45AC4288BF002201321144EB
:10E110000D9A42453FF67EAFDDE921573DE70022EB
:10E12000C2E700BF00B5D3ED026A6FF0404C93ED3B
:10E13000007AF5EEC06A944493ED016A4FEA8C0EC2
:10E14000F1EE10FA01EB8C0200EB8C0022D48A4233
:10E150001ED3131D0430A2EB0E020CE0B4EEE77ADE
:10E1600077EEC75AF1EE10FA01DB65EE867A93423C
:10E1700060ED017A0CD073ED017AF4EEE76AF1EE0E
:10E1800010FAEBDAF0EE667A934260ED017AF2D1A2
:10E190005DF804FBB5EE406AF1EE10FA15D08A4244
:10E1A000F6D3131D0430A2EB0E0273ED017AF4EEE8
:10E1B000C77A77EEC76AF1EE10FA66EE866A22D861
:10E1C000934260ED016AF0D1E2E78A42E0D3131D89
:10E1D0000430A2EB0E02002173ED017AF4EEC77A4F
:10E1E000F1EE10FA0ADD9A4260ED017AD0D073EDBB
:10E1F000017AF4EEC77AF1EE10FAF4DC9A4240F8B4
:10E20000041DE9D1C4E7934260ED017ACDD1BFE7A7
:10E2100010B484461C460846019B61460192029A4E
:10E2200002945DF8044B01F003B800BF2DE9F04300
:10E23000089D0446042B08464FEA850604EB850535
:10E2400012D0082B0ED1AC420CD211F8013B02EBDC
:10E2500083031B6844F8043BA542F6D8013E00EB5B
:10E260009606701CBDE8F083079B5F0803F001066B
:10E270004FEAC70907F1FF38AC42F3D20FB304F1FC
:10E28000080E00F1FF3C00EB08011CF8013F0EF105
:10E29000080E1B09614502EB83031B684EF8103C16
:10E2A0009CF8003003F00F0302EB83031B684EF869
:10E2B0000C3CEAD138444C442EB9A542DFD8BDE825
:10E2C000F08306B9FEE710F8013B1B0902EB83035C
:10E2D0001B6844F8043BCFE72DE9F04F2DED0C8B84
:10E2E000D0E905C3D0E9001703FB0CF3024683B065
:10E2F00001EB8300814280F01D8115694FEA8C0695
:10E30000644601EB06089668884540F20881A5F14D
:10E31000100E4FEA85098C464FEA1E1E0EF1010EC3
:10E320004FEA8E1B07EB8E1ECDE900010F2D40F248
:10E33000068107F1400106F140039FED937A2846DC
:10E3400053ED0F6A103851ED0F7A403351ED104AFA
:10E350000F2867EEA67A13ED205A51ED0E5A01F1FF
:10E36000400153ED1E6AE4EE857A11ED1D6A13ED4E
:10E370001DDA53ED1CCA11ED1CCA11ED1BBA53ED89
:10E380001BBAE5EEA67A11ED1AAA53ED1AAA11ED01
:10E39000199A53ED199A51ED188A13ED188AEDEE7A
:10E3A000067A11ED170A53ED170A11ED161A53EDFF
:10E3B000161A11ED152A53ED152AECEE8C7A11ED93
:10E3C000143A53ED143A51ED134A13ED134A51ED3B
:10E3D000125A13ED125AEBEE8B7A51ED116A13EDCE
:10E3E000116AEAEE8A7AE9EE897AE8EE887AE0EE56
:10E3F000207AE1EE217AE2EE227AE3EE237AE4EE6D
:10E40000247AE5EE257AE6EE267A37EE277A97D853
:10E4100006EB0B0105F00F00734603285FD9D1ED21
:10E42000016A041FD3ED017A93ED004A032C67EED5
:10E43000A67AD1ED004A93ED025AD1ED025AE4EEEC
:10E44000247A93ED036AD1ED036A77EE277AE5EE3D
:10E45000257AE6EE267AB0EE677A38D9D1ED056AEC
:10E46000A0F1080AD3ED057A93ED044ABAF1030F3F
:10E4700067EEA67AD1ED044A93ED065AD1ED065A1D
:10E48000E4EE247A93ED076AD1ED076AE5EE257A8A
:10E49000E6EE267A37EE277A19D9D3ED096AD1ED5F
:10E4A000097A91ED084A67EEA67AD3ED084A91ED14
:10E4B0000A5AD3ED0A5AE4EE247A91ED0B6AD3EDB1
:10E4C0000B6AE5EE257AE6EE267A37EE277AA4087F
:10E4D00000F00300013401EB041103EB0413A8B1B5
:10E4E000D3ED006A0128D1ED007AA6EEA77A0DD00F
:10E4F000D3ED016A0228D1ED017AA6EEA77A05D004
:10E50000D1ED026AD3ED027AA6EEA77AACEC017ADD
:10E51000E0454E443FF60AAF5469DDE90001D36897
:10E520009BB901EB84011569A600884207EB8507BA
:10E530003FF6E7AE03B0BDEC0C8BBDE8F08F28468C
:10E540009FED117A31463B4667E7002CE9D0D1EDCB
:10E55000007A93ED007A77EE877AC1ED007A5469FC
:10E56000012CDED90D1D0123D46895ED007A04EB52
:10E5700083040133D4ED007A77EE877AE5EC017AF3
:10E5800054699C42F0D8CCE7000000002DE9F04F20
:10E590008DB0044618460D460A92DDF85880DDE934
:10E5A0001923DDE9176702FB03F304EB83030893E8
:10E5B000B8F1000F04D04022414600F0F9FB40467C
:10E5C000089B9C4280F00C81199BFA0827F00109F6
:10E5D00005944FEA830C07F0010305EB421B0292FE
:10E5E0000393BB00920005F120010B9305EB890911
:10E5F000E6465C46059B0492CDF81CC01796CDF804
:10E6000024C0079A03EB020AA1F120029A45069260
:10E6100040F2E98009F1FF3B0A9A98465D46029B69
:10E62000002B00F0C080049B9FED7B7A02EB030C73
:10E630000B4692F800E0043253ED072A20330EF027
:10E640000F0B4FEA1E1E12F8037C00EB8B0B13ED31
:10E65000104A00EB8E0E53ED0E3ADBED007A9EED84
:10E66000003A4FEA171E67EEA27A07F00F0700EB99
:10E670008E0E12F8026C00EB870713ED0D5AE3EED5
:10E68000047A9EED003A97ED004A370953ED0C4AA3
:10E6900006F00F0600EB870713ED0B6A00EB86060A
:10E6A00053ED0A5A53ED096AE3EE237AE4EE057A54
:10E6B00097ED004A96ED005A12F8016C62454FEA58
:10E6C000161706F00F06E4EE247A00EB870700EB3E
:10E6D0008606E5EE067A97ED005A96ED006AE5EEBD
:10E6E000257AE6EE267A37EE277AA2D1A646CE45DF
:10E6F00060D2A5EB0E070EF108020CF1FF36CDF843
:10E7000004A04FEAD70B0CEBD70716F8013F0832ED
:10E7100052ED035A03F00F0A1B0952ED046AB74287
:10E7200000EB8A0A00EB8303DAED007A93ED006ACE
:10E7300067EEA57AE6EE267A37EE277AE5D10BF179
:10E74000010BDDF804A00CEB0B020EEBCB0E039BD0
:10E750000BB312F8013BDEED007A1B0900EB8303DB
:10E76000D3ED006AA6EEA77AA8EC017AC2453FF67F
:10E7700056AF059B099A9D18179BEBB9089BAB42B6
:10E780002ED90B9B99441C441944059B9A452CD9BE
:10E790002B46059535E7A8EC017AC245E9D9029BDD
:10E7A000002B7FF440AFDDF818E094469FED1A7A15
:10E7B000CE459ED36246CAE7199B002BDED0079B4D
:10E7C000DDF85CC0EA1AD2ED007ABCEC017A77EE93
:10E7D000877AE2EC017AAA42F5D1089BAB42D0D805
:10E7E0000DB0BDE8F08F1D46C6E7DDF81CC01999D5
:10E7F000179EA5EB0C0C69B16346324693ED007A87
:10E80000F2EC017A77EE877AE3EC017A9D42F5D15A
:10E810000029F1D1FEE700BF000000002DE9F04F14
:10E8200093B09A4604468B460D921C9EDDE91F2349
:10E83000DDE91D5902FB03F300EB83030C9336B1B2
:10E840005046B2464FF48062314600F0B1FA0C9B5C
:10E850009C4280F09082B54A2F461F9B4A44DFEDD0
:10E86000B43A4FEA830C9200CDF82CC05309CDF88E
:10E8700044C002F1200016460E9301330BEB000852
:10E8800002460F93DB0010930B9B04EB030CA44593
:10E8900052D906F11F0306EB0B0025460BEB020EC7
:10E8A0009B0800F11F01019001330391011F0A949D
:10E8B00002930E9B04910BF10401DB001D9705915F
:10E8C000103307930F9B0BEB431306930D9BCDE97E
:10E8D0000826B9F1070F3FD8C3459FED957A0FD2AF
:10E8E0005946184610F8012BF1EC017A0AEB820226
:10E8F0004145D2ED006AA6EEA77AF3D3029A1344FB
:10E90000A5EC017AAC45E4D80A9CF346119B1D9F07
:10E91000E018DDE90826002F40F018820C9B8342A6
:10E9200040F22982A445904440F23D8204460B9B6C
:10E9300004EB030CA445ACD8002F40F005829C46A4
:10E940000C9B3D46A34240F21682CCF100011F9B76
:10E95000002D40F01782FEE703F00302022A00F0C8
:10E96000EF81032A00F0E680012A00F0D381019AAA
:10E970009FED6F7A934500F20382079803F1080236
:10E980000BF12001C41812F8070C083251ED072AC8
:10E9900020310AEB800011ED103A11ED0E4AD0ED56
:10E9A000007A12F8100C67EEA27A51ED0D4A0AEBCC
:10E9B000800051ED0C6A11ED0B5AD0ED002A12F8CF
:10E9C0000E0CE2EE837A51ED0A5A0AEB800011ED4B
:10E9D000096A90ED003A12F80D0CE3EE047A0AEBA6
:10E9E000800090ED004A12F80C0C0AEB8000E4EE77
:10E9F000247AD0ED004A12F80B0C0AEB8000E4EE0A
:10EA0000A67AD0ED006A12F80A0C0AEB8000E5EE57
:10EA1000267AD0ED006A12F8090C94420AEB8000C5
:10EA2000E5EEA67AD0ED006AE6EE267A37EE277A92
:10EA3000A9D1109A1344069A7245BFF461AF1978B0
:10EA40000AEB8101D1ED007A1146F1EC016A8E45A5
:10EA5000A6EEA77A63D95978D2ED016A0AEB810153
:10EA6000D1ED007A02F108018845A6EEA77A56D9C1
:10EA70009978D2ED027A0AEB8101D1ED006A02F1B8
:10EA80000C018845A6EEA77A49D9D978D2ED036A58
:10EA90000AEB8101D1ED007A02F110018845A6EE62
:10EAA000A77A3CD91979D2ED046A0AEB8101D1ED3C
:10EAB000007A02F114018845A6EEA77A2FD9597978
:10EAC000D2ED056A0AEB8101D1ED007A02F118015D
:10EAD0008845A6EEA77A22D99979D2ED066A0AEB83
:10EAE0008101D1ED007A02F11C018845A6EEA77ADA
:10EAF00015D9D979D2ED077A0AEB8101D1ED006AF7
:10EB000002F120018845A6EEA77A08D9197AD2ED3C
:10EB1000087A0AEB8101D1ED006AA6EEA77A039983
:10EB20008A1A03EB9202531CEAE600BFF8FFFF3F8C
:10EB300000000000B0EE637A5A461F46104617F8F0
:10EB4000011BF0EC017A0AEB8101D1ED006A019919
:10EB5000A6EEA77A884200F21181049903F111040C
:10EB600009338E1A2432760904EBC60413F8071C05
:10EB7000083312ED076A20320AEB810152ED102AA8
:10EB800012ED0E3AD1ED007A13F8101C67EE867A7A
:10EB900012ED0D4A0AEB810152ED0C4A12ED0B5AAF
:10EBA00091ED006A13F80E1CE2EE867A52ED0A5AD5
:10EBB0000AEB810152ED096A91ED006A13F80D1C10
:10EBC000E3EE067A0AEB810191ED006A13F80C1C62
:10EBD0000AEB8101E4EE067A91ED006A13F80B1C52
:10EBE0000AEB8101E4EE867A91ED006A13F80A1CC3
:10EBF0000AEB8101E5EE067A91ED006A13F8091C33
:10EC00009C420AEB8101E5EE867A91ED006AE6EE20
:10EC1000267A37EE277AA9D1013607EBC60300EB37
:10EC200046104045BFF46CAE1A780AEB8202D2ED72
:10EC3000007A0246F2EC016A9045A6EEA77A63D903
:10EC40005A78D0ED016A0AEB8202D2ED007A00F127
:10EC500008029045A6EEA77A56D99A78D0ED026AB6
:10EC60000AEB8202D2ED007A00F10C029045A6EE8A
:10EC7000A77A49D9DA78D0ED036A0AEB8202D2ED9D
:10EC8000007A00F110029045A6EEA77A3CD91A79D5
:10EC9000D0ED046A0AEB8202D2ED007A00F1140290
:10ECA0009045A6EEA77A2FD95A79D0ED056A0AEBDE
:10ECB0008202D2ED007A00F118029645A6EEA77AFC
:10ECC00022D99A79D0ED066A0AEB8202D2ED007A57
:10ECD00000F11C029645A6EEA77A15D9DA79D0ED97
:10ECE000076A0AEB8202D2ED007A00F12002964513
:10ECF000A6EEA77A08D91A7AD0ED087A0AEB820232
:10ED0000D2ED006AA6EEA77A039A101A03EB9000E0
:10ED1000431CF5E513F8011BDBED007A0AEB8101DA
:10ED2000059A91ED007A27EE277A13F8011BF2EC91
:10ED3000017A0AEB8101D1ED006AA6EEA77AFCE622
:10ED4000B0EE637A5A46F0E7934420461F9B002BAF
:10ED50003FF4E4AD0B9B3946C31AD3ED007AB1EC16
:10ED6000017A77EE877AE3EC017A9842F5D10C9B31
:10ED700083423FF6D7AD13B0BDE8F08F3B4650E776
:10ED80005A4659E6002B3FF4E3AD21440B462A4690
:10ED900093ED007AF2EC017A77EE877AE3EC017A70
:10EDA0009C42F5D1F2E7DDF82CC03D460446CCE5A7
:10EDB00088420ED06AB1884200EB02030AD299421F
:10EDC00008D20A4413F9011D984202F8011DF9D135
:10EDD00070477047032A2DE9F0431BD8541E10F8E2
:10EDE000013B01F8013B9CB110F8013B01F8013BEC
:10EDF000022A4FF0FF3218BF0022012C08D010F871
:10EE0000013B01F8013B1AB110F8013B01F8013B4D
:10EE1000BDE8F08301F0030E00F00308CEF1040317
:10EE2000A2EB030CCEF1030210F8013B01F8013B09
:10EE300082B110F8013B01F8013B012A0AD010F819
:10EE4000013B01F8013BBEF1010F03D010F8013B7B
:10EE500001F8013BC6452AD05FEA1C120AD050F8DF
:10EE6000043B50F8044B50F8045B50F8046B78C135
:10EE7000013AF4D11CF0080F04D050F8043B50F8CC
:10EE8000044B18C11CF0040F03D050F8043B41F8A8
:10EE9000043B1CF0020F03D030F8023B21F8023B88
:10EEA0001CF0010FB4D003780B70BDE8F0835FEA6B
:10EEB0009C190ED088468646BEE8FF00A8E8FF00F1
:10EEC000BEE8FF00A8E8FF00B9F10109414670461D
:10EED000F0D11CF0200F07D088468646BEE8FF0020
:10EEE000A8E8FF00414670461CF0100F01D078C81A
:10EEF00078C11CF0080FC5D018C818C1C2E700BF00
:10EF0000D1ED007A92ED007A77EE877AC0ED007A43
:10EF1000704700BFD1ED007A92ED007A67EE877AF4
:10EF2000C0ED007A704700BF00EB8303984209D21E
:10EF3000F1EC017AB2EC017A67EE877AE0EC017AC3
:10EF40008342F5D8704700BFC0F34343022B55D02E
:10EF500020F07E432C4A934210D021DC2B4A93426E
:10EF60000CD00FDD2A4A934208D002F5FA329342C0
:10EF700004D0284A93420CBF1346402300F0D040EF
:10EF800018437047A2F580629342F7D02CDD224AE5
:10EF900000F0D04093420CBF134640231843704703
:10EFA0001E4A9342EAD010DD1D4A9342E6D002F297
:10EFB000F1729342E2D0A2F5006200F0D040934299
:10EFC0000CBF1346402318437047A2F28732934286
:10EFD000D4D002F560729342D0D0A2F58062934201
:10EFE0000CBF13464023C9E7A2F580629342C5D007
:10EFF000803293420CBF13464023BFE7094B0340C6
:10F0000043F48023BAE700BF4010820040080400A8
:10F01000401004004F080400470404004704840023
:10F020004F088400FF3F8000F1B1C0F3C613C0F366
:10F03000434C6FF48872C0F3415003FB01F142FA74
:10F040000CF20731D20721F0070121FA00F104D5B3
:10F05000002307311944C808704743FA00F007310C
:10F0600083401944C80870470846704761B1C0F32F
:10F07000C613C0F3415201FB03F0073020F0070034
:10F08000D0400730C008704708467047120242EA75
:10F09000014242EA0060704730B48569C468416942
:10F0A000064B2868064A0340C968E068934201FBA2
:10F0B00000F001D10730C00830BC7047FFFF7F016E
:10F0C000C000040070B40468C4F3172404B32346DA
:10F0D000013B9C424FEA830C15D915680124B3EB20
:10F0E000152F02D2546854F823400E680125B3EB63
:10F0F000162F02D24D6855F80C50AC4238BF2C4642
:10F10000456845F80C401BB10468C4F31724DFE7D9
:10F1100070BC70472DE9F04FD1E90046D2F804C029
:10F1200083B0B4F5A06F7168DCF804807BD33569D7
:10F1300005FB01FE1268D6E90246B2F5A06F02682F
:10F1400000962CBFDCF810904FF00109B2F5007F5B
:10F15000DCE90267019763D3414547680CBF1A4653
:10F1600000227A6018BF0122D0F800A008BF002258
:10F17000B5EB090CCAF3172B18BF4FF0010CBAF509
:10F18000A06F13D34D4514BF4FF0000A02F0010ADF
:10F19000414514BF00250CF00105476801FB15A887
:10F1A00003FB08F53D610568C5F3172BB4EB0608B2
:10F1B00018BF4FF00108BBF1020F08FB0EF52FD965
:10F1C000B44214BF4FF0000902F00109019F0CEA9C
:10F1D0000909A9EB050901FB0C990099A1F10106A8
:10F1E00003FB09F9B6FA86F67609B94218BF46F06C
:10F1F00001064768C7F808900168C1F31721AEB946
:10F20000B8F1000F12D002EA0C02032908D90EFB54
:10F2100004F4416806FB14222A4403FB02F2CA608C
:10F2200003B0BDE8F08F8E46012583E70022ECE7AE
:10F230002DE9F041079E884614461D46F6B1DBB124
:10F2400000EB82020021A7008C462144614510D9C1
:10F25000D01B069BB64608EB8C0CF0EC016AB3ECB5
:10F26000017AFEEC017A9042E6EE877AECEC017AC4
:10F27000F3D18D423A44E7D8BDE8F081002BFBD0B2
:10F2800000EB82000F463346920019462344994210
:10F290000DD2A0EB020C0699BE46FCEC017AB1EC53
:10F2A000017A844567EE877AEEEC017AF5D19D42CA
:10F2B00017441044E9D8BDE8F08100BF80B103468F
:10F2C00020221020084930B41425084C1A82084A1C
:10F2D000188000209D815A61C3E9011430BC704739
:10F2E0004FF0FF30704700BF980E020860C501085C
:10F2F000189C020880B1034640222020084930B4FF
:10F300003025084C1A82084A188000209D815A61D5
:10F31000C3E9011430BC70474FF0FF30704700BFA5
:10F3200018570208B8E6010898E4020888B10346B5
:10F330004FF480728020084930B4D025074C1A82DF
:10F34000074A188000209D815A61C3E9011430BC2E
:10F3500070474FF0FF307047980A0208C0C3010899
:10F360001898020898B103464FF400724FF4807069
:10F37000084930B44FF4DC75074C1A82074A1880EC
:10F3800000209D815A61C3E9011430BC70474FF0E1
:10F39000FF307047184F020848E3010898DC020864
:10F3A00098B103464FF480624FF40070084930B4BE
:10F3B0004FF4E075074C1A82074A188000209D819F
:10F3C0005A61C3E9011430BC70474FF0FF307047F9
:10F3D0001858020818E701081868020898B103468F
:10F3E0004FF400624FF48060084930B44FF4E16597
:10F3F000074C1A82074A188000209D815A61C3E990
:10F40000011430BC70474FF0FF30704798EA010894
:10F41000B0B501081878020898B103464FF480523D
:10F420004FF40060084930B44FF46E65074C1A82FF
:10F43000074A188000209D815A61C3E9011430BC3D
:10F4400070474FF0FF307047180F020888C5010859
:10F45000989C0208B1F5007F1FD00BD9B1F5006F61
:10F4600019D0B1F5805F12D0B1F5806F0DD04FF09B
:10F47000FF30704740290CD0B1F5807F03D02029A0
:10F48000F5D1074B1847074B1847074B1847074B51
:10F490001847074BF6E7074BF4E7074BF2E700BFC7
:10F4A000BDF200082DF30008A1F3000819F40008CC
:10F4B000F5F20008DDF3000865F3000810B5044616
:10F4C00008460021A26002012060184600F06AFC94
:10F4D000606010BD024B0146186800F025B800BFFF
:10F4E000181F002470B50F4E0C463168054611B93F
:10F4F00000F094FC30602146284600F08FFC431C4D
:10F5000003D14FF0FF34204670BDC41C24F0030427
:10F51000A042F8D0211A284600F080FC0130F2D138
:10F52000EFE700BFD4D203242DE9F843CD1C25F02A
:10F53000030508350C2D38BF0C25002D064601DBD0
:10F54000A94204D90C2333600020BDE8F883DFF81A
:10F55000D48000F069F8D8F800301C4644BB294636
:10F560003046FFF7BFFF431C044658D1D8F800408F
:10F570002746002F43D1002C4BD023683946304614
:10F5800004EB030900F04AFC814542D121686D1A61
:10F5900029463046FFF7A6FF01303AD023682B44B6
:10F5A0002360D8F800305A6862BBC8F800700FE0DA
:10F5B0002268521B20D40B2A17D96119A342256057
:10F5C00018BF5960636808BFC8F8001062514B60EB
:10F5D000304600F02FF804F10B00231D20F0070047
:10F5E000C21A1CBF1B1AA350AFE76268A3420CBF2C
:10F5F000C8F800205A60EBE723466468AEE73C4653
:10F600007F68B6E71A465B68A342FBD100235360CC
:10F61000DEE70C233360304600F00CF894E7056019
:10F62000D6E700BFD8D20324014800F044BC00BF95
:10F630001CD40324014800F03FBC00BF1CD40324A9
:10F640002DE9F041804615460C4621B9BDE8F04150
:10F650001146FFF769BF2AB900F044FC0024204698
:10F66000BDE8F08100F088FC8542064602D8B5EB83
:10F67000500FF4D829464046FFF756FF07460028AA
:10F68000ECD0B5422A46214628BF324600F015FC90
:10F690002146404600F026FC3C46E0E72DE9F04FCD
:10F6A00087B0174603938B685A1EB2F5AE7F81BFB1
:10F6B0006FF4AE7503EB050B40F25D138B600B68C6
:10F6C0000A464FF0000543F4F06342F81C3BCDE9D5
:10F6D000045580460C4698BF4FF0000B0192164629
:10F6E000AA46A9460295A26852B13B681B784E2BE8
:10F6F00064D8402B3CD8A3F12B01C8B20E283AD9CC
:10F70000B9F1000F03D0236823F4807323600AF15A
:10F71000FF3ABAF1010F00F21781019B9E4200F2FD
:10F720000881012007B0BDE8F08FA3F161020D2A26
:10F73000E6D801A151F822F07FF8000801F700088F
:10F7400001F7000801F70008DFF80008B7F8000823
:10F7500001F7000801F700088DF8000801F700081C
:10F7600001F7000801F7000801F7000845F8000854
:10F77000A3F14102DBE70E29C2D801A050F821F025
:10F7800035F8000801F7000835F80008CBF8000844
:10F7900001F70008DDF700081BF800081BF8000857
:10F7A0001BF800081BF800081BF800081BF80008ED
:10F7B0001BF800081BF800081BF800086E2B09D87E
:10F7C000602BB2D8542B7BD0592B99D1072D97D1D0
:10F7D00008252CE0742B73D0792BF6E72168C80537
:10F7E0001BD521F08001216009F10109BBF1000F57
:10F7F00003D001320BF1FF3BA260A368013BA36081
:10F800002369013323617B68013B002B7B6040F35C
:10F8100087803B6801333B6065E71AEB05017FF4A5
:10F820006FAF226822F4C07222600D468A4606F845
:10F83000013BE2E7226810067FF562AF22F080020A
:10F840002260F4E7BAF1000F0ED1B9F1000F0ED12A
:10F85000226802F4E061B1F5E06F08D122F4F062B1
:10F8600022604FF0010AE2E7BAF1020F55D0012DF4
:10F8700002D0042D7FF444AF0135EDB2D7E7BAF1E1
:10F88000010F7FF43DAF4FF0020AD0E77DB9B9F127
:10F89000000F7FF438AF226802F4E061B1F5E06F49
:10F8A00040F0018122F4F06222600125BFE7032DC0
:10F8B000E2D0052DDEE7022D7FF422AF0325B6E767
:10F8C000062D7FF41DAF0725B1E7226891057FF56E
:10F8D00017AF22F420722260CDF80890A7E72268C3
:10F8E00002F4A061B1F5806F06D050057FF508AF36
:10F8F000B9F1000F00F0D780910558BF029922F4AA
:10F90000F06258BFA9EB010142F4C07258BFCDE9C3
:10F91000041622604FF0000989E74FF0030A86E7DA
:10F92000D4F8803139464046984700283FF4DBAE92
:10F93000E6E6D4F87C3116F8011D3A464046984771
:10F940002369013B2361E8E66B1E062B24D8022DB8
:10F9500036D8019B9E427FF6E4AED4F87C3116F88F
:10F96000011D3A46404698472369013B2361F0E771
:10F97000D4F87C311BF8011D3A464046984723696C
:10F98000013B23610AF1FF3A5FFA8AFABAF1020FEA
:10F99000EED1033DEDB2761B2368DA0530D55B0569
:10F9A00011D5019B9E427FF6BCAED4F87C3116F88F
:10F9B000011D3A46404698472369013B2361F0E721
:10F9C000AA46B346DEE716F8011C2369652903F150
:10F9D000FF3306F1FF3523610CD045290AD0D4F856
:10F9E0007C313A4640469847236916F8021C013B91
:10F9F000B51E2361D4F87C313A46404698472E46DE
:10FA0000226812F0100201D000208BE632702368C9
:10FA100003F4C063B3F5806F1AD1029B4B45A3EB8F
:10FA2000090221D101990022404601F05FF8039BB1
:10FA300021681B6811F0020F03F104021FD0039923
:10FA40000A601B6883ED000BE3680133E360DBE7CA
:10FA5000049B002BE6D005990A230131404601F0B2
:10FA6000C5F8049B059EC21A04F26F139E4228BF7C
:10FA700004F5B7760D49304600F0DEF8D2E711F014
:10FA8000040F03990A60DCD1B4EE400BF1EE10FADA
:10FA90001D6805D7064800F01FFA85ED000AD3E778
:10FAA000B7EEC00BF9E74FF0000930E698E5020821
:10FAB0005BE90208002310B50446C0E90033C0E941
:10FAC0000433836081814366C281836119460822C1
:10FAD0005C3000F067F90D4B63620D4BA3620D4B78
:10FAE000E3620D4B23630D4B24629C4206D003F16D
:10FAF0006802944202D0D0339C4205D104F15800F0
:10FB0000BDE8104000F0D6B910BD00BF79FC000878
:10FB10009BFC0008D3FC0008F7FC0008DCD203249F
:10FB2000024A0349034800F069B800BF0C1F0024D3
:10FB3000C51201081C1F002441680C4B994210B5E6
:10FB4000044601D001F0BEFBA168094B994202D0E6
:10FB5000204601F0B7FBE168064B994204D02046ED
:10FB6000BDE8104001F0AEBB10BD00BFDCD20324E5
:10FB700044D30324ACD3032410B50B4B0B4C0C4AD9
:10FB80001A60204600220421FFF794FF04F1680068
:10FB900001220921FFF78EFF04F1D0000222BDE807
:10FBA00010401221FFF786BF14D40324DCD20324B3
:10FBB00021FB0008014800F07EB900BF1DD40324DA
:10FBC000014800F079B900BF1DD4032410B50446E4
:10FBD000FFF7F0FF236A1BB1BDE81040FFF7F0BF4D
:10FBE000044B2362044B1B68002BF5D1FFF7C4FFC5
:10FBF000F2E700BF39FB000814D403242DE9F843D1
:10FC00000746884614460026D4E90195B9F1010952
:10FC100005D52468002CF7D13046BDE8F883AB89C0
:10FC2000012B07D9B5F90E30013303D029463846E8
:10FC3000C04706436835E9E70EB400B59CB01DAB7C
:10FC4000029006906FF0004109480791049109491C
:10FC500053F8042B05910068019302A901F024F8E0
:10FC6000029B00221A701CB05DF804EB03B07047D1
:10FC7000181F00240802FFFF10B50C46B1F90E1042
:10FC800000F0BAF80028ABBF636DA3891B1823F4FA
:10FC90008053ACBF6365A38110BD2DE9F0411F46C1
:10FCA0008B89DB0505460C46164605D5B1F90E10C5
:10FCB0000223002200F08EF8A389B4F90E1023F479
:10FCC0008053A38132463B462846BDE8F04100F010
:10FCD000B5B810B50C46B1F90E1000F07BF8431C16
:10FCE000A38915BF606523F4805343F48053A38137
:10FCF00018BFA38110BDB1F90E1000F05BB830B58C
:10FD00001446002C9BB005461A4605DA8B23036087
:10FD10004FF0FF301BB030BD4FF40273ADF80C3024
:10FD200014BF04F1FF332346029305934FF6FF738C
:10FD300000910491ADF80E3069461E9B00F0B4FFAF
:10FD4000431CBCBF8B232B60002CE3D0009B002204
:10FD50001A70DFE707B5009313460A4601460348C9
:10FD60000068FFF7CCFF03B05DF804FB181F002408
:10FD7000884210B501EB020402D98442234607D819
:10FD8000431EA14208D011F8012B03F8012FF8E718
:10FD9000024401468A4200D110BD13F8014D02F819
:10FDA000014DF7E702440346934200D1704703F840
:10FDB000011BF9E738B5064D0023044608462B60C1
:10FDC00003F0CAFC431C02D12B6803B1236038BD89
:10FDD00018D4032438B5074D0446084611460022BE
:10FDE0002A601A4603F0E0FC431C02D12B6803B1E1
:10FDF000236038BD18D4032438B5074D044608469F
:10FE0000114600222A601A4603F0D6FC431C02D198
:10FE10002B6803B1236038BD18D4032438B5064DD0
:10FE20000023044608462B60F1F7D2FB431C02D1A5
:10FE30002B6803B1236038BD18D4032438B5074DAF
:10FE400004460846114600222A601A4603F0BCFC0C
:10FE5000431C02D12B6803B1236038BD18D403249E
:10FE6000014B1868704700BF181F002470B50D4D76
:10FE70000D4C641BA4100026A64209D10B4D0C4C5E
:10FE800003F0ACFC641BA4100026A64205D170BD93
:10FE900055F8043B98470136EEE755F8043B984780
:10FEA0000136F2E7A8ED0208A8ED0208A8ED020865
:10FEB000ACED02087047704770470A44914200F168
:10FEC000FF3300D1704710B511F8014B03F8014F13
:10FED0009142F9D110BD00009FED010A704700BFAB
:10FEE0000000C07F38B50546002941D051F8043CD8
:10FEF0000C1F002BB8BFE418FFF796FB1D4A1368D0
:10FF000033B9636014602846BDE83840FFF792BB00
:10FF1000A34208D9206821188B4201BF19685B6889
:10FF200009182160EDE71A465B680BB1A342FAD9C4
:10FF300011685018A0420BD1206801445018834228
:10FF40001160E0D118685B68536008441060DAE71C
:10FF500002D90C232B60D6E7206821188B4204BFFE
:10FF600019685B68636004BF091821605460CAE7C0
:10FF700038BD00BFD8D2032451F8043C181F002B11
:10FF8000BCBF0B58C018704770B504460D461646E6
:10FF900045EC104B02F098F87EB1C5F30A53C3F15B
:10FFA0006B03002B09DD1B0503F17F51002001F5D8
:10FFB000401141EC170B20EE070B70BD0000000054
:10FFC0002DE9F04F2DED0A8B97B088460E92002256
:10FFD000129205904FF0000A4FF0000B0A46119262
:10FFE00011782B294CD039D80D2933D8082933D88A
:10FFF00000293CD000220892119D2A78302A40F036
:020000040801F1
:10000000B5806A7802F0DF02582A70D10293089B0B
:10001000019312AB00938B4A059813AB11A901F021
:10002000FBF910F00F06044605D0062E2AD1013543
:100030000023119508930E9B002B40F02F85089B01
:100040004BEC10ABCBB1B1EE400B17B0BDEC0A8B53
:10005000BDE8F08F2029CDD10132C0E72D29C9D1CB
:1000600001210891511C11915278002AC4D10E9B94
:10007000CDF84480002B40F00F854BEC10ABE4E74B
:100080000021EEE7129A3AB1352114A802F013F9D3
:100090001299059801F0E4FC731E139A042B06D8FC
:1000A000DFE803F014031D201400DDE914ABE305C1
:1000B00048BF4BF0004B2BF000431B0D1B05002BE2
:1000C000B9D1FFF7CDFE22230360B4E7DDE914A325
:1000D00002F2334223F4801343EA025BE7E7DFF8DE
:1000E0006CB1E4E76FF0004B4FF0FF3ADFE7119B94
:1000F0005A1C11925B78302BF9D0002B9BD0012336
:1001000000260793119B0A93B14635460A2211989F
:100110000478A4F13003D9B2092929D94A49012226
:1001200001F0F8F878B3002022462B4607460690E7
:10013000652A01D0452A17D11BB9079B034396D0E6
:100140000023DDF8448008F10102119298F80120A3
:100150002B2A6BD02D2A71D04FF0000EA2F1300463
:10016000092C79D9CDF84480002494E00023C7E716
:10017000082D00F10100D4BF02FB093902FB06364D
:1001800001351190C3E7119B5A1C11925A7875B32F
:1001900007462B46A2F13001092913D90121069106
:1001A000C6E7119B5A1C11925A780130302AF8D0B8
:1001B000A2F13103082B00F27684119B0A930746C3
:1001C00000200346303A00F1010123D00F4400EB38
:1001D000030C19460A2461450BD15C1C0344082B0F
:1001E000044411DC0A2303FB0929002113E02846FB
:1001F000DCE7082901F1010102DC04FB09F9EAE767
:100200001029D8BF6643E6E70F2BEEDC0A2303FB79
:100210000626EAE71C46119B5A1C11925A7808469A
:100220002346B7E701230027069386E74FF0000E29
:1002300008F10202119298F802208FE74FF0010EA8
:10024000F6E700BFC0E502089DE502080000F07F68
:10025000119A541C11945278302AF9D0A2F1310429
:10026000082C81D8A2F1300C119A0992119A511CD4
:1002700011915278A2F13004092C38D9099C0C1B39
:10028000082C44F61F6402DC6445A8BF6446BEF136
:10029000000F00D06442002B4ED1079B18437FF41F
:1002A000CAAE069B002B7FF4E2AE692A27D024DC7D
:1002B000492A24D04E2A7FF4DAAE974911A801F0DA
:1002C000CDFA00283FF4D3AE119B1B78282B2DD1FB
:1002D000924914AA11A801F0D5FA052826D1159B38
:1002E000DDF850A043F0FF4B4BF4E00BA3E60A24EB
:1002F00004FB0C2CACF1300CB8E76E2ADBE7884924
:1003000011A801F0ABFA00283FF4B1AE119B85496A
:10031000013B11A8119301F0A1FA10B9119B01330F
:100320001193DFF814B24FF0000A84E67E4801F022
:1003300003F85BEC10AB7EE607EE909AE21BB8EE9A
:10034000677B002D08BF1D46102B09921A46A8BFD7
:100350001022092B5BEC17AB15DCE11B00293FF4E5
:100360006AAEA4EB070172DD162959DC6F4B099ABE
:1003700003EBC20393ED007B4BEC16AB27EE067B41
:100380005BEC17AB57E6694901EBC20111ED125B5B
:1003900006EE906A0F2BB8EE666BA7EE056B5BEC72
:1003A00016ABDADD9A1AE11B0A44002A40F3948066
:1003B00012F00F000AD05D4901EBC00191ED007B06
:1003C0004BEC16AB27EE067B5BEC17AB32F00F0263
:1003D00073D0B2F59A7F47DD002425460794264660
:1003E000059ADFF854B1222313604FF0000A079BEF
:1003F000002B3FF420AE1299059801F031FB0598CF
:10040000314601F02DFB0598294601F029FB07999B
:10041000059801F025FB0598214601F021FB0AE62D
:10042000C3F12501E01B8142BCDB404AC3F10F034D
:1004300002EBC30191ED007B09994BEC16ABCB1A93
:1004400002EBC30227EE067B92ED006B96E71631B6
:10045000A8DB364B3C1B03EBC40494ED007B4BEC58
:1004600016AB86EE077B8BE700204BEC17AB304ECC
:1004700012110146012A23DC08B15BEC17AB2C4AB0
:100480002C4802EBC10292ED007BABF1547B4BECAC
:1004900016AB294A27EE067B17EE901A0A408242D5
:1004A0005BEC17AB98D8A0F58010824286BFDFF8CE
:1004B0008CB04FF0FF3A01F1547B0022069276E0B7
:1004C00012F0010F04D096ED006B012027EE067BA1
:1004D000013152100836CDE7EFD0524212F00F0032
:1004E0000AD0124901EBC00191ED007B4BEC16AB39
:1004F00086EE077B5BEC17AB1211DED01F2A1FDDE7
:100500000024254607942646059A22234FF0000A28
:100510004FF0000B13606AE7A8E50208ACE502089B
:100520009FE50208A2E502085BE9020858E8020814
:1005300030E802080000A07C0000F07FFFFFEF7FA2
:1005400012F0100118BF6A2106914BEC17ABB049AD
:100550000020D60704D591ED006B012027EE067B25
:10056000521001F10801F4D108B15BEC17AB069A07
:10057000B2B1CBF30A51C1F16B02002A58460FDD2C
:100580001F2A55DD342ADEBF4FF0FF32C1F14B0187
:100590008A404FF0000ACCBF4FF05C7B02EA000BB0
:1005A0004BEC17ABB5EE407BF1EE10FAA8D00A99F0
:1005B0000598CDF800902A4601F0BAFA0790002875
:1005C0003FF40AAF099B3F1B002BB4BF3B460023FF
:1005D0000A93099B9FED8ABB23EAE37300240D93E2
:1005E0002546079B0598596801F0FAF90646002848
:1005F0003FF4F6AE079B1A694BEC19AB023203F1DC
:100600000C0192000C30FFF758FCB0EE490B059836
:1006100014AA13A901F0C8FD129000283FF4E0AE1F
:100620000598012101F01AFB054640B90025D7E6DF
:100630004FF0FF3101FA02F202EA0A0AB0E7139F13
:10064000149A002FABBF0A9B0D9BDDF83480DDF8B8
:100650002890ACBF07EB0309A3EB0708069BFF1A22
:100660001744C2F136036B4A013F974251DAD11B5E
:100670001F29A3EB01034FF001023EDC8A400C92DC
:1006800000220B9209EB03079844069BB945984456
:100690004B46A8BF3B464345A8BF4346002BC2BFBD
:1006A000FF1AA8EB0308A9EB03090A9B002B16DD30
:1006B000294605981A4601F091FB05460028B5D059
:1006C0000146129A059801F0DFFA0F9000283FF4D6
:1006D00087AE1299059801F0C3F90F9B1293002F72
:1006E0001BDC099B002B21DD31460D9A059801F09A
:1006F00075FB0646D0B9002672E6C7F17F4707F5BD
:100700007F0707F57B47E23702FA07F10B910C925E
:10071000B8E700220B920122F9E7129905983A46B0
:1007200001F0B6FB12900028DBD159E6B8F1000FBA
:1007300007DD31460598424601F0AAFB064600282F
:10074000D9D0B9F1000F08DD294605984A4601F0D5
:100750009FFB054600283FF443AE129905983246A8
:1007600001F01EFC044600283FF43AAE0023D0F806
:100770000C80C360294601F0F7FB00284EDA58EAE6
:100780000A0874D1CBF31303002B70D12BF0004374
:100790001B0D1B05B3F1D66F69D9636913B92369C2
:1007A000012B64DD21460122059801F071FB2946E9
:1007B000044601F0D9FB002859DD2BF00043069ACE
:1007C0001B0D1B05002A70D0B3F1D66F6DD8B3F1A5
:1007D0005C7F7FF699AE9FED0C7B4BEC16AB0E4B1E
:1007E00026EE077B17EE902A13405BEC17AB002B2D
:1007F0007FF401AE059A22231360FCE5AFF300807D
:100800000000C0FFFFFFDF41000000000000503982
:10081000D8E5020802FCFFFF0000F07FD9465DD159
:10082000CBF31303B8F1000F2AD0AB4A93422AD17D
:10083000069B5246FBB1A94B0BEA0303B3F1D46FFD
:100840004FF0FF311AD81B0DC3F16B0301FA03F30C
:100850009A4218D1A24B994502D101323FF4C0AD62
:100860009E4B09EA030303F5801B4FF0000A069B29
:10087000002BB0D1BFE54FF0FF33E9E70B46E7E7C8
:1008800053EA0A0399D00B9BC3B113EA090FEED0C8
:10089000069A50465946B8F1000F13D0FFF774FB83
:1008A00039EE007B5BEC17ABE1E7A3F580136FEA51
:1008B000135B6FEA0B5B4FF0FF3AD8E70C9B13EA30
:1008C0000A0FE4E7FFF760FB39EE400BB5EE400B93
:1008D000F1EE10FA5BEC10ABC9D115E629462046C3
:1008E00001F0BAFCB0EE007BB4EEC70BF1EE10FAEB
:1008F0005DD8B8F1000F64D1BAF1000F4BD1CBF342
:100900001303B7EE008B002B60D1B4EEC80BB6EE2C
:10091000008BF1EE10FA01D420EE088BB1EE48AB5B
:100920006E48704909EA00078F4253EC1A2B7DD1BB
:10093000A9F1547B4BEC1CABB0EE4C0B01F0C4FBAB
:100940006648A0EE0ACB1CEE903A674A03EA000123
:1009500091425BEC1CAB3CD919EE902A604B9A4259
:1009600004D119EE103A01333FF43AADDFF870B11B
:100970004FF0FF3A1299059801F072F80598314648
:1009800001F06EF80598294601F06AF805982146AD
:1009900001F066F825E6BAF1010F03D1BBF1000FB3
:1009A0003FF4B2ADBFEE00ABB7EE008BB8E7B6EEEA
:1009B000008B20EE088BB8F1000FAFD0B0EE48AB43
:1009C000AEE7B7EE00ABB0EE4A8BA9E7BFEE00ABE7
:1009D000A6E703F1547B069BD946002BCAD12BF026
:1009E00000431B0D1B059F42C4D151EC180BEFF7C0
:1009F000A3FEEFF75BFECBF3130941EC170B49EABB
:100A00000A0959EA080938EE478B3CD09FED2C7B48
:100A1000B4EEC78BF1EE10FA3FF5EDAC9FED2A7BFB
:100A2000B4EEC78BF1EE10FAA4DDE4E40699E1B16F
:100A3000B7F1D46F19D8B4EECB8BF1EE10FA11D810
:100A4000BCEEC88B18EE103A012B38BF012308EE1C
:100A5000103AB8EE488BB8F1000F11D1B1EE487BD7
:100A600053EC172B03F1D661CB1BB0EE490B43ECD3
:100A70001A2B01F029FBAAEE009B5BEC19ABAAE74D
:100A8000B0EE487BECE79FED127BB4EEC78BF1EE46
:100A900010FA7FF56FAFAEE4002308930E9A119B16
:100AA0001360FFF7CCBA652A3FF4BCAB452A3FF48C
:100AB000B9AB01230693FFF7F0BB00BFAFF3008093
:100AC0009535A094FFFFDF3F35E5AF350000E03FEF
:100AD0009535A094FFFFCF3FFFFF0F000000F07F90
:100AE000FFFFEF7F0000E07FFFFF9F7C014BFFF7E0
:100AF00067BA00BF681F0024242B2DE9F047864603
:100B0000904601D8012B06D1FFF7AAF916230360FE
:100B10000020BDE8F08734480D462A4615F8014B01
:100B2000065D16F00806F8D12D2C2DD12C78012663
:100B3000951C33F0100209D1302C2AD12A7802F00A
:100B4000DF02582A25D16C781023023506F1004CBB
:100B50000CF1FF3C0022BCFBF3F9104603FB19CA61
:100B6000A4F13007092F1BD83C46A34227DD571CB0
:100B700007D0814520D301D1A2451DDB00FB0340F6
:100B8000012215F8014BEBE72B2C04BF2C78951CA8
:100B9000CFE7002BDAD1302C0CBF08230A23D5E78E
:100BA000A4F14107192F01D8373CDEE7A4F1610712
:100BB000192F04D8573CD8E74FF0FF32E1E7531C18
:100BC00008D12223CEF800306046B8F1000FA0D043
:100BD000691E06E006B14042B8F1000F99D0002A24
:100BE000F6D1C8F8001094E701E60208FFF784BFC9
:100BF0002DE9F0478E681F46BE420B6882460C46C0
:100C000090462DD8B1F90C2012F4906F26D065696A
:100C1000096905EB4505A3EB010905EBD5757B1CBF
:100C20004B446D109D4238BF1D46530527D52946BC
:100C3000FEF77AFC064660B321694A46FFF73DF9A4
:100C4000A38923F4906343F08003A3812661656147
:100C50004E44A5EB09052660A5603E46BE4200D97C
:100C60003E46206832464146FFF782F8A3689B1B48
:100C7000A3602368334423600020BDE8F0872A4640
:100C8000FEF7DEFC06460028E0D121695046FFF75A
:100C900029F90C23CAF80030A38943F04003A3814B
:100CA0004FF0FF30E9E700002DE9F04F98468B89BF
:100CB0001B069DB007460D46144610D50B6973B947
:100CC0004021FEF731FC2860286130B90C233B60DD
:100CD0004FF0FF301DB0BDE8F08F40236B61002363
:100CE000099320238DF82930CDF80C803023DFF8CC
:100CF0009C818DF82A304FF0010923469A4613F85B
:100D0000012B0AB1252AF9D1BAEB040B0BD05B46B3
:100D1000224629463846FFF76BFF013000F0A780D6
:100D2000099A5A4409929AF80030002B00F09F80EB
:100D300000234FF0FF32CDE905230AF1010A0493A5
:100D400007938DF853301A935446052214F8011B6B
:100D50004E48EFF7CDFA049AD8B9D00644BF202305
:100D60008DF85330110744BF2B238DF853309AF878
:100D700000302A2B15D0079A544600204FF00A0C59
:100D8000214611F8013B303B092B4BD9B0B10792FA
:100D900014E0A0EB080309FA03F313430493A246FB
:100DA000D2E7039B191D1B680391002BBBBF5B425D
:100DB00042F0020207930793B8BF049223782E2BC8
:100DC0000AD163782A2B32D1039B1A1D1B68039228
:100DD00043EAE37302340593DFF8C0A021780322CD
:100DE0005046EFF785FA38B1049BA0EB0A00402289
:100DF000824013430134049314F8011B24488DF8F6
:100E000028100622EFF774FA002836D0214B1BBBBE
:100E1000039B073323F0070308330393099B3344F1
:100E200009936AE70CFB02320C460120A8E7002375
:100E30000134059319464FF00A0C204610F8012B97
:100E4000303A092A03D9002BC6D00591C4E70CFB20
:100E5000012104460123F0E703AB00932A460E4B21
:100E600004A93846AFF30080421C0646D6D1AB89B0
:100E70005B063FF52DAF09982CE703AB00932A469C
:100E8000054B04A9384600F079F8EDE701E70208C0
:100E90000BE7020800000000F10B010807E7020859
:100EA0002DE9F047164698468A680B69DDF82090D0
:100EB0009342B8BF1346336091F8432007460C466F
:100EC0000AB1013333602368990642BF33680233A5
:100ED0003360256815F0060506D104F1190AE368A8
:100EE00032689B1AAB4226DC94F843302268003B00
:100EF00018BF012392062BD404F143024146384621
:100F0000C84701301ED02368226903F00603042B72
:100F100002BFE5683368ED1AA3680CBF25EAE575E2
:100F200000259342C4BF9B1AED1800261A34B5421F
:100F30001AD1002008E00123524641463846C847EE
:100F4000013003D14FF0FF30BDE8F0870135C6E72F
:100F5000E1185A1C302081F84300224494F84510CF
:100F600082F843100233C7E7012322464146384640
:100F7000C8470130E6D00136D9E700002DE9FF4728
:100F80000F7E0C9E782F914680460C469A4601F1C2
:100F9000430207D8622F0AD8002F00F0D280582FC2
:100FA00000F0B98004F1420684F842703AE0A7F1FB
:100FB0006303152BF6D801A151F823F01510010891
:100FC00029100108A50F0108A50F0108A50F0108A8
:100FD000A50F010829100108A50F0108A50F010898
:100FE000A50F0108A50F01082911010853100108D8
:100FF000E3100108A50F0108A50F01084B11010816
:10100000A50F010853100108A50F0108A50F01083D
:10101000EB10010833681A1D1B68326004F14206A8
:1010200084F8423001239DE033682068191D316047
:10103000060601D51D6803E04506FBD5B3F900504F
:10104000002D03DA2D236D4284F8433059480A23DA
:1010500011E021683368080653F8045B02D449069E
:1010600048BFADB26F2F5348336014BF0A23082323
:10107000002184F843106668A660002EA2BF216894
:1010800021F0040121600DB9002E4BD01646B5FBAE
:10109000F3F103FB1157C75D06F8017D2F46BB42F4
:1010A0000D46F4D9082B0BD12368DF0708D5236937
:1010B00061689942DEBF302306F8013C06F1FF3635
:1010C000921B2261CDF800A04B4603AA2146404660
:1010D000FFF7E6FE01304AD14FF0FF3004B0BDE823
:1010E000F087236843F0200323603348782784F88F
:1010F0004570236831681F0651F8045B02D45F060F
:1011000048BFADB23160D90744BF43F0200323602C
:101110001DB11023ACE72748E9E7236823F020033B
:101120002360F6E71646BDE7336825686169181D38
:1011300030602E061B6801D5196002E06806FBD5F9
:101140001980002323611646BCE733681A1D3260FC
:101150001E68626800213046EFF7CAF808B1801BAC
:10116000606063682361002384F84330AAE7236941
:10117000324649464046D0470130ADD023689B07F0
:1011800013D4E068039B9842B8BF1846A6E7012332
:10119000324649464046D04701309DD00135E3688C
:1011A00003995B1AAB42F2DCEBE7002504F1190668
:1011B000F5E700BF12E7020823E70208B1F90C20A7
:1011C0002DE9F041160705460C4654D44B68002B18
:1011D00002DC0B6C002B48DDE66A002E45D00023B4
:1011E00012F480522F68216A2B6030D0626DA3897F
:1011F000590705D56368D21A636B0BB1236CD21AF9
:101200000023E66A216A2846B047431CA38906D119
:1012100029681D292BD82A4A0A41D60727D400223B
:101220006260D9042269226004D5421C01D12B6876
:1012300003B96065616B2F60B9B104F14403994251
:1012400002D02846FEF74EFE002363630DE0012323
:101250002846B0470246501CC9D12B68002BC6D087
:101260001D2B01D0162B1ED12F60002022E043F051
:1012700040031BB21BE00F69002FF6D093070E68E6
:1012800008BF4B690F6018BF0023A6EB07088B60EF
:10129000B8F1000FE9DD216AA66A43463A462846BE
:1012A000B047002808DCB4F90C3043F04003A381B8
:1012B0004FF0FF30BDE8F0810744A8EB0008E7E7F6
:1012C000FEFFBFDF38B50B6905460C4613B9002594
:1012D000284638BD18B1036A0BB9FEF777FCB4F99C
:1012E0000C30002BF3D0626ED00704D4990502D4E1
:1012F000A06DFEF7E0FD28462146FFF75FFF636E15
:10130000DA070546E4D4A3899B05E1D4A06DFEF776
:10131000D3FDDDE710B56AB10139841810F8012B4F
:1013200011F8013F9A4203D1A04201D0002AF5D121
:10133000D01A10BD1046FCE79FED010B704700BFAF
:10134000000000000000F87F0369B3EB611F2DE986
:10135000F0434FEA611200F1140445DD11F01F0162
:1013600004EB830604EB82050CD100F1100729463B
:10137000B14234D39B1A9B00EA1E964238BF002329
:10138000234415E054F82270C1F12008CF4005F144
:10139000040EA1467645F44615D89A1A9200043AEE
:1013A0000135AE4238BF0022A318A75007B104335D
:1013B0001A1BA3424FEAA20208BF0023026108BF22
:1013C0004361BDE8F083DCF800C00CFA08FC4CEA8D
:1013D000070749F8047B5EF8047BCF40DAE751F851
:1013E00004CB47F804CFC3E72346E1E7A0F130037D
:1013F000092B02D82038C0B27047A0F16103052B39
:1014000001D84738F7E7A0F14103052B01D8273869
:10141000F1E70020704700002DE9F04F85B08A46C3
:1014200002930B68019090469C1CA14614F8010B96
:101430003028FAD0A9EB0303A3F1020BFFF7D6FF84
:101440000546002868D1A04901224846FFF762FFFF
:101450000746002867D199F801002646FFF7C6FF26
:10146000002862D0234618783028994603F10103FA
:10147000F9D0FFF7BBFFB0FA80F56D094FF0010B13
:101480004A46164601323078FFF7B0FF0028F8D1FF
:101490008D4901223046FFF73DFF00283FD144B976
:1014A000741C2246164601323078FFF79FFF002851
:1014B000F8D1A41BA700337803F0DF03502B3ED1F3
:1014C00073782B2B33D02D2B34D0711C002408784B
:1014D000FFF78CFF431EDBB2182B30D8A0F11002AF
:1014E00011F8010FFFF782FF00F1FF3C5FFA8CFC5F
:1014F000BCF1180F4FF00A031ED904B15242174431
:10150000CAF80010EDB1BBF1000F0CBF0625002595
:10151000284605B0BDE8F08F00252C46B0E7002C2A
:10152000C7D12746C7E74E462F460125C3E700240B
:10153000B11CCCE70124FBE703FB0200CEE73146F8
:10154000DEE7A6EB0903013B2946072B0ADC0198DD
:1015500000F046FA044640B95C4B0246E4215C4880
:1015600000F0FAFE01315B10EFE700F1140A0023EE
:1015700055469B46B14537D345F804BBA5EB0A0554
:10158000AD102561584600F01DFB6D01D8F80060D4
:101590002D1AB54254DDAD1B2946204600F0AEFEA3
:1015A000814678B16B1E591103F01F025AF82110C1
:1015B0004FF0010909FA02F20A4203D04B4536DC2A
:1015C0004FF0020929462046FFF7BEFE2F44D8F807
:1015D0000830BB4242DA0198214600F041FA0E9AE7
:1015E00000231360A32593E716F8012D2E2A12D0AD
:1015F000202B04D145F804BB4FF0000B5B4630783C
:101600000393FFF7F3FE039B00F00F0098404BEAB3
:10161000000B0433AEE7B145EAD82B49039301220E
:101620003046FFF777FE039B0028E1D1A2E7A91E11
:10163000204600F063FE0028C2D04FF00309C1E746
:1016400009DA751B214601982A4600F021FC7F1B10
:10165000044600F1140A4FF00009B8E7D8F8045026
:10166000BD426FDDED1BAE4234DCD8F80C30022BEE
:1016700022D0032B24D0012B15D1AE4213D1012E41
:101680000BD1029AD8F80430136001232361CAF801
:1016900000300E9B62251C603AE7711E204600F068
:1016A0002DFE0028EDD10198214600F0D9F90E9ABF
:1016B0000023136050252BE70F9B002BF3D1E0E7AD
:1016C0000F9B002BDDD1EEE79DE502083CE7020809
:1016D0004DE702086F1EB9F1000F30D127B139462E
:1016E000204600F00BFE81467A1101235AF8222091
:1016F00007F01F07BB4013422946204618BF49F098
:101700000209FFF721FED8F80470761B0225B9F113
:10171000000F47D0D8F80C30022B15D0032B17D070
:10172000012B09D119F0020F06D0DAF8003049EA8E
:10173000030919F0010F0ED145F0100532E04FF00A
:101740000109D1E70125E2E70F9BC3F101030F93E4
:101750000F9B002BF0D0D4F810B004F114034FEA23
:101760008B0A03EB8B014FF0000C184653F8042B47
:10177000B2F1FF3F1BD001320260022D04F11403CD
:101780003CD1D8F80020013AB24209D171110122AE
:1017900053F8213006F01F0602FA06F61E423AD12F
:1017A00045F020050E9B1C60029B1F60B0E699422D
:1017B00043F804CCD9D8A3689B4517DB616801982E
:1017C000013100F00DF9814618B91A4B0246842107
:1017D000C5E62269023204F10C0192000C30FEF7DA
:1017E0006CFB2146019800F03BF94C4623695A1CDA
:1017F00004EB8303226101225A61BEE722695A4544
:101800000BDD01212046FFF79FFDD8F80830013796
:10181000BB42FFF6E0AE0125C2E716F01F06FAD084
:101820005344C6F1200653F8040C00F0CBF9B04243
:10183000E7DBF0E73CE70208C2F10802920070B56E
:10184000C2F120064368046803FA06F52C43D3402E
:10185000046040F8043F8842F4D370BD30B503689B
:10186000013311F8014B14B90360012030BD13F8A6
:10187000012BA2F14105192D98BF2032A242F0D0D0
:101880000020F3E72DE9F04F0B6801685E1102EBD1
:10189000860613F01F0387B018BF04360025371FD4
:1018A00082469046019346F8045CB9463C46029550
:1018B000AB464A784B1C039342B310460591049201
:1018C000FFF794FD002851D1049A0599202A18D8D1
:1018D000029B9B4513DD4C4506D2072D04DC2A46AE
:1018E00049462046FFF7A8FF444552D90023A4F1FA
:1018F000040944F8043CCDF808B04C461D46039951
:10190000D7E7292A57D10231CAF80010BBF1000FDE
:1019100051D04C4506D2072D04DC2A4649462046C4
:10192000FFF78AFF444536D9A8F10402234653F84D
:10193000041B42F8041F9F42F9D23B1B23F0030310
:1019400004330134033EB44288BF042343440022DD
:1019500043F8042B9F42FBD23B681BB9474528D173
:1019600001233B60052007B0BDE8F08F0135082D4D
:101970000BF1010B06DD4445C1D9002344F8043CBA
:101980000125043C226800F00F0040EA02102060AC
:10199000B5E70825B3E7019B002BDDD0C3F1200399
:1019A0004FF0FF32DA4056F8043C134046F8043C4E
:1019B000D2E7043FD0E70420D5E782B001B901A9FE
:1019C00042B14BB113780B601278101E18BF012082
:1019D00002B070471046FBE76FF00100F8E7000027
:1019E00070B5C66904460D4676B91020FDF772FD44
:1019F0000246E06120B9184B18486B2100F0ACFC9E
:101A0000C0E901660660C660E669F36883B1E36910
:101A1000DB6853F82500B8B9012101FA05F6721DFB
:101A20009200204600F0B6FC60B1C0E901560EE01D
:101A300021220421204600F0ADFCE369F060DB6860
:101A4000002BE4D1002070BD026843F8252000235C
:101A5000C0E90333F7E700BFADE70208C4E70208B7
:101A600070B5C66905460C4676B91020FDF732FD03
:101A70000246E86120B9094B09488F2100F06CFC4F
:101A8000C0E901660660C6603CB1EB696268DB686C
:101A900053F82210216043F8224070BDADE70208E0
:101AA000C4E702082DE9F0410D6907460C461E46C1
:101AB00001F1140C0020DCF8003099B202FB016146
:101AC0001E0C0B0C02FB063389B2013001EB034103
:101AD00085424CF8041B4FEA1346ECDC0EB3A368B6
:101AE000AB4219DC616838460131FFF779FF804667
:101AF00028B902460C4B0D48BA2100F02DFC226992
:101B0000023204F10C0192000C30FEF7D6F92146A6
:101B10003846FFF7A5FF444604EB850301355E61B7
:101B200025612046BDE8F0813CE70208C4E70208D1
:101B30002DE9F8430C4615461F4609220833064690
:101B400093FBF2F3002101229A4209DB3046FFF7B2
:101B500047FF40B90246194B1948D32100F0FCFB5E
:101B600052000131F0E7089B4361092D4FF001035A
:101B7000036116DD04F10909C8462C4418F8013B3D
:101B80000146303B0A223046FFF78CFFA045F5D1D5
:101B9000A5F108044C442D1B6319BB4204DBBDE8CE
:101BA000F8830A340925F6E714F8013B0146303B77
:101BB0000A223046FFF776FFEEE700BF3CE7020857
:101BC000C4E70208B0F5803F034636BF0304002097
:101BD0001020B3F1807F3CBF1B020830B3F1805F5F
:101BE0003CBF1B010430B3F1804F3CBF9B0002306F
:101BF000002B05DB13F0804F00F1010008BF20200F
:101C000070470368024613F007000BD0D90721D4B0
:101C1000980749BF5B089B08012013605CBF1360F5
:101C20000220704799B209B91B0C1020D9B209B92A
:101C300008301B0A190704BF1B090430990704BFA9
:101C40009B080230D90703D45B0800F1010003D0E0
:101C500013607047002070472020704710B50C4675
:101C60000121FFF7BDFE024628B9054B054840F2A9
:101C7000451100F071FB01234461036110BD00BFF9
:101C80003CE70208C4E702082DE9F04F14460A6950
:101C900023699A42A8BF23460F46A4BF0C461F469D
:101CA000D4F810A0D7F81090A36861680AEB090671
:101CB000B34285B0B8BF0131FFF792FE30B902469A
:101CC000444B45484FF4B17100F046FB00F1140558
:101CD00005EB86082B460022434521D307F114016A
:101CE00004F1140202EB8A0201EB89030293131B35
:101CF000153B23F00303043304F11507BA4238BF40
:101D000004230193029B03918B420CD8002E03DD28
:101D100058F8043D002B5BD0066105B0BDE8F08F9C
:101D200043F8042BD8E7B1F800A0BAF1000F24D093
:101D300004F1140EA9464FF0000C5EF8047BD9F8AC
:101D400000301FFA87FB9BB20AFB0B334FEA174B9D
:101D5000D9F8007063444FEA174C0AFB0BC707EB36
:101D600013479BB243EA0743724549F8043B4FEAE5
:101D7000174CE2D8019B45F803C0039BB3F80290CF
:101D80000431B9F1000F21D02B6804F1140CAE46D8
:101D90004FF0000ABCF800B0BEF8027009FB0B77E8
:101DA00057449BB243EA07434EF8043B5CF8043BBC
:101DB0004FEA134ABEF8003009FB0A3303EB17431E
:101DC00062454FEA134AE5D8019FEB51043599E784
:101DD000013E9BE73CE70208C4E702082DE9F8430F
:101DE000154612F0030207460E4607D0254C013A6D
:101DF000002354F82220FFF755FE0646AD103DD0D3
:101E0000FC697CB91020FDF765FB0246F86128B932
:101E10001D4B1E4840F2B31100F09EFAC0E9014488
:101E20000460C460D7F81C80D8F808404CB940F270
:101E300071213846FFF712FF0023C8F80800044656
:101E400003604FF00009EB070AD5314622463846B9
:101E5000FFF71AFF314680463846FFF701FE464637
:101E60006D100BD0206838B9224621463846FFF75E
:101E70000BFF2060C0F800900446E4E73046BDE860
:101E8000F88300BF20E80208ADE70208C4E70208B3
:101E90002DE9F0470C464968236903EB6218A368F3
:101EA000074691464FEA621A08F10106B3420BDB7E
:101EB0003846FFF795FD054648B90246284B2948A4
:101EC0004FF4EF7100F048FA01315B00EEE70023B8
:101ED00000F1140100F110021846534533DB20696C
:101EE0002AEAEA7A04F1140319F01F0901EB8A01C6
:101EF00003EB800C2BD0C9F1200E8A460022186813
:101F000000FA09F010434AF8040B53F8042B9C45DF
:101F100022FA0EF2F3D8ACEB0403153B23F00303D3
:101F2000043304F11500844538BF0423CA500AB1B4
:101F300008F10206013E38462E612146FFF790FD6A
:101F40002846BDE8F08742F8040F0133C5E704399D
:101F500053F8042B41F8042F9C45F9D8EAE700BF59
:101F60003CE70208C4E702080A6903460069801AD0
:101F700030B50ED11433143103EB820401EB82012E
:101F800054F8045D51F8042D954203D005D24FF06A
:101F9000FF3030BDA342F3D3FBE70120F9E7000097
:101FA0002DE9F74F89460646114648461446FFF785
:101FB000DBFF051E12D129463046FFF711FD024610
:101FC00028B93F4B40F237213E4800F0C5F90123C4
:101FD000C0E90435104603B0BDE8F08FBCBF4B46E6
:101FE000A1463046D9F80410BABF1C460125002589
:101FF000FFF7F6FC024618B9314B40F24521E3E702
:10200000D9F810702669C56009F1100309F11405AB
:1020100004F1140E00F1140B05EB87080EEB860695
:102020000193D9464FF0000C019B5EF8040B53F866
:1020300004AF01931FFA8AF3194683B2CB1A000C3E
:102040006344C0EB1A4000EB23409BB243EA0043D9
:10205000764549F8043B4FEA204CE5D8331B153B45
:1020600023F0030315340433A64238BF04231D4470
:102070005B441E462C4644450ED308F10301491B20
:1020800021F00301033DA84538BF00210B4453F85C
:10209000041D91B117619DE754F8041BE646080C36
:1020A0001CFA81FC714400EB2C4089B241EA0041EA
:1020B00046F8041B4FEA204CDDE7013FE7E700BF8D
:1020C0003CE70208C4E7020882B08DED000B019ADC
:1020D0000F4B1340A3F15073002B08DC5B42B3F1AC
:1020E000A07F4FEA235204DA4FF400231341002269
:1020F00008E0A2F114031E2BDABF4FF00042DA40D1
:10210000012200231946104641EC100B02B0704723
:102110000000F07F2DE9F041066900F1140808EB9A
:102120008606371F56F8042C1046FFF74BFDC0F10A
:1021300020030A280B601B4915DCC0F10B0C22FAA6
:102140000CF3B84543EA010534BF56F8083C0023B8
:10215000153002FA00F023FA0CF303431C4645EC59
:10216000104BBDE8F081B8453ABF56F8083CA6F1DF
:10217000080700230B3812D0C0F1200123FA01F424
:1021800082402243474542F07F558CBF57F8042CCC
:1021900000228340CA4045F440151343DEE742EA7B
:1021A0000105DBE70000F03F2DE9F7430F46012171
:1021B00059EC108B1646FFF713FC044630B9024663
:1021C000234B244840F20F3100F0C6F8C9F30A55FA
:1021D000C9F313030DB143F480130193B8F1000365
:1021E00023D068460093FFF70CFDDDE90012D0B163
:1021F000C0F1200302FA03F30B43C2406361019272
:10220000019BA361002B0CBF012202222261A5B118
:10221000A5F2334505443D60C0F1350030602046ED
:1022200003B0BDE8F0836161EAE701A8FFF7E9FCCC
:10223000019B636120300122E8E704EB8203A0F2F6
:10224000324038601869FFF7BDFCC0EB4210E5E78B
:102250003CE70208C4E702082DE9F74F88466946C3
:102260008146FFF757FF01A9404655EC104BFFF799
:1022700051FFD8F81030D9F81020D21ADDE900311A
:102280005B1A03EB421357EC106B002BD6BFC3EB6A
:1022900003332A463A46AB46A246CEBF02EB035B67
:1022A00002EB035300EE903A4BEC17AB87EE000BBA
:1022B00003B0BDE8F08F013970B5491114690131DF
:1022C00002F1140300EB810103EB8404051FA34218
:1022D0000CD3A31A113B23F003031132A24288BF8F
:1022E000002318440023884205D370BD53F8046BC3
:1022F00045F8046FEBE740F8043BF4E700F1140203
:1023000000694B11984210B511DB0ADD11F01F0175
:1023100007D052F8234024FA01F000FA01F18C4270
:102320000BD102EB8303934203D8002010BD034678
:10233000F7E753F8041D0029F5D00120F6E703461E
:10234000084641B1FF2A04D98A221A604FF0FF30B3
:1023500070470A70012070471FB514461A46094B92
:102360001B680546D86854B9074B1C46CDE90134B3
:1023700000912B46054900F021F800F031F8044B9C
:10238000F4E700BF181F00245BE902082DE90208EA
:1023900020E9020870B5A1FB02543CB92946FDF7BB
:1023A000C3F8064628B90026304670BD0C220260EC
:1023B000F9E72A462146FDF7F5FCF5E70EB403B52B
:1023C000014603AB054853F8042B0068019300F065
:1023D00037F802B05DF804EB03B07047181F002413
:1023E00008B5062000F000FA012001F0F5F9936825
:1023F000013B002B10B4936008DA9469A34201DB1F
:102400000A2903D15DF8044B00F032B91368581C57
:102410001060197008465DF8044B7047F8B5064621
:102420000F461446D518AC4201D1002007E014F83D
:10243000011B3A463046FFF7DAFF431CF3D1F8BDE3
:102440002DE9F04F0D469DB014469846064618B14A
:10245000036A0BB9FDF7BAFB6B6ED90705D4AB89DC
:102460009A0502D4A86DFDF726FDAB891B0701D59F
:102470002B699BB92946304600F038F970B16B6E74
:10248000DC0704D54FF0FF301DB0BDE8F08FAB89FD
:102490009805F7D4A86DFDF70FFDF3E70023099326
:1024A00020238DF82930CDF80C803023DFF8AC8163
:1024B0008DF82A304FF0010923469A4613F8012B74
:1024C0000AB1252AF9D1BAEB040B0BD05B462246A0
:1024D00029463046FFF7A2FF013000F0A780099A95
:1024E0005A4409929AF80030002B00F09F80002394
:1024F0004FF0FF32CDE905230AF1010A0493079357
:102500008DF853301A935446052214F8011B534892
:10251000EDF7EEFE049AD8B9D10644BF20238DF81A
:102520005330130744BF2B238DF853309AF80030F3
:102530002A2B15D0079A544600204FF00A0C21464A
:1025400011F8013B303B092B4BD9B0B1079214E095
:10255000A0EB080309FA03F313430493A246D2E75E
:10256000039B191D1B680391002BBBBF5B4242F00C
:10257000020207930793B8BF049223782E2B0AD147
:1025800063782A2B32D1039B1A1D1B68039243EAFE
:10259000E37302340593DFF8D4A021780322504678
:1025A000EDF7A6FE38B1049BA0EB0A004022824062
:1025B00013430134049314F8011B29488DF82810A3
:1025C0000622EDF795FE00283FD0264B1BBB039B50
:1025D000073323F0070308330393099B3B44099314
:1025E0006AE70CFB02320C460120A8E70023013405
:1025F000059319464FF00A0C204610F8012B303A8B
:10260000092A03D9002BC6D00591C4E70CFB012190
:1026100004460123F0E703AB00932A46124B04A9BA
:102620003046AFF300800746781CD6D16B6ED907D1
:1026300005D4AB899A0502D4A86DFDF73DFCAB89A2
:102640005B063FF51FAF09981EE703AB00932A46D0
:10265000054B04A93046FEF791FCE4E701E70208C8
:102660000BE70208000000001D24010807E702082C
:10267000F8B50E461446054618B1036A0BB9FDF7C6
:10268000A5FAA369A360A3891A0701D5236943B9F1
:102690002146284600F02AF818B14FF0FF37384697
:1026A000F8BD23682269981A6369F6B283423746F7
:1026B00005DC21462846FEF705FE0028EDD1A3687B
:1026C000013BA36023685A1C22601E706269431C90
:1026D0009A4204D0A389DB07E1D50A2EDFD1214637
:1026E0002846FEF7EFFD0028D9D0D6E738B5294BAC
:1026F000054618680C4618B1036A0BB9FDF766FA6F
:10270000B4F90C30190722D4DA0607D409222A605A
:1027100043F04003A3814FF0FF3033E0580712D558
:10272000616B41B104F14403994202D02846FDF7A0
:10273000D9FB00236363A38923F02403A38100232F
:10274000636023692360A38943F00803A38123699D
:102750004BB9A38903F42073B3F5007F03D021465E
:10276000284600F083F8B4F90C3013F001020AD0C7
:102770000022A26062695242A261226942B913F04A
:102780008000C5D138BD990758BF6269A260F4E7DF
:102790000020F7E7181F00241F2938B505460C460E
:1027A00004D9162303604FF0FF3038BDC26B12B15D
:1027B00052F821304BB9284600F030F82246014645
:1027C0002846BDE8384000F017B8012B0AD0591C44
:1027D00003D1162303600120E7E7002142F824100B
:1027E000204698470020E0E7024B01461868FFF7B3
:1027F000D3BF00BF181F002438B5074D002304467F
:10280000084611462B6000F0C7FF431C02D12B681D
:1028100003B1236038BD00BF18D4032400F0ACBF5F
:1028200070B50C46B1F90E10002996B015461E463B
:102830000DDAA38913F0800F4FF0000114BF40237D
:102840004FF48063002031602B6016B070BD6A4683
:1028500000F048F80028ECDB019901F47041A1F583
:102860000053594259414FF48063EBE78B89F7B528
:102870009D0706460C4607D504F1470323602361F4
:102880000123636103B0F0BD01AB6A46FFF7C8FFE7
:10289000009F054639463046FCF746FE48B9B4F974
:1028A0000C309A05EED423F0030343F00203A38116
:1028B000E2E7A389206043F08003A381019BC4E980
:1028C00004075BB1B4F90E10304600F01DF828B1D2
:1028D000A38923F0030343F00103A381A3891D43CC
:1028E000A581CFE738B5074D0023044608461146B9
:1028F0002B6000F039FF431C02D12B6803B1236029
:1029000038BD00BF18D4032438B5064D0023044653
:1029100008462B6000F038FF431C02D12B6803B13E
:10292000236038BD18D4032408B52DED048BB0EE18
:10293000408B00F08CF9B4EE488BF1EE10FA0CD617
:102940009FED079BB4EEC98BF1EE10FA05D5FDF7AC
:1029500087FA89EE090B21230360BDEC048B08BDC7
:1029600000000000000000001FB5B0EE407B17EE35
:10297000903A214A23F00043934206D89FED1C1B56
:1029800005B05DF804EB00F067B91C4A934204D926
:1029900030EE400B05B05DF804FB684600F01CFA11
:1029A00000F00300012809D0022810D0B0B99DED35
:1029B000021B9DED000B00F04FF9EBE79DED021BB4
:1029C0009DED000B00F0B0F9B1EE400BE2E79DED9C
:1029D000021B9DED000B00F03FF9F5E79DED021B9A
:1029E0009DED000B012000F09FF9D3E7AFF30080CD
:1029F0000000000000000000FB21E93FFFFFEF7F27
:102A000010EE102A40F22A41C2F30A538B4230B42E
:102A1000B7EEC06A2AD912F5000F58D0B3F5FF6F90
:102A200003D330EE000A30BC7047DFED2A7AB4EEF3
:102A3000E70AF1EE10FA03DD30BC002000F0E0B848
:102A4000DFED257AB4EEE70AF1EE10FA03D530BCDB
:102A5000002000F0C9B8DFED217AB4EEE70AF1EE0C
:102A600010FA03D530BC002000F0C4B81C4BB7EE00
:102A7000000B93ED4A5B93ED484BB0EE447BA5EE23
:102A8000067B17EE100A37EE447B00F01F0295EE2E
:102A9000067B93ED4C5B27EE074B93ED4E6B03EB00
:102AA000C201A5EE076B53F832404D6893ED505BC1
:102AB00000210A1905EBC033A5EE070B43EC172BD9
:102AC000A6EE040B20EE070BB7EEC00BABE79FEDB5
:102AD000050AA8E71772B142B4F1CFC2CF8ECEC2B9
:102AE00060E902080000000010EE103AB3F17E5FCA
:102AF00010B455D0A3F50002B2F1FE4F1AD35A001C
:102B000004D15DF8044B012000F080B8B3F1FF4F11
:102B100043D0002B02DBB2F17F4F03D35DF8044BAF
:102B200000F086B8DFED207A20EE270A10EE103A8A
:102B3000A3F1386303F140421C49BFEE000B02F5DC
:102B40004D02C2F3C340D40D01EB0010E40590ED3B
:102B5000005B1B1B07EE903A90ED026BB7EEE77A35
:102B6000D215A5EE070B91ED405B20EE004B07EE72
:102B7000902AB8EEE77BA7EE056B91ED445B91EDF3
:102B8000467BA5EE007B91ED425B30EE060BA5EE99
:102B9000047BA4EE070BB7EEC00B5DF8044B704747
:102BA0009FED030AF9E700BF0000004BA8EA020806
:102BB0000000000010B52DED028BB0EE408A0446F7
:102BC000FDF74EF9B0EE480ABDEC028B046010BD73
:102BD00030B1F1EE407A27EE800A2220FFF7EABFFB
:102BE000F0EE407AF7E700009FED010AFFF7F0BF33
:102BF000000000109FED010AFFF7EABF0000201A55
:102C00009FED010AFFF7E4BF000000709FED070A87
:102C1000F7EE007ABFEE007A00284FF0220047FE60
:102C2000877A87EE800AFFF7C5BF00BF000000006B
:102C3000F0EE407A30EE407AF4EE677AF1EE10FA78
:102C400087EE070A02D62120FFF7B4BF7047B1EE26
:102C5000C00B704700000000B0EE405B15EE901A0C
:102C6000B7EE000B21F00041B1F1795F04D2FDEE27
:102C7000C57B17EE903A43B325EE056B21EE451B5D
:102C80009FED1B7B9FED1C4BA6EE074B9FED1C7B26
:102C9000A4EE067B9FED1C4BA7EE064B9FED1C7B25
:102CA0001F4BA4EE067B9FED1C4B9942A7EE064BF3
:102CB000B6EE007B24EE064B26EE077BA6EE041B49
:102CC00004D837EE417B30EE470B7047154B9942E5
:102CD00009D80022A1F5001343EC162B30EE460B69
:102CE00037EE467BEDE7B5EE026BF7E7AFF300801A
:102CF000D43888BEE9FAA8BDC4B1B4BD9EEE213E69
:102D0000AD529C804F7E92BE9015CB19A001FA3E29
:102D10007751C1166CC156BF4C5555555555A53FF9
:102D20003233D33F0000E93F10EE903A23F00043E6
:102D3000B3F1795F04D2FDEEC07B17EE903A5BB33E
:102D400020EE006B20EE065B9FED157B9FED164B92
:102D5000A6EE074B9FED167BA4EE067B9FED164B70
:102D6000A7EE064B9FED167BA4EE067B30B99FEDD8
:102D7000164BA6EE074BA4EE050B704727EE457BDE
:102D8000B6EE004BA1EE047B97EE061B9FED107B89
:102D9000A5EE071B30EE410B704700BFAFF300807C
:102DA0007CD5CF5A3AD9E53DEB9C2B8AE6E55ABE55
:102DB0007DFEB157E31DC73ED561C119A0012ABFF1
:102DC000A6F810111111813F495555555555C5BFEC
:102DD000495555555555C53F70B5B0EE407B17EE7A
:102DE000905A994B25F000469E4288B0044607D879
:102DF0000022002384ED000BC0E9022300201BE029
:102E0000924B9E423BD8A3F51B23002D9FED7E6B7A
:102E1000A3F5F06319DD30EE467B9E420ED09FEDA8
:102E20007C5B37EE456B37EE467B84ED006B37EE0F
:102E3000457B84ED027B012008B070BD9FED766B71
:102E40009FED775B37EE467BEBE79E4230EE067BED
:102E50000ED09FED6F5B37EE056B37EE467B84ED52
:102E6000006B37EE057B4FF0FF3084ED027BE3E72C
:102E70009FED696B9FED6A5B37EE067BEBE7744B6A
:102E80009E4270D800F0ECF8B6EE007B9FED666BCA
:102E9000A0EE067BFDEEC77BB8EEE75B17EE900A6F
:102EA000B1EE454B9FED587BA5EE470B9FED587B50
:102EB0001F2825EE077B30EE476B05DC654B421E75
:102EC00053F82230B34209D116EE903AC3F30A53B5
:102ED000C3EB1653102B4FEA265202DC84ED006B35
:102EE0001AE09FED4D3BB0EE406BA4EE036B30EE6D
:102EF000467BA4EE037B9FED4A3B95EE037B36EECB
:102F0000473B13EE903AC3F30A53D31A312B17DC25
:102F1000B0EE460B84ED003B94ED006B002D30EEDF
:102F2000460B30EE470B84ED020B85DAB1EE466BB3
:102F3000B1EE400B84ED006B84ED020B40427BE769
:102F40009FED3B7BB0EE460BA4EE070B36EE406BDD
:102F5000A4EE076B9FED384BB0EE467B95EE047BFD
:102F600030EE476BBAE73C4B9E4206D930EE407BD1
:102F700080ED027B80ED007B40E710EE103A3215C9
:102F8000A2F216421846A6EB025141EC170BBDEE19
:102F9000C76B9FED2B5BB8EEC66B37EE467B8DEDB6
:102FA000026B27EE057BBDEEC76B08A8B8EEC66BBB
:102FB00037EE467B8DED046B27EE057B8DED067BB2
:102FC000032130ED027BB5EE407BF1EE10FA0B46AB
:102FD00001F1FF31F5D0214901910221009102A8B0
:102FE000214600F045F8002DBFF626AF94ED007B9A
:102FF000B1EE477B84ED007B94ED027BB1EE477B25
:1030000084ED027B9AE700BF00004054FB21F93FAA
:103010003163621A61B4D03D0000601A61B4D03DE2
:103020007370032E8A19A33B83C8C96D305FE43FD8
:103030000000002E8A19A33BC14920259A837B39C1
:103040000000000000007041FB21E93F7BD90240F5
:10305000FB213941C8EB0208FFFFEF7F48EC020873
:1030600051EC100B024621F0004343EC102B70474B
:103070002DE9F04F2DED068BADF5137D9B460190AC
:10308000BB4BA298DDF88C8253F8209012F1140FFC
:10309000A8BFD31E0BF1FF3AB8BF00236FF017058E
:1030A0009FEDAD6BA4BF182093FBF0F303FB055518
:1030B000A3EB0A0415440F4609EB0A061AA808EB0D
:1030C000840C0022B2420EDD1AAA02EBCB020DF5EF
:1030D000D47E00264E4525DC9FED9F7BDDF804C0A5
:1030E0001446002015E0D44209D45CF8221007EE03
:1030F000901AB8EEE77BA0EC027B0132E2E7B0EE7B
:10310000467BF8E7BCEC025B94ED006B0130A5EE6A
:10311000067B5045A4F10804F4DDAEEC027B0136D9
:103120000832D7E706AA9FED8E9B9FED8FAB02EB8F
:10313000890208EB8303039202934C46E300049355
:1031400092AB03EBC40313ED280B6AAA06AB02EBA8
:10315000C4021E4620460028A2F108024ADC284686
:10316000059300F001FAB0EE408BB4EE000B28EEB0
:10317000000B00F079FAB2EE007BA0EE478BFDEE7B
:10318000C87B002D17EE908A059BB8EEE77B38EEE2
:10319000478B41DD601E06AAC5F1180C52F820606D
:1031A00046FA0CF2904402FA0CF2B61A06AA42F859
:1031B0002060C5F117021641002E3CDD4FF0000CD7
:1031C00008F1010860466FF07F4E644566DC002D13
:1031D00003DD012D72D0022D7AD0022E2BD1B7EE55
:1031E000000B30EE488B30B3284600F0BDF938EEC6
:1031F000408B20E020EE097BBDEEC77B0138B8EEA6
:10320000C77BA7EE4A0BBDEEC00BA6EC010A92ED00
:10321000000B37EE000B9EE705D1621E06A951F8A0
:103220002260F615C8E7B6EE007BB4EEC78BF1EE70
:1032300010FA31DA0026B5EE408BF1EE10FA40F0CC
:103240009B80621E00204A4549DA002862D0013C7A
:1032500006AB183D53F82430002BF8D0B7EE000B26
:10326000284600F081F99FED3E6B621C6AA9D300ED
:1032700001EBC2012246002A80F2A8802246002AE1
:10328000C0F2C6806AA901EBC2059FED337BDFF86F
:10329000E4C00020A11AB0E002268FE753F8042B07
:1032A00048B922B1C2F1807243F8042C01220CF11A
:1032B000010C104689E7AEEB0202F5E7621E06AB91
:1032C00053F82230C3F3160306A941F8223084E7ED
:1032D000621E06AB53F82230C3F31503F4E706ABC6
:1032E00053F82230013A1843ADE7013352F8040D88
:1032F0000028FAD0049A02F512726A4404EB0B001B
:103300001AA9661C983A01EBC0002344B34204DAC0
:103310001C4613E7039A0123E8E70299DDF804C08D
:1033200051F82610049107EE901AB8EEE77B0024BE
:10333000A0EC027B9FED087B8646544503DDA2ECA2
:10334000027B0136E2E7BCEC025B3EED026B01342E
:10335000A5EE067BF1E700BF0000000000000000C2
:10336000000000000000703E0000000000007041FE
:1033700090ED020850ED02086842B0EE480B00F0F4
:10338000F3F89FED736BB4EEC60BF1EE10FA17DB9A
:103390009FED717B20EE077BBDEEC77B06AAB8EEE2
:1033A000C75BA5EE460BBDEEC00B183510EE103A0C
:1033B00042F8243017EE103A013442F824304DE739
:1033C000BDEEC00B06AA10EE103AF6E706A850F8BC
:1033D0002200019007EE900A013AB8EEE77B27EE53
:1033E000007B20EE060B21ED027B44E7BCEC025B88
:1033F000B5EC026B0130A5EE067B484501DC81424D
:10340000F4DA42A800EBC10181ED007B013A36E716
:10341000A29A022A0ADC002A2DDC46D008F0070016
:103420000DF5137DBDEC068BBDE8F08FA29A032A43
:10343000F4D142A9A3F108020A441146204600280B
:10344000A1F1080152DC21460129A2F108025DDC4C
:103450009FED437B42AA1344012C67DC9DED425B48
:103460009DED446B002E67D187ED005B87ED026B0D
:1034700087ED047BD2E79FED3A6B42AA13442246C4
:10348000002A24DA4EB3B1EE467B87ED007B9DED3A
:10349000427B44AA012337EE467B9C4220DA0EB1E0
:1034A000B1EE477B87ED027BB8E79FED2D7B42AA0B
:1034B0001344002C05DA0EB1B1EE477B87ED007B9B
:1034C000ACE733ED026B013C37EE067BF1E733ED01
:1034D000027B013A36EE076BD2E7B0EE467BD4E7CB
:1034E000B2EC026B013337EE067BD6E791ED007B41
:1034F00091ED025B013837EE056B37EE467B81EDCF
:10350000006B37EE057B81ED027B98E792ED007B47
:1035100092ED025B013937EE056B37EE467B82EDAB
:10352000006B37EE057B82ED027B8DE733ED026B9E
:10353000013C37EE067B8FE7B1EE455BB1EE466BA3
:1035400087ED005BB1EE477B87ED026B90E700BF34
:103550000000000000007041000000000000703E0C
:10356000000000000000000010EE901AC1F30A53A2
:103570008BB910EE103A21F0004119430AD09FEDAB
:103580002C7B374B20EE070B98420BDA9FED2A7B02
:1035900020EE070B704740F2FF72934207D130EEE6
:1035A000000B704710EE901AC1F30A53363B4CF2F1
:1035B000503290420DDD9FED227B10EE903AB0EE3E
:1035C000476B9FED215B002B27FE057B27EE060B4B
:1035D0007047184440F2FE739842ECDC00280ADD84
:1035E00021F0FF4153EC102B21F4E00141EA00539C
:1035F00043EC102B704710F1350F09DA9FED0E7B6D
:1036000010EE903AB0EE476B9FED115B002BDBE7BD
:1036100021F0FF4153EC102B363021F4E00141EA58
:1036200000539FED0D7B43EC102BB1E7AFF300800F
:10363000000000000000504359F3F8C21F6EA501BE
:103640009C7500883CE4377E9C7500883CE437FE1E
:1036500059F3F8C21F6EA581000000000000903CE5
:10366000B03CFFFF0000000010EE903AC3F30A5098
:1036700010EE102AA0F2FF31132930B5154633DCC5
:10368000002918DA9FED307B30EE070BB5EEC00B4A
:10369000F1EE10FA0ADD002B50DA23F00043134359
:1036A000002293422A4B08BF4FF0004319461046B0
:1036B00041EC100B1FE02748084103EA00041443C3
:1036C00019D09FED217B30EE070BB5EEC00BF1EE6C
:1036D00010FAEBDD002BBEBF4FF480120A419B189D
:1036E00023EA00030022E1E7332905DDB1F5806F0D
:1036F00001D130EE000B30BDA0F213444FF0FF308B
:10370000E0401042F7D09FED107B30EE070BB5EE96
:10371000C00BF1EE10FAC9DD002B02DA142903D137
:10372000013322EA0002C1E70124C1F1340104FAA5
:1037300001F10A44AA4238BF1B19F2E700221346DE
:10374000B4E700BFAFF300809C7500883CE4377E8F
:103750000000F0BFFFFF0F00024B58221A604FF02D
:10376000FF30704718D40324024B58221A604FF0E0
:10377000FF30704718D40324024B58221A604FF0D0
:10378000FF30704718D40324024B58221A600020DF
:10379000704700BF18D40324024B58221A604FF020
:1037A000FF30704718D40324024B58221A604FF0A0
:1037B000FF30704718D40324024B58221A604FF090
:1037C000FF30704718D40324024B58221A604FF080
:1037D000FF30704718D40324FEE70000F8B500BF9F
:1037E000F8BC08BC9E467047F8B500BFF8BC08BCE2
:0437F0009E4670473A
:103800000D0A5B415544494F5D2053746172742029
:10381000636170747572650D0A0000005B41554468
:10382000494F5D2049325320444D412073746172E9
:10383000746564204F4B0D0A000000005B41554445
:10384000494F5F4552525D2049325320444D41203B
:103850007374617274206661696C65642C20737482
:10386000617475733D25640D0A0000005B41554489
:10387000494F5D2050574D204C454473207374616F
:10388000727465640D0A00005B4932535D20484143
:103890004C4620636F756E743D256C752074696DA0
:1038A000653D256C75206D730D0A00005B49325330
:1038B0005D2046554C4C20636F756E743D256C75CC
:1038C0002074696D653D256C75206D730D0A0000CF
:1038D0005B52494E475F4552525D206F7665726676
:1038E0006C6F773D256C752072625F773D256C7536
:1038F0002072625F723D256C7520757365643D258D
:103900006C750D0A000000005B415544494F5F5340
:103910005441545D2068616C663D256C7520667568
:103920006C6C3D256C752072656164793D256C7504
:1039300020707573683D256C7520757365643D2531
:103940006C75206F766572666C6F773D256C75209F
:10395000707573685F743D256C75206D7320726D92
:10396000735F743D256C75206D730D0A00000000B7
:1039700048656C6C6F2053544D3332483734330DE7
:103980000A0000005B41495F4552525D20257320CB
:10399000747970653D30782530327820636F6465C6
:1039A0003D3078253032780D0A0000005B41495FD8
:1039B0004552525D20747970653D307825303278FB
:1039C00020636F64653D3078253032780D0A000041
:1039D00061695F6E6574776F726B5F345F63726588
:1039E0006174655F616E645F696E697400000000F8
:1039F00061695F6E6574776F726B5F345F72756E4D
:103A0000000000005B41495D2041626E6F726D6194
:103A10006C20686561727420736F756E64206465D4
:103A2000746563746564210D0A0000005B41495DA3
:103A3000204E6F726D616C20686561727420736FC7
:103A4000756E640D0A0000000D0A5B41495D204956
:103A50006E697469616C697A6174696F6E0D0A00D0
:103A600050726F6365737320686173204641494CDF
:103A7000454400005B41495D2052756E20696E66C9
:103A80006572656E63650D0A0000000001000000AC
:103A900010D1010001000000010000000100000041
:103AA000307900000100000001000000000001006A
:103AB000C41E002400000100F01E002400000000CD
:103AC0000102030401020304060708090006101698
:103AD00000061016010002000400060008000A009B
:103AE0000C001000200040008000000101010103D3
:103AF000070100000804020408010101040000009D
:103B00007412002404000000D01200240000000001
:103B100040108200010000000C3B01080C3B010832
:103B20000400000024130024040000008413002477
:103B300004000000E01300240400000040140024EE
:103B4000040000009414002404000000F414002475
:103B50000400000050150024000000004010820006
:103B600001000000583B0108583B01080400000018
:103B7000A4150024000000000000C0404010820096
:103B800002000000743B0108743B010804000000BF
:103B90000016002404000000581600240400000051
:103BA000E016002404000000681700240000000054
:103BB0000000C0404010820002000000AC3B010841
:103BC000AC3B010804000000F417002404000000CE
:103BD0006018002404000000E81800240000000021
:103BE0000000C0404010820002000000DC3B0108E1
:103BF000DC3B0108040000007419002404000000EC
:103C0000E019002404000000681A002400000000ED
:103C10000000C04040108200020000000C3C01087F
:103C20000C3C010804000000F41A00240400000009
:103C3000601B002404000000E81B002400000000BA
:103C40000000C04040108200020000003C3C01081F
:103C50003C3C010804000000741C00240400000027
:103C6000E01C0024040000006C1D00240000000083
:103C70000000000000000000000000000000000044
:103C800063766E3EEE76B9BD0000008023BCDF3E59
:103C90008F0F493E7CBA1D3E000000801574E0BEC7
:103CA00000000000781EC4BD000000801AE9243E18
:103CB00085D3D53E00000080F2773B3ED309C0BDDE
:103CC000C6E4A8BEE6EFC4BE00000080EFD51BBF6F
:103CD0006108A9BF000000806E6192BF3834613F67
:103CE00085C9723F000000800A80FABE0000008093
:103CF0000B6C283E1C1EAD3E00000000879D9E3EC2
:103D00005D65213EA99580BEE39E92BE6AD3CABE80
:103D10001712F0BE4B21DABE39ED8ABE926333BF73
:103D200052B9523E0000000052610DBF3CC072BF4C
:103D30001E9E56BFF18322BF9CF4AA3F85CC5B3FF9
:103D40009F0D9B3E000000002ABBAC3E79B2C7BF6E
:103D5000F2FC613F6C402140DCF54DBF63CEEC3E90
:103D600029B90EC00000000000000000369A01BF13
:103D700077E719C0C5AA0C404170623F8655EC3DFB
:103D80000000000000C482BDBE80F3BD8382C53E3A
:103D90009255C43E9D9CE0BD698864BE00000080D1
:103DA000A141573ECE3F4B3E36136A3E4DC2393E8F
:103DB000806B343FAAE5ECBEC71ED73EAE71163EFF
:103DC0003A97114000000000124C693FB230803F2A
:103DD00097FEC93F00000080642519C000000080E4
:103DE00054D80C407BF10640000000800000000029
:103DF0000000008008D79B40F38BBD40C3382D40A6
:103E00000000000021F041C000000080F8686BBE97
:103E10007B257A3E0CB29CBFBD4CCF3D000000809C
:103E200000000000359C713E00000000DC4C2EBFFD
:103E3000E10B96BFAE53CDBF893A7640F9C7B73F85
:103E40007ED0623FF2C8A9BF3A9B1A3F637C36C05E
:103E500084D5EC3FCD16D13F0000000000000000EB
:103E600096B11BBFA610CA3F08E226C095153AC0FE
:103E70006E7430BFA06A2A3E33A90EBFE7284C3EBD
:103E8000820219BF575917BFE1B133BF00000000CC
:103E9000C23B2CBECDBF74BE6094C73E12D8134047
:103EA000C93ECF3F000000806CD8CFBE00000000AC
:103EB00020C63DBF58600D3FB2DF253F8681B73F2A
:103EC00006B2D13F3FFB13C034EBDC3F80FCBABFEE
:103ED000915AC23F6E5D50C07574AAC024E908C0F3
:103EE000FC9EB1BF905306C0985FC23E8AA1F53ECA
:103EF0008F5C433FD521F73E423F90BF437ED63F84
:103F0000D83CD03DAE48A2BE14C4013F1903B63E12
:103F10006261553FBB4609BF95078EBDD7379DBE31
:103F2000EFC381BEC9C318BE4872DC3E418A9BBE46
:103F30005CEBD63EFF4371BEEDD907BF621070BE89
:103F4000A8D585BDE83020BEF302B5BE7A4385BE54
:103F5000000000808AAA3B3E67705ABE8B6C3CBE54
:103F60005C66843E00000080000000001EC80B3E1E
:103F700004F820BFA201DBBD13B7083F4935B33EAB
:103F80002D161DBF1AFF31BE7018383E5563CE3E48
:103F9000CBAAFA3E7F47AE3EBBA7CD3D6A43613E0A
:103FA000531E25BFE352C13DDF198EBE1A4A67BEBC
:103FB000E527CBBEF144053F3EB141BE7592CEBD73
:103FC000077B043EFA61FDBD56CD94BED4B4C6BE97
:103FD000955F853E4ECDC13E0E73813DF71D9EBE61
:103FE0000000008000000000F1569E3E4DF47C3E33
:103FF000000000807B0ED33E717CF7BDFE4A9F3EE1
:1040000021971CBE000000808B368E3EC1F1A63E7B
:10401000802110BF5DF42B3DEDC8363D00000080CF
:1040200051DE983E735D88BED960B03D69FCAD3EFF
:1040300034DA3DBFBFC6DE3DFA3CC4BE2329823E12
:10404000621F163DFFBB11BFB7993ABEBF09BCBD89
:10405000CC02C03E7D4E693EA89A69BE00000000B9
:1040600014CC443F370448BF6A9F36BE645DE63EC9
:104070001E21E4BDBF9120BFD69E903F4C3C943D95
:10408000C89F003FC8914DBFE76179BEC2E0AB3E1B
:104090006838B93EFC4DE23EE5BBE43EE1F1C93E85
:1040A000A7809FBDA0D31FBF61BACEBDED1EC1BE0C
:1040B0006EC5B3BE070A003FDBD1AD3D00000080F6
:1040C000874B463EE929A5BE4184393EC07417BFDF
:1040D000D15B143F2934423ED02A6A3D4E50C4BDC4
:1040E000AB028D3E9B86D43D5AC700BEBF0D193E24
:1040F00028DAA2BE3D23E9BD97CE64BD71991A3F6F
:10410000EE5853BDEBF290BBEF676DBD226B613D86
:10411000C7B0E3BC00283C3C76C0EBBC410142BDCB
:1041200064CE363D30D3C6BB6570213DEF8BE0BD1C
:10413000EC47F6BCF699F5BC93CA813DCC52E0BD84
:104140000000000034F8B8BE615A30BF1CB2FD3E1A
:1041500000B02FBF394357BFD680A03E2D9CB73E3D
:10416000000000804736A63EFE0D703FAA22F93EB1
:1041700030364BBF898EB4BE2461DB3E0EDA203F61
:104180007D5CA83EE835CD3E853EBE3EB7E6FF3DB0
:1041900000000000638D1A3E757C103F4ABDAA3EA8
:1041A000EAEE603E57E6B3BE00000000000000806B
:1041B00015C2A83E00000000000000806C5099BFAE
:1041C0003FBC24BFD211A63E00000080000000804A
:1041D000000000002A95D0BEAEEFC53E559734BF13
:1041E0000C3EA9BF436124BF2CABE23E000000801F
:1041F000BA394CBF00000080E7063EBF38B612BF98
:10420000476F343F00000080A4B1EFBF0000000002
:104210000000008000000080EB8DB1BE6A9DBFBE33
:1042200004CD063F0968F33EF734303F883430BE92
:104230002F61363E0000000000000080833D09BF72
:10424000A64AEE3F36131ABF9EC4C73F79521E409E
:10425000353D423F0000000000000000B83A4FBF6B
:104260008DF06BBF1DFB9BBF11B19B3F1DF604BFC3
:10427000000000800000008000000000000000003E
:104280006A6E8D3F000000008BC206BF00000080F8
:1042900093A0C9BEF7F1D5BEA51B18BF00000080D2
:1042A00000000080000000002F1FB3BFC913A73F0C
:1042B0000000000000000080E92917BFED74BB3F3B
:1042C00000000000888C3DBFC877EA3E593F42BFDE
:1042D000000000005A71963EAAF0A33E00000000C4
:1042E00010DE703F59E459BEAE7DE23EDCF951BEAE
:1042F00017D0C4BF43FAC4BE000000800EDB133FDA
:104300003719043FBC0DBFBE6ED0E53E6B93D23E65
:10431000E533393F0596363FC5AF33C088A516C093
:10432000000000000000008000000080BFDBDDBF57
:10433000A94D89BF00000000926903BF453B87BFBC
:10434000B9A200BF25741BBFD26849BE50B0B6BE2B
:10435000E21C16BF8FD6D43E00000000CFCFF13E46
:1043600035FD853EB4554B3F642004BFB3870BBF7A
:10437000F75F6ABE20DD13BF39441DBF0000000097
:104380001276DB3E7E67A0BE90C608BFFDCB283FFD
:104390001531A63FE76F343FF0F0E1BE949AA9BF14
:1043A000D24E5CBDB8A7163FB8DBD1BEDE4C72BEA4
:1043B000CE9CEBBD4112393FF6AE893F0867603DA8
:1043C000000000802468DFBD00000080195301BF99
:1043D0006277583EEAFB7DBED963F63E8750CE3EFB
:1043E0005AA1EA3D00000080F8FE0E3EEFDF133ECA
:1043F000F4B593BE24F0F3BE000000007150E23D1E
:10440000ADDE713EBB44983DC10B163EDB4CE13E38
:104410003DE2A3BE3EAD0EBF662610BF1FAD2ABE55
:1044200069AFC7BE0ACA49BE000000800A6B4CBE15
:104430009BDE153F0000008060C18ABE2E0FF53E56
:10444000AE3D8A3E37627A3E77CEA03D09093C3DBB
:10445000739058BD00000000882A7E3D09199BBE5C
:10446000D2216A3E096DC0BE197F0F3EB9CC573DBF
:10447000F1CBAFBE0378493D0F2DEFBE7135CABDFC
:104480008AB94B3EB61B65BE0D30053F582099BE1C
:10449000DD0F3EBEB0558A3ECE04DDBE00000000FA
:1044A000E7F18C3E06609D3EC6E0AEBE63E6B13EDF
:1044B0006E9BFE3E4C84853E00000000B4F302BFBC
:1044C00064924E3E442510BE31A5C33E68B49A3D69
:1044D000295B8D3D00000080F3F1103E7BCA713DE9
:1044E000000000000F04793E63D324BE20D3CBBD6F
:1044F000AC7EA6BD4564C5BD210AE7BD7F73B0BDD6
:10450000F77089BDDCE51D3E136AE33D0000000045
:10451000AD80333DF8DEC93E00000080A45CE7BEFC
:1045200002D6633EF8A4413E000000005CC99BBE79
:104530003B2EBCBDE2024A3E31CFD2BE000000801D
:10454000C7ECA23E8D4EABBEB768A2BD958121BE21
:10455000575CDB3D1FA63D3E000000807D77453E59
:10456000BEDCC5BE01032B3E2020A0BE676A96BEFE
:104570000262583E000000800B5214BFAAA00BBF7D
:104580004B09FF3EBC04FFBD00000080000000801E
:1045900000000080C487223E946B893EB942EE3D04
:1045A000EFF7D23E0000008059CFED3D7A747CBE1B
:1045B000A30D553ED0B0903EC6B9553E721C67BDA6
:1045C000F3C2D23E7117A63EE7A82E3EF8A7B63D2D
:1045D00000000080F8DCDF3D7A5485BD10DE23BF8B
:1045E00000000080FCB9C2BEEA3D803E448BE13E43
:1045F00000000000A0983E3F09C88D3E1E21B73E36
:10460000004F23BE66B5753E342565BED3ABB53DC0
:10461000CF5DFDBDDC4D70BE4C480C3F1D4449BE16
:1046200013CE873EFB45803E000000808A66313E07
:1046300029351CBE17D516BED8FB8DBE00000080E4
:10464000D778933D00000000000000809B61B63EDB
:10465000E988A4BE3A73F8BEB9FC0F3E00000080A2
:10466000E2C1E63E5AF399BE2E90F7BEB7363CBE85
:104670003C7562BE5697293E0000008003B51FBE00
:1046800056E2A43E800FA9BDE51CBA3E7CD9983EF7
:10469000FC76EA3EB8E60E3E469AC2BE9A2F823EAD
:1046A00052D7A3BE420FA63ED929AE3E000000005D
:1046B000F4B5133E6EC04ABE8EE7013E3F3C8C3ED1
:1046C00020183F3E14D02E3E0D809CBE00000000FE
:1046D000570DBA3E28E711BF000000005622183FD0
:1046E0001A6F37BE000000001C7DC93E00000000AC
:1046F0008721AF3E000000803FD7A6BEFA936EBD73
:10470000C77A24BEC6C1A93E156B66BE71E2FB3EE8
:10471000ADE9043EEF67FA3E3F124F3D0000000056
:10472000554E7E3D713FA5BEC3EA8ABE1C5117BEE1
:10473000B52354BD518DC4BD00000080486032BE19
:104740007424C4BDFB1BD43EFB2987BE2E9A8D3E2C
:1047500000000080B40EF1BD457942BE85DA29BE65
:104760001A71F23D03DA9CBEBA99D63D101C73BD96
:104770008AC7FCBD36E3B4BE5F8F183F9A67CCBDD5
:104780008D075B3E3FD4C43E3556C03EE3A867BDAF
:1047900079C8BBBD7BDE30BE000000801475C1BE91
:1047A0008709283E54E2F8BDA99EA83E255C213E1B
:1047B000F763EBBDF655FE3DBE01B9BD4B7E58BD5E
:1047C0009EFF1DBE62B1AD3DA82CC4BD000000001F
:1047D000DFCC653EDA40E8BEDA3C2ABEADC5063E17
:1047E00061F93D3DDB12823E787B2D3E9548A6BDAA
:1047F0001F3253BE000000002381B8BD77492ABD97
:104800005638CD3D7EF2B23EF90F46BED1FEC6BD52
:1048100094E0DBBD17105A3EDED955BED7F9033EF2
:10482000644200BE410604BDAED56CBDA3C441BD0B
:1048300016B8083E27DA443E2D0E0BBEB445E53CC3
:10484000F06F97BE3E5EA7BD1538E1BE9F12AABEAF
:10485000603DB2BD00000080D8968F3EDBA8B0BEA0
:1048600000000000BD33A7BEE4E9103E927B91BE7C
:104870005D90F03EB25F81BE000000802967DF3DA1
:104880004E8216BFE137E03EEBABDD3D000000009D
:104890009C4883BEBB7DF63E82BBEBBD15B2A83EF5
:1048A0009723A03E99509A3EF9729F3E6623F5BD2C
:1048B000221F2B3E000000800000008000000080CE
:1048C0006067C5BE7A255EBF641636BE2867843E23
:1048D000BB84AA3EADCAE83DA9E513BEEC8735BF4F
:1048E0002E3022BF505008BE000000001269D23D99
:1048F000CDAF4A3EBFDD543E000000008F999EBE02
:10490000000000800000008087355CBECFE83A3EA2
:1049100031D59D3E60B6563E5A14E53E000000007B
:104920007BD0203E0FC031BE427AB33E15C61DBEBD
:104930001B36AEBD00000080326D2FBD34A3A0BE7B
:10494000BE5A74BE00000000DC2D1F3F216197BEDF
:10495000934E1FBE19ADF7BDCCD0F9BE00000000CC
:10496000F28267BD79E69F3D00000080DF623DBEB8
:10497000FC42663E1DD61CBE5DD265BE7A7B1BBF67
:1049800000000000F3C1133E659CCC3D0000008098
:1049900018301E3F2633D9BD000000000000008003
:1049A0008398563E9729133F4B366FBF47C4333F1A
:1049B0007326C03D3E76A03E5FD298BD409F7B3EB1
:1049C000BC7C1ABE9F78B33D53DDD4BE80BA13BD04
:1049D000881085BDA1450DBD718E69BE358629BD86
:1049E0008A548B3D3C6B15BE1D619D3DFD94B63DCB
:1049F000FD7109BE4E3BACBDF49D7C3E00000080C5
:104A0000D567AFBE7C35263F00000000C6769F3ECE
:104A100081C20DBEC99284BE3B441EBE3074D0BE5E
:104A20005B3991BD0000000091D280BE01A512BF8C
:104A30000000008011EFBA3E6C6BD03D7EB1763D38
:104A400065689ABDD2CD683EC61072BE17B2603E90
:104A500085E54EBEF2E197BE00000080B9D797BD54
:104A6000ED5FD8BDE4192BBE00000000F227C6BEE2
:104A700062D3D6BEACD8BE3EFAC843BE561FFFBEF8
:104A8000A973833E16CAFBBE0000000052E422BD9B
:104A900049995A3E000000008C45DFBDC9663CBD07
:104AA00029A79FBE4C3F64BE8F29193E9A56713D7F
:104AB000E8750A3F09D2BF3D3E1155BD79CFCD3DC6
:104AC00002DE8D3D2227E8BD30FF213F695BC4BE79
:104AD0005F55D03D50D1E13D0000000088D4853EB7
:104AE000D1BF90BE314B50BEF83EE8BE0BD570BE74
:104AF000F244C9BEE5B42EBF8D89AE3E016A83BEC5
:104B00002B9E2C3E528030BEE899BD3EFE1F9DBEBE
:104B10007771B0BE17F7B9BE98E0DABE3EB6083E70
:104B20000000000086C0A83E9C862E3E23213EBE8B
:104B300051EE7EBE1D4C0A3EE41EBABEC0391CBEFC
:104B400000000000184303BE000000009ACC323E73
:104B5000E6D178BE2061C93E40DBE1BDF3B413BFAE
:104B60001A972BBF8EF519BE7CEF183E000000800F
:104B700076AF7EBEE06138BE325A41BE3186D63E47
:104B80000000000054A5913ED83DB4BE00000000D6
:104B90008E4832BDE69AE5BD4B35C1BEB7A66D3D28
:104BA000E32E51BDAEB3D93DB27DB5BD8D6F05BE0F
:104BB000735B973E222148BE5AF83EBEF185D03D38
:104BC000A441B5BDD154A23D401709BEA6F1BCBD5C
:104BD00036FBC9BD474820BE21C81B3E0FD1E3BDEF
:104BE00089928CBD91C471BE598016BED06813BE27
:104BF00034D61FBDBDD3C1BD43F4C8BD4B7602BC86
:104C0000D365AB3EF2D9B13C77B858BC1A274CBD3E
:104C1000C093B93DC4F6DFBDADF3153E5E2F073C32
:104C2000B4230E3E480E80BDF6C6A13D2928DC3DCA
:104C3000509B30BEFB06E63D753ABD3D8D44053EBA
:104C4000000000802565013F05B3F53E62473A3F0D
:104C50003CE6D4BE000000000BCB91BF659A3ABF82
:104C60005959E2BE944D53BFE93F5ABE76E034BE77
:104C700000000080C6F420BE00000080000000801C
:104C8000DDC028BEB5E7223EFF74D53E8ECEF0BE15
:104C9000C1A980BFFD190F3F000000006DA60DBF28
:104CA00000000080B1C287BF000000801206923E63
:104CB000CC4DC13E81FA84BEB8D5823F3B44A73E6D
:104CC000A419ED3E0000008000000000C1745E3EAB
:104CD000B1F5333F2477153F0000000080103E3FC0
:104CE00024B3BA3E00000000646BA3BEDBCA203FC1
:104CF000000000800000008000000000B8CA2ABF49
:104D000000E9CEBE0A7FF53EF8C674BF15C50BBFDD
:104D1000934B503FDCDDFD3F54F3953FD16671BFAF
:104D2000B5138DBF00000080978751BF0000008041
:104D3000000000000000008071CB703FC9C890BF28
:104D40004BED12BF00000000B39E64BF86374DBF1D
:104D50000000008056D6913E0000008069398E3FE9
:104D600000000080F885F43EC6D20DBE0000008031
:104D700000000000152A33BED0BB86BE9ECE32BFD7
:104D8000D011FCBE26E035BF1A5F543FD5E8A83FDE
:104D90000000000073A49CBE4FF9353F64DFF23E73
:104DA000E28E843F5D851EBF82192FBFD96CE33E22
:104DB000EFCC3ABF00000000C6CF1D3F00000080CE
:104DC0003339BE3F00000000B1EF2A40EF1B1E3F09
:104DD000B63E813F2CB9933F000000006110B43F04
:104DE00000000000721806C0A1D1E9BFEEBF43BFAA
:104DF00015B181BE00000000A619E9BEFB55313F88
:104E00002C0C563F000000000000008067ED113FB1
:104E10000000000048EF093F8AB14A3F00000080CF
:104E200000000080801678BF9057ACBEC880B83FA5
:104E30002906B7BE000000001A04CB3F878CCF3E86
:104E4000000000800FA4163F000000000D6B92BF11
:104E5000A455063F7A708CBF00000080000000005F
:104E600078A7D0BE00000080C14E113F0000008036
:104E7000EAF4523F1C0F12C033488ABF0000008082
:104E8000D164503F0000008000000000000000805E
:104E9000C1F01BBFE0B4B2BF000000000000008002
:104EA000C6BB83BE00000000688A033F15834F3FE6
:104EB00000000080C319FFBE282C40BF0000008006
:104EC000B55BF7BE0000008000000080000000809D
:104ED0000000000000000000623E5B3F36D1F73E5C
:104EE000000000001BE55E3E0000008000000000A6
:104EF000779EA4BE00000000A31C793F12A6DC3EF2
:104F00002926F83EE3C788BE000000003BEE0CBF38
:104F100001426ABE1683623F1392593F00000000AF
:104F200000000080C0D1B53E1C18B0BEA06D333F5C
:104F3000000000800000008000000000767383BF46
:104F40000000008038C943BF00000080000000005E
:104F50001FA87ABF37ADAABF20B6A33EE54981BEE0
:104F6000C67DCA3EAE05E9BE91394EBE020C3BBFBE
:104F7000000000009B1D613E9A67A3BE0000000078
:104F8000000000800000000074CD5EBF3E1189BFAC
:104F900000000080000000808BDDB5BE0000000036
:104FA000E22D19BF6C21FB3E54FE1A3F9E605CBF90
:104FB000768ECF3F43FF033F000000008162E0BFD9
:104FC0008F5B49BF482F0EBF0000008000000080AB
:104FD000E6A4E9BE7CA643BFBD866C3E000000800F
:104FE000C160EDBED8C3EABE596F51BF000000805A
:104FF000000000801875BC3FA1F2EE3E00000000EA
:10500000000000800000008001F408BF75F1653FDA
:10501000B2AFF33E00000080606C823F4274E9BE94
:10502000000000000000000069290ABFBA2D4A3FB5
:10503000DCC0CD3E000000800AAF54BF04AE88BF84
:105040005BA26BBE6D40A2BE7DA367BFE227B0BE70
:10505000F62059BE0000008000000080236D60BF74
:105060002C0F84BFB2CEC6BE00000000462690BF03
:105070007A1C97BF552DE03E000000007A634DBFBB
:1050800000000080000000000C58B0BE9805BABEB9
:10509000D9144CBF00000000000000803104F7BEAE
:1050A00000000000F00EA6BE00000080C0B35ABF92
:1050B000143A80BF3AE6B2BE0000008088D03ABF02
:1050C00012D468BC9FAC3D3FCABE0C3FD17942BFF1
:1050D00054B938BF64394B3D8014DE3E1629353F44
:1050E0004416C23E2CD221BF84E3EDBE3E7FBBBE40
:1050F0006E930CBF2B4097BE783CA2BCF35229BDE7
:1051000059152D3F05439A3EA06210BF2320D3BE00
:10511000F37268BFEF2B5B3F48FCBD3E9BD1383F2D
:10512000B404973E96DD4C3F180534BEB27B53BFA6
:10513000A482583FF8E78F3F19DC473F17D9BE3F9D
:105140006B4C59BEBCFBF93C00000080D2A32E3E44
:10515000C5498BBD2C4CE83DE08A993E000000809B
:10516000862D19BEA13EBDBE50B585BE136D3CBD9A
:1051700071438BBD00000080E99A1FBED37385BDCB
:10518000D34F06BE000000002027533D00000080E2
:10519000000000003529273E000000801D3D88BD2D
:1051A0006C886FBE221E61BE0000000086C3D5BDA4
:1051B0003883B4BE8499793E217D803EA290E5BDBE
:1051C00000000000C77249BD00000000BA5648BE8A
:1051D000000000001D92853E000000009B83953E6C
:1051E000BEB9F8BE000000009C33ACBD00000080DA
:1051F0002BAB9EBDE43DF1BDB038C13D976B8E3EFB
:105200004A2ABBBDBFB48DBE02D775BE0D1D9E3DE3
:10521000CD621FBE851D643E517697BEB34C01BE64
:10522000FBBE56BDCA8F853EB1B918BE0000000056
:1052300099F7433E8DF2503DAB34F0BEF3F8D1BE4A
:10524000F1BFC33D07C48CBE4B3EB7BD6CF2543EAC
:10525000E18CFB3D00000000A3DBA9BDF1EA523E5A
:10526000C52840BD000000001C40BC3DC8B6723DD2
:10527000EB8F97BE0000000000000000F4A0E33DAB
:10528000382D02BEAC3E8CBD0000008000000080C6
:10529000B30B95BE57AE4A3EDB0F8C3E691A2CBE4F
:1052A0004C475C3E289990BE64132B3E00000000E2
:1052B0007A262B3E8BD3B73E633472BDEC0AD33DC6
:1052C0007B97923DA653563D697B73BD00000080DD
:1052D0008009ADBD0000000000000000BD3ED3BD50
:1052E000C168EBBEF2B7A73D00000000F10F483DDA
:1052F00001EF21BE317F00BF00000080B17283BE8C
:10530000AE7685BE7CF5393EEBB2243E00000080CF
:10531000B994DDBDE2EB2ABE0000000044F6CD3DAD
:105320008D3318BEC4112D3E78E6863E863344BECA
:105330007EA2113EEB0782BE1EAD18BE611075BE87
:10534000411D01BECC1791BD1C9304BD000000801F
:105350008185B8BDA76995BD7B0597BD15A9DC3CC6
:105360003826B13D842E27BDCFDD0E3E56998B3DAC
:10537000000000804CFB43BEA04347BEB2AC883E59
:10538000790690BD55C85C3EC626CABD2ABB7BBD0A
:105390002FAB07BD37E7F23D000000804D7A483E55
:1053A000798030BEEEB7FB3CF90EDC3DCE16183DE1
:1053B000849C15BD42E2B8BC336BBD3DB331403D6A
:1053C00003C0C9BD7C026CBEDFC5253E9C5FC7BD66
:1053D000560860BD99BE4B3EE8976DBE11F607BEFC
:1053E00039E8BA3D3E81F93DFD961C3E815A83BEA7
:1053F0000000000060DEF73D856B393EA2AB523EF7
:105400000FCD10BE42101A3F592996BD3C9F5ABE7F
:10541000D758273E25084E3E12B003BE3395EEBE48
:105420001581B33D6281F3BDB621D4BD000000807B
:105430003CFFBCBD000000805447EB3D2C2849BE1A
:1054400000000080000000800CFABEBECDC2A5BDE9
:10545000393D38BEBFA56DBE6C4BC83D0000000095
:1054600059B903BEEED9BA3EB984043E0D745D3E0F
:10547000D187523E000000805C29A7BE00000000DA
:1054800000000000000000003CF9C9BE7936D5BE1E
:10549000AEDA0BBEF831C13E0000008020F1673E5D
:1054A000D00495BE000000808623B53E0000008039
:1054B0004FF53ABE083B4D3E1FC886BE51215ABE2D
:1054C000116B8EBEA9BB26BE8443F7BD173DD63DEA
:1054D00024B2AA3E0217A43E229AC43D34DEEC3E1A
:1054E0002E5567BE000000007C23183FF5C89CBE07
:1054F000A522343E00000000443E0F3F2069EFBE6D
:105500008DB814BE475BE63D841996BD7CF9B83E64
:1055100004C19A3EC3212FBE292F853EE33E8EBE95
:105520000000000028416F3E0000008036705FBE22
:10553000D452A53E000000005284533E18882F3EEE
:1055400000000080EA02383D49FF95BD7EC09BBD4A
:10555000B66E9B3DA44655BDBD0F2EBEFC0F333D20
:1055600027E6A1BE6ADE483D0000008059A017BEB4
:105570007C9FCDBDADF165BDAB96543D505D283EE1
:1055800037A976BE267C6D3E21B87EBE0000008025
:10559000EA9EFEBDCCD1513DFF9D233D21A9B93DE1
:1055A00025B333BEDB6E88BD0000008016A86D3EBB
:1055B000A3B0EC3D4C420EBE1B05023D669CF73D80
:1055C00080281D3E00AA713EFE40083E1B5A31BE97
:1055D000D0236EBE000000809C95043E3EBD453D3C
:1055E000B0648F3D7C2120BD43525FBEB7FD25BD19
:1055F000EBF5813D74F05BBEFEC318BE1F45973EC0
:10560000917B44BEE17F613E36D5C53D21988ABD80
:10561000C834453D7769E8BD000000000000000087
:1056200000000000B37073BEAE5B4ABD7A10693DE6
:1056300093BF033E86C737BD53011A3E19520DBEB4
:105640001BE9893E06D82DBE721ED83D4514BCBE4E
:105650000C2D7F3E77FD2B3E000000809D00B9BDE4
:10566000DD6314BD00000080E550783E4FC77EBE6C
:10567000000000800000008092DBBDBD9A2DA23D9D
:10568000B42452BE0000000040FC883EFE883ABEB2
:10569000E02F253D0AEB60BE34D9383D54A3803E4F
:1056A000000000008FCCE93D5286C0BD0000000024
:1056B00007CE1A3E000000002B888FBD6CEBE6BDC4
:1056C000E99D173E4F5C953D82D89F3E8AA1A13D42
:1056D000000000805D65A13D000000002F3FA2BEDC
:1056E0005565113E822FC8BD2E5635BE88D07FBD70
:1056F000494297BD06D583BE000000006CFF963E70
:10570000492F50BEE61E853E2FC8FD3D7F62C63E36
:105710003FAA4FBE000000808726D43DB61334BE9A
:1057200046625EBE819531BE0000008021F5463E96
:1057300000000000D5BA8F3D31DCE5BDA600463E35
:10574000495A50BE00000080E10C633E3DD38F3EBD
:10575000188D80BE38AC923D000000800000000033
:10576000521DBABD76DB11BE00000080366DF23EE0
:10577000E90792BDAA855EBE561F3D3E5E4988BDC3
:1057800000000000523D03BE44A6C3BE000000005E
:105790004CC3863DCE505BBE964CACBE0000008034
:1057A0004DF23DBEFC2EAEBE8FFBABBDFDA9803DD4
:1057B0009B73D1BD000000002671AABE183E163EA4
:1057C000F56227BDA47BA8BDE9971F3D457E75BD49
:1057D0004A0777BE977634BD0000000008A302BDDB
:1057E000D25C063D2F8D92BD28000B3D9D5F2EBEE5
:1057F00091838F3ED45E7CBD2F467E3DFE3951BDE8
:10580000EBEC95BE0000000000000000A1E0883D28
:1058100048BD01BEC0944B3EADF903BED0AC7CBDCB
:10582000A1E9E83D3E9BA2BE59DFD93D0000000042
:105830007F2311BD1683DF3D35B13B3E032AB6BD44
:10584000FDFD483EF22D753E0000008075483ABED1
:105850001B04393E00000080000000000000000032
:10586000E4AA05BE00000080678F82BDBF6DB13E17
:105870005E77813E0000000042F0413D7F26E13D21
:105880003464D2BDC2B14DBE44B11FBE9FA1F0BDB4
:10589000AE6E913D000000807FC2EC3E4426E3BD29
:1058A00000000000FCE620BEBE7BFD3D00000000C5
:1058B000D49130BD292F00BE000000805044C33D6C
:1058C000000000000FFDD23C1E3F473E000000805C
:1058D000D5C9BBBD00000000A90CCEBDAB37A53DAE
:1058E000B6DB99BD000000804AD63B3DB19666BE4E
:1058F000E4B4DC3D365E5F3E805AEC3C323982BD1A
:10590000974F97BD000000009536BDBD555E153E12
:10591000C78E8F3DEFE67E3D2D5096BDD006873D6C
:105920000281D93D9164A83E000000000000008083
:10593000C8ED213EE1B3A3BD7E48153D00000080C7
:105940007FEA92BD83E86EBD169585BEEFD8AB3D6C
:10595000CF39BF3D25D4A4BD2154EE3C6B570E3E3C
:1059600065F2C3BD2F9F0C3D1F9AF5BC4A97A3BD9E
:10597000943F9A3E1DD930BDFAB02A3D9920EC3DA6
:10598000508196BD00000000000000008D36DEBC96
:10599000CBF7663E48F12A3EC9057CBD2CDE5FBED2
:1059A0005D1CA5BD8E18D73C0000008072256FBD20
:1059B00019D390BD422D94BD6B67CA3D3A76D8BDD0
:1059C000000000801C4C813E000000002A90FCBDBD
:1059D000E86D0C3E915207BFD003063E21297ABDE7
:1059E00000000080D43C6ABE18D722BE6E0C56BEA2
:1059F000571AB03D67D587BE6BB70CBE4E2BD1BDD5
:105A0000000000001B535ABE0000008091C2233EDC
:105A1000807F4EBE00000000526E46BDE71E7D3EF8
:105A2000D96038BE8D1E5ABEF43314BECF6C923D81
:105A300040C948BD00000080663D70BD4DA4113EC8
:105A40004F3553BEF926593D3F4C5CBEA242D43E71
:105A50001E9C5C3E300D733DD4E062BD4A26EC3D99
:105A600000000080C455743E3F73263EB2FA8BBEE0
:105A70000000008053DFBB3E979200BE0BC59E3DE9
:105A8000C5674BBDC13E5D3EF3FA693E00000000B4
:105A9000333FD63D5C1297BD00000080591C723E1A
:105AA00042001D3E73BFB0BE0682AABEF746103E3E
:105AB000E8D0083EF607C83E00000000C75400BE0C
:105AC000C6F1C1BD00000080AA04043EB5EC63BD70
:105AD00000000000861D193EBFAA10BEC1445CBE76
:105AE000BC7147BE4ECDA93DCD2D9E3ECF0C99BE7B
:105AF00013AB8F3D001D50BE2249443D76C5083E84
:105B00000D68A1BDDC2D15BE785C12BEF79625BED2
:105B10004B34073E2AE6263D5E8986BEB634863E75
:105B2000676211BDAFE710BE44D6293E0D32903DED
:105B3000E8563C3D4EDDE33D9897943D0000000063
:105B400009A7BBBD00000000000000009498593E6A
:105B50001B5FBA3D60D2F0BD3B17933EA337523E68
:105B60002CCE9F3D4A2A15BE000000008808883EC2
:105B700031546DBE0000008067529FBE91030A3E03
:105B8000EF25143E0A4F0EBECBA9413D1A1451BD5C
:105B9000F5C785BDDA5787BDD91F01BD00000000DC
:105BA00093B8403EFD5E943D6F8851BD3B22303E30
:105BB000ED6E603E7438833DC1BD513EC32204BECC
:105BC00000000000808CB9BDDCC8033E000000006E
:105BD000B192EF3DA043533D41B543BD5F3908BD90
:105BE000663938BEE5E7053E37D565BDB23E29BE0C
:105BF000A66001BE00000000966E363D21D451BE65
:105C000000B60B3E3758793D790EB9BD2A4D4EBDD1
:105C100077DFB33D7A3EC73D1A0E013DEB2939BD12
:105C2000BADDA43EAC5BF3BDB5079DBE00000080AD
:105C3000C7D790BDB6734E3E0000000022F6693E05
:105C400000000000000000000000000030349FBD94
:105C50005D1563BE81B3C7BD00000000F722373E6B
:105C60008C7D37BE94BEABBDEB63553EE29E18BE45
:105C70007CB5C03DCF27373D1F10153E000000808A
:105C800056CC863EFC92DA3D0B2718BE0CF72A3D17
:105C900058E7663EAB3EEA3E00000080804BD63DB2
:105CA00000000080922CAABEC36D943DB9D6F1BD10
:105CB00002C214BE270966BE53D3CCBDCD58393DB0
:105CC000DE8AE0BD00000080758722BE401A30BE2B
:105CD00070D53A3E58DD963DF0E3C8BDF6BFF73CBF
:105CE000D1E74CBDD55189BD44C4423E54B482BEB7
:105CF0009AC39CBD8DC65A3ECC8F09BDF5C9C1BDA6
:105D00002EA6983D00000080C040CE3DDEDB30BEB8
:105D1000000000009E456CBDBA5FE3BDD85728BEA9
:105D2000000000006DB7223DD8331DBE0C4D2A3E49
:105D300000000000F97D023E116F5B3D3CD3123E36
:105D40004DA3673E62914D3E0000008021659DBEDF
:105D5000EB6362BE4499263E3B638B3E00000080AD
:105D6000B4D7A33D2346E93DA3D4CD3E00000000B7
:105D7000AAF6A43E000000005160AFBE0000008003
:105D8000C110D73D3EC6E73E00000080293A02BE62
:105D900096A2513E67EC3ABE0000000028ACE3BD7D
:105DA000E66C41BE921CBEBD4B36EFBD75B753BE0F
:105DB000FA24E33D00000080A923F03D375298BE4D
:105DC000F2C64F3D36C46F3E00000000EE25323D66
:105DD0000000008083BAA43D9BF3993D6CC52A3D29
:105DE000FCF707BE892E0E3D00000000549074BEE3
:105DF000783E44BE000000007D95B6BD3487673E06
:105E00002ABF503E3E5C12BDD25E20BE2316CE3D60
:105E1000917C68BDAD73233E3E6DEB3DE829A7BD87
:105E2000BFE551BEF3DF4F3E9262DEBD00000000D1
:105E3000A1CC643EA2943E3D0000000024F7983DB2
:105E40009185873E12B07D3D36BD72BD570B4F3DEB
:105E5000A86A063ED33D40BE000000006D15C33E5B
:105E6000F5075DBE573F46BEF9CB80BE0E0741BE6B
:105E70002F0137BE630E663D7A73713D09CC3EBE7D
:105E80000000000025326C3D00000080EA20DD3D6E
:105E9000000000802B1E3D3EF4B96A3E00000080E9
:105EA0000E38E5BD00000000ABB40DBE899189BE7F
:105EB000E3C00C3ED48EF83D00000080000000805E
:105EC00080BD43BE234C2A3DB0FE57BD9B34963D5A
:105ED00000000080B58F83BE4C7B16BE75CC6C3E37
:105EE0004883A93EF1923A3E4D792CBD1A261DBE3B
:105EF00019883E3E77E1F53D00D388BE449A95BEB1
:105F00000E7617BD7A905C3E6DBBF73DC61C50BE49
:105F1000CD958C3D691E2D3EEE831C3E0000000099
:105F2000CF9239BE5A9D253ED3FEFFBD80638DBE04
:105F3000CBBB73BE8DD9703EEDF6003EC1E5143E7D
:105F40004966E6BD00000080C55AFABD9B12B63E08
:105F5000138B5F3E0CA9833EF5D58E3E14C54BBE18
:105F6000A99CC53D88C9153EFE66733EA3CA033E83
:105F7000000D1F3E0486643E0E4C2B3E12686D3EA3
:105F80004A4E09BE4C056EBE632B75BE34A2C2BE1E
:105F90005D58ADBD26478D3DABB8DEBD00000000AD
:105FA0000000008000000000CEC388BDE90E71BD76
:105FB000B9CA503DB965A53D7B1F9F3D4116CFBD78
:105FC00000000000ACCC2A3D0000008000000080F2
:105FD000000000006CE6893E9EAF283E00000000F5
:105FE000C473833E9305F13D441072BE92E01D3EA2
:105FF0000000008091C56CBE9BF71A3E32B425BEEE
:1060000075729C3DD726A1BED6343ABD5225E83DD7
:10601000A10EE0BD0000000000000000E06E8D3E1B
:1060200001A1273EF31615BEABB938BE87C1203E8D
:1060300011E130BED93536BE31B3893D00000000D4
:106040001B5D07BE8E283F3E000000009D0D3D3DBC
:10605000D6F998BDBB87F6BD4EDF92BE7C0F173ECA
:106060006C0F36BD8B46D73D0000000000000000DD
:106070005F04AEBE9C9617BE99C8133DBD5B10BEB3
:106080008FD7BD3DD4E00ABDCDE4983D00000000AF
:1060900042D3E6BD3CEA803E1601B2BE82747D3E2C
:1060A000000000008AB00FBD0D14133ED0A0483E82
:1060B000E1998BBE8F66E7BDE97BB1BE0000008031
:1060C000DD7E46BDA6EE0BBE005C74BE92C06DBE0A
:1060D000E884423E2492A5BD9CDA90BEF3124DBDE9
:1060E000767102BEE0B794BDBC297A3EEBC6703D26
:1060F000000000802224683EA00D823EDDEC2E3D93
:10610000D839573D0000000023859F3E678A913DA6
:1061100044B3353E000000008241653E000000802F
:106120004192D53D000000004129BD3D629A98BED4
:106130000000008000000000DB29083E5C2D1D3EB1
:106140002C1DA13D0000000000000080D29D05BE76
:1061500029B7CFBD41D2F93C34207E3D233D443D9B
:1061600018B306BDE6071B3DB4F78E3EA0AE74BE65
:106170009AE8C43DD14108BE000000801D38E2BD50
:106180001B5B93BDCBD0EEBD00000080EF6F843D64
:10619000000000808D0A26BDE495A0BD48C87EBEE3
:1061A00000000000B20A58BD35A5B5BD545703BE66
:1061B00034EC833E72BF0BBE000000008C9D35BDE9
:1061C0001AA4113E61C1B83D408A3CBE0000008067
:1061D00000000080000000000000000035730DBECC
:1061E000AEBCBABD55F1643ED3124D3E414A22BE0B
:1061F000A7DE57BDA957663E00000080E5827EBE3F
:10620000B61C92BE600634BE22B0003E0000000004
:1062100076D4343D7F1A4E3DE4059F3E14CE7ABEBF
:10622000FD970EBDAA7F673DE00CC2BD06B3A53E3B
:106230009935C3BD092D153E1326793E2EFE9E3D90
:10624000A3668C3D5E572EBEF1843B3DFB8C4FBE5A
:1062500000000080AD994DBD74AE3EBD39F8003EE2
:10626000DA14403EF6AE9FBDC093933EAB0BA7BE83
:1062700070AFF93DCA145ABE0000000097D4D6BDD5
:10628000BF6D2FBE5E36203E6997453EC2EAFBBD1C
:10629000000000007A01643EBC3F143E0DEF383D23
:1062A00000000080EF55323EC4A384BED01332BE3E
:1062B0000EBE0BBEE2F8E13D0823A23D27EE92BDE3
:1062C000A77EC03DC420733E1A2584BE840922BE29
:1062D000000000804374873D0000008057F9C33DF3
:1062E00050E25ABE501DACBDB3C9033EFD6DB7BDF3
:1062F00055A1373E1F89163E80D16BBD4EC8DFBD0C
:10630000EBA24E3EE7877A3E00000000244F42BEDB
:1063100056CA1C3DCE7A23BEB788D23D000000800D
:106320006E406E3E3CA617BDE7EE9EBE000000002C
:106330000000008000000000DD58F7BD6A9214BD27
:1063400000000080E95D6F3E8D0308BE0000000084
:10635000BA745D3ECACD47BEB4BD103ED4C02FBE98
:106360004FAF9FBE0000008065DC04BDD144793D85
:10637000BA30983DD2D4B03D00E8E53D0000008041
:1063800000000000BFC7A73D0000008070DE7ABE9D
:10639000E95112BE8B71A63D747DB03D8E51473DD3
:1063A0004A5299BE3B5517BE0000000070420E3E97
:1063B000EFEA51BEA1072D3E086D893DBE6CC6BEF9
:1063C000AFA4C73D54B57ABE00000000BB882EBD07
:1063D00036C0DF3EE03A293ED7B8A83E21F4513E10
:1063E0000D7BDFBE7EB074BDA0B4B83E000000805F
:1063F00025CE503E39C7B23D0F546A3E00000080A2
:10640000381E8ABD05AC36BE000000005DA0B53D5B
:1064100076B9033E00000080A4AB5E3E11D5043E79
:106420001AB4993DBBB0E43D000000003B002A3E99
:10643000C4791BBE0000000037F694BD85CF1F3E17
:1064400000000080BA11273E000000800F4EA7BE5A
:106450000000000046FA933D000000001D96463EF5
:10646000580C513E000000806B2FBE3EC9E07CBE40
:10647000A3F9C03D00000080DFB98F3EFDF88D3EDE
:10648000000000000000008003440A3E4F1D4A3D0A
:1064900017D6B53D81A85F3E6F9A2B3E258F3BBE38
:1064A0000000000062BAD03EA4F5043E9F8866BD9D
:1064B0001DE638BDC9F179BD000000807B63973EC1
:1064C00000000080AC9CDB3D000000802408423DC1
:1064D000267EABBD00000080684A9DBE900AD0BDFC
:1064E00048F02B3E0000008055CE7BBE152E8BBEA3
:1064F0000000000000000080D718B53D1C257FBEBD
:1065000099D20BBE00000000C4B451BE257FA83D47
:10651000B33B54BDC4E9BABE00000000C3169B3EA5
:10652000C75F58BEE17F9D3D00000080894CCFBE13
:106530000000008000000080FE87863E39A44CBE2B
:10654000F97588BD79B110BD0DA11FBD8F234FBE58
:1065500000000080772826BE0000008091C58A3E9A
:1065600042DD003E00000000CA1D463D660CA03D15
:10657000AE4B75BD857F0A3ED8BA31BD0D7020BEC9
:1065800081F5B33D000000001EE258BE6AE36ABD1B
:1065900000E0AEBE106E463D00000080000000002E
:1065A000000000809F6BB43D410D043D0000008061
:1065B00070EB97BD4D64153E00000080A524093E98
:1065C000FB58183EB572183ED323E93D48BB903DB9
:1065D000A3E9BFBD2A6E9B3E845D2FBECE9B02BE4B
:1065E00005FB6A3EDB6C993D658744BEA5C615BEBA
:1065F0007C101DBE39BBB13E82D51DBECAE02F3D09
:106600007A6835BEC9574DBE5ADAC2BEEED0843D57
:10661000D77C40BD4BAFAA3DD758823D2289043E6E
:10662000026C8A3DC7FA9D3D00000000BAFAD53DD4
:1066300022D18BBE9BE9343EF23EFE3D93FB473DAB
:10664000AAFFD33D0477A3BDC7A788BE5FD619BFF5
:10665000CBE5F2BDAC56C9BDEA8E4CBE80B95ABD81
:106660006B7C6D3D99EC663E71CA903D0000000068
:10667000351025BE00000080CD97933E7E82373EC8
:10668000AE93E1BD7FAA46BE00000080000000007E
:106690004269143E1452D43D83DDBA3DEA062CBE55
:1066A0000734803D19F97F3E6287AB3EA4E094BE7B
:1066B00000000080B06B96BE2026013E055898BEB3
:1066C00090713D3E3A47EFBDB00FB13E3849EBBD4A
:1066D000E88C76BD5BEE2CBD28BDA83E9F83BE3DF9
:1066E000000000004732F0BD00000000F3C521BEED
:1066F00033271BBE200CB6BD0770C2BD9E390B3EB2
:106700000D60203E00000080D3881ABDF1CB33BE5F
:10671000F7750BBE44E4A43D22019FBD4048863E70
:10672000D11ED9BDE169933D00000000AA78C53DA6
:1067300004CC563E00000080CDF5BF3D0000008037
:10674000439F37BEB5C2A2BE56131A3E98DED23E54
:106750000000008000000080C1108B3EEC519ABD0B
:106760000000008080C8A43E6097CFBE62E989BD6A
:1067700000000000D498273E22E40A3EEEEAEB3DFA
:1067800093FC2B3E58ECA93D44A034BDE110A1BEC2
:106790000392933D47CD153E392B8A3E0000000001
:1067A0000306D33D000000008CE788BD2F0CC4BD5C
:1067B00006CE273E380015BE415FCCBDB60FD13D99
:1067C000ADF0BCBD000000002485F6BC6B83293E03
:1067D00018484D3E277057BD79BE56BE5A56713D7A
:1067E00017EC45BD0000000047A4A03D0B8F6B3D9A
:1067F000F8D853BE45A2C83D1A05AE3E73DA943EA2
:1068000046AC3ABED6CFB0BD0000000096DC1B3DC2
:106810007DA8593E545B92BEF0045BBD9C4C66BDA6
:10682000DB769BBDE839AFBE9A8DAEBD000000801F
:1068300032957EBD000000804E6A543D2313F1BDA9
:106840003A6D253ED270353E61D269BE5A3A0CBED1
:10685000D1BC1B3E940D753EC02171BEC59387BD52
:10686000C53498BD2FE8D33D5ABCCEBD0000008092
:10687000000000006C73143EC399493E10EFC03D08
:10688000EA2BB33E7855E23DF54DBCBD2F5939BDDD
:106890008BE1CEBEA718AFBD580CA23EE34F223EFF
:1068A0002EBF653D03BB0E3EA3BF56BD94DF293E00
:1068B0004B418CBE00000000000000809E1952BEBB
:1068C0009A2CC3BE97263EBE3F5F5FBD000000000E
:1068D0001C6DC73D7FE673BE37219DBD1844933DB7
:1068E000A0CC7BBE517ACABD857BB6BD747AB23D61
:1068F00067CC4BBD89F387BDA721483E17F7B9BDCB
:1069000000000080D3B60A3E0D2691BEE514003E7D
:1069100025E975BE05F84DBE000000808880B43DB5
:106920007263B8BD247C60BE5E16653EA59D143EB4
:10693000A601343E00000080314D1DBE9B05033E84
:10694000F8AACCBC0832F53CF7C22CBDDF9DE43B75
:10695000F78932BE16E77F3D358FAFBD2AC3E33DD1
:106960008FD5A9BD34AB55BE7777B4BD5F05A7BD44
:106970004B14DFBCB4DF343EDACD1FBE8D6D88BE54
:106980003D1C063E63C78D3DA081E73D0361BFBD51
:10699000C11E5EBE0F8311BEC67708BEA30F8CBE9C
:1069A000D4C5D03C88CA073E2C8D0ABC917D21BD40
:1069B00024F11CBD269A0FBDC28CF1BD541764BED4
:1069C0004D9188BED08CE03BEBFE4ABD4B5F0BBEC9
:1069D0001B06E4BD5ADE6C3DCC9A17BEA5EAB9BDD4
:1069E00068A9BBBDBC7C7BBDDB4D5EBCEBF059BD7B
:1069F000AA666ABD28E4023DA9953B3D9D54A83D89
:106A00000000008021FF35BF000000000000008072
:106A100000000080EBF232BF2C8906BFEED135BFFB
:106A200000000080A9FCE7BE576D90BE000000800A
:106A3000121E08BF00000080F582E3BE3B611BBF51
:106A4000C9A8C4BE0000008000000000F5F92ABFFC
:106A5000FC6B10BF29CD79BFE82382BF0000008006
:106A6000182695BE0000008000000000CF6F933E06
:106A70001EBC76BED9C1243E156BD73EC3D89B3E03
:106A800060990D3F00000080000000000000000041
:106A90003E7D903FDDC3383F74AEAA3F000000004A
:106AA000C6D2763F5A97973FE0E5C03F99682F3F9F
:106AB0007841863F81EF9A3E0000008084B4BE3E5C
:106AC0008C47A4BE0000008000000080287F18BF13
:106AD000052001BFD79F30BF00000080333BD03E70
:106AE00000000000000000800000008006660D3FEE
:106AF0008BCD0F3F892B353F6184FD3E0000008028
:106B000000000080482117BE82004D3E439BA03EFE
:106B1000C9433D3E96FB303EBDA2DD3EDF9BB93E04
:106B200097E318BFDCB7A6BED46F8CBEE281EF3E00
:106B3000000000006CEF0A3F00000080DECDE03E68
:106B400028D31F3FF3407C3F0000000077E19E3FC9
:106B5000A1AE923F000000805DCFA93FB43FD13F7E
:106B60002B5D823F170B8E3F00000000000000806D
:106B700000000080BF81133F000000800000008003
:106B800007F6C23F839C823E000000000000000028
:106B90007D14C93E2D56F3BE49767DBF9F8428BF24
:106BA000F74868BF5F48B4BEA5FFBABE6AB838BF31
:106BB0000000008000000080000000805AE059BF03
:106BC000CE3E11BF72F9F6BE00000080000000004A
:106BD000BBFDAFBE937002BF00000080C05E33BF3C
:106BE000000000000DEA0C3F000000004A41B03EEA
:106BF000F1C3983F0000000097C7D8BE0000000016
:106C000000000080E6D5653F00000000C135703F00
:106C100000000000C303A43E00000080D506FDBFB5
:106C2000D44DB1BFA49DF4BF4693D8BF4BDA8CBFFF
:106C300000000080BA4602C0686F9FBF000000805D
:106C40000000000097DA91BE4D9FA2BE0000000038
:106C500000000080F392E0BE000000000000008011
:106C60009B7E94BFA29A73BEA3F851BF0000008020
:106C700002E7253F5A17863E00000000E417A3BE36
:106C8000000000000000000000000000AC54C4BE82
:106C9000000000800403203FF735E03ED8D9C23E13
:106CA000B176A6BE000000001CF8B9BE8E622DBFF2
:106CB000000000800000008000000080A810DCBE02
:106CC00003BCC5BED0FD38BFED7A1EBF88A984BF06
:106CD0000000008000000080F63DA6BFC4CC52BF7B
:106CE000C77B9FBFBF3191BF8B658EBFEC4588BF0F
:106CF0008DE6E6BF8B2E91BF8F6C93BFA7A862BFB6
:106D00000000000000000080000000802CEA01BFAD
:106D1000A33362BFAE46A2BFFB33033F00000000B7
:106D200000000000CBDE7B3F000000000000000000
:106D300073AA893F18FFFA3E6176613F00000000A8
:106D4000B53A643F00000000F43A663F885A1F3F9E
:106D5000D6B6013F18A6F23F0B63863F0000000045
:106D60005AA244BF3E620BBF0000008087CFC93EDD
:106D700079B35CBE0000000000000080712A93BE61
:106D8000184A79BE415B6E3F457728BF50C954BF52
:106D90000000000000000080903C6ABFFF633F3F9E
:106DA000D7BE423F00000080AB7013BF77E70EBF35
:106DB00057966BBFFB998B3F00000000E65F163FC4
:106DC0000000000000000080000000000000000043
:106DD0000000008000000000B3644B3F4CDE2A3FFF
:106DE0006FEB423F292E03BF1CFC09BF5DC1DDBE16
:106DF000000000003CB2B73E00000080112CCC3EE9
:106E0000000000003446E83E3E13813EF00F4C3F48
:106E100078D2603E00000000793298BE0000008009
:106E2000000000000000000000000080F60709BF1D
:106E3000C01824BFB2FD0CBF49DA853ED94880BED8
:106E4000AE5C91BE00000000F1A0CFBE21A5003FC6
:106E5000732C5FBFD9BC26BFE9612BBF15859EBFD0
:106E60006EFEF3BE44F6A7BE96B6A3BF5A5D44BFFE
:106E700000000080EF2C16BF000000006E9FC2BE15
:106E8000E6040B3F49D9613F5634E03E41D7493FC4
:106E9000000000800000000093D36B3FBE436A3FB8
:106EA000F380253F0000008000000080C10EC5BEB9
:106EB00066DD943E0000000040F7B73E01F519BFC3
:106EC0002FFB34BFE5A1A0BE96C35ABFB1BA8BBF9A
:106ED00037D339BFDABE293F00000000A38B6D3FD6
:106EE00000000000F8F1843F00000000767F243F9E
:106EF00034D6603F7F00E43E000000008838663FE3
:106F0000D964103F00000000000000800000000075
:106F10000000000086AEC1BE000000807A98ECBE82
:106F2000750C25BFA68A17BF15B0B0BE2B600A3FEF
:106F3000014C523F61FD85BEAAE016BF182D10BF5F
:106F40000000008091AE6FBE000000807B4AD33EFF
:106F500011045B3E00000000F31B273F37602A3F0F
:106F60000000000071BB673FE656653FA75C153F18
:106F70009F9DB43F7C1A263F000000003088D53E1C
:106F800021E80E3F000000002283003F00000000C7
:106F90006291363F4866B03F8231783FE0A9353F85
:106FA0000000000000000000000000809D6922BF7A
:106FB00070C129BFF709CA3EF43BC8BFF7A60BBF93
:106FC0004D4945BF5CD0F7BE00000080750C09BF7D
:106FD00059B98ABFB117DBBE833049BF9D96123FB6
:106FE0000000008000000080082D733E00000000BB
:106FF000FAB8AEBE15791C3F74259B3EF49AD6BEF6
:10700000000000001A0ECFBEF80331BF5B5EBD3F2B
:10701000CAB36A3F00000080C387DABE0000008068
:10702000DDC0AABF864D3B3F00000080000000008D
:107030009F2E93BE65DF98BE000000800000008098
:10704000326FB4BEE97092BF000000800000000003
:10705000F84A05BF96FC89BE000000000000000051
:1070600061AD0DBFA5E35EBE21F074BE53B90ABF8A
:10707000BDAC8DBEDE86E3BE499949BF000000006D
:10708000ABAA553F31A028BF000000009400603F2C
:10709000000000000000000000000000DFC9CD3E3D
:1070A0000000008000000000ACF48EBE00000080F4
:1070B00000000080DEB85D3E0BCC043F13187D3F1E
:1070C000E76A453F1D05533F8807A33FDD6A10BFB0
:1070D000062AC7BF1AAB193FC6B764BFF83230BF24
:1070E000E0EB75BDC84F89BF3FDFD9BEC4B5853F52
:1070F00040A24C3FCADAF4BEF28BD5BEA261903FEB
:107100007661153F5D5DCE3D77A382BEEBE1593FD1
:107110007B95D13F35C5953F14AA87BFC77B4EBF2E
:107120003AB3153FAB558B3DF00617BE750FB9BE90
:10713000B5B630BFE1741D3F00FE003F3829763FF1
:10714000616B40BFCA27AF3E2922E4BED8956CBF11
:107150001114FD3EF1131E3F8FCFA7BFB9A39CBFF3
:107160004F7E833FA1127D3F263B1F3E6DF2A8BD9F
:10717000044A683FB98D3C3F9380FBBEE665B2BED2
:1071800022B57F3DB3B08F3D00000080A44A00BE11
:107190005413993EED00A6BDF740E73D5D407F3EAC
:1071A0006A1A4EBEE9A84D3E9079F33DEDBB913E83
:1071B00077508CBEC8917A3D4C0D45BE00000080D2
:1071C00000000000098382BE000000800000000073
:1071D0005B9292BD00000000000000805C3CDEBDC0
:1071E000B9C4A5BD0E4D273E11731BBE33C737BEB4
:1071F00000000000EDA4523E4CD3963E63E96A3D88
:1072000076F10BBE990F1FBEF6DE3DBDAE6A2FBEF6
:107210004AFE82BEA46C103E6EE9FABD00000080FA
:10722000000000808BA58DBD68D123BE42D02A3ED0
:107230002353183EE57A693EB86EB13E145DED3DCC
:10724000154FC7BD1C2D3EBDAE5283BEE80782BEA2
:107250000000000000000080832D3CBEFDCD95BDE8
:10726000B795C13D0DA52EBD4CC7AC3E000000003A
:1072700000000080E43B3B3E0CFCAEBEAB50F93D51
:107280005236E8BDD1F7BF3D473520BDF660A73D7A
:10729000310DA13DE54E9BBEC13F08BE4F10993D4B
:1072A000B26F253EE0B828BD019915BE44F8083EEE
:1072B0004864E63D0000008042F2953D843FA0BD59
:1072C000000000805F6C25BE0000000040D2653DDC
:1072D000AF7B873DB9A6933D84BB293D000000806C
:1072E0000000008055422C3E00000000000000001D
:1072F000000000002A91533DA929433D6E038EBE34
:10730000B8B2FA3D000000000000000000000000DC
:10731000000000804C6D803EBE026F3E0392493EED
:10732000000000805A499FBD802B433E8A68C23DC1
:10733000000000009B1E32BE00000080B6A3AB3EE2
:1073400000F87E3E05771C3EEAF725BEBC6586BE8A
:10735000E123183E0000000000000000BEAF443DE5
:10736000BCB5853D824D2BBE5D316E3EF6CAF6BD85
:1073700005813FBE00000000D8DF923D586EFCBD85
:10738000F4DC783E6A9D1DBE00000080A787713E38
:10739000E361373E819FA4BE61BD04BE2E2A74BE48
:1073A0003B1FBDBE7898A53D3B942C3E000000805D
:1073B0003026433ECB46263ECB389ABD0000000027
:1073C000000000002A7C4F3E7D076B3E00000080DD
:1073D0000DDFA4BEEBA813BD8289EABD483FE9BD1D
:1073E00075FFE0BD54D4123E7DE7EABD0000000009
:1073F000A188D1BDA5F5833D00000080A8B0C0BE26
:1074000067AA40BE00000080F160FA3D0000000065
:1074100047BAA7BE02333D3E0413EFBD36B4403E2B
:10742000B0CFB03D0000000034E51D3E7E8E19BE99
:1074300052931EBE1A8D233E000000009C577EBE54
:10744000F3DBA33D04FBD5BD00000000CD25A9BDA5
:10745000E32FDE3D2D003A3E00000000B4A1853E42
:1074600028A3A13DA0919DBD0BA71B3E030B1CBEF5
:107470008AD52CBD86B9AFBD41F382BE00000000A5
:1074800000832D3E9F3A06BD8D6DAABDC37AE5BD32
:10749000000000800000008000000080A6C3B3BD93
:1074A000FDBB30BE9AF910BE445C3E3EA5EE213EC7
:1074B000E58E96BD83B596BE5F4085BD11C7183E6B
:1074C000501A08BE60893FBD45B3363DF6319E3D3A
:1074D000A17E8C3EDE2F7FBE118F1CBE000000807F
:1074E000ACB743BD00000000E00F9C3E72BB433DC3
:1074F0003F9646BE00000000DF2C2BBD64A532BEC7
:10750000DABF5FBE00000000FE284C3E311CA4BE66
:10751000C782F9BD000000802B3664BDAC9C7ABEEA
:1075200000000000EB3786BD027F343D0000000004
:1075300012A261BE3AB716BDA27FDDBD0FC9B1BDB3
:1075400057E5863E3D348C3E000000001604C1BD68
:107550008D9CC4BD10D7D4BD12AAA3BD264F543DE7
:1075600070BAC93DE0791A3E0055943D34E26CBED4
:10757000000000006E1859BE6B1B623EF11077BE12
:1075800000000000BEA7653DF43A6C3E44DC553E69
:10759000FC7E66BE0000008016A6CE3E5667943E76
:1075A000C143D1BE777E3ABE83928CBDC82C533E78
:1075B000FA19823E26547F3D00000080E8E198BD24
:1075C00098A8983D6BB3FD3D00000080000000804E
:1075D000199B0ABECF7F2ABE83D8B93E0000008027
:1075E000D6BCB73D9800ECBD000000800C200EBE5C
:1075F0000C56853E4874873EB37233BEE85B21BEAD
:107600006306383EC97754BE00000000804E63BE5A
:10761000E0AF003E52CBEB3E02AEC7BD95A7BD3EEC
:1076200032D33FBE843980BD1CBFD5BD7FF8B83E84
:107630004DC88B3E000000000000008003BCE93E06
:10764000C71C71BDF3FD1FBE00000080D05A66BE8E
:1076500034DF5D3EECBD1DBE000000002DC2423E89
:107660005D11ADBD1B08313ECCA68C3E00000080F4
:107670000ED7503E000000000422A03DEE2298BD2F
:10768000504A673E000000003E8B90BE300B96BD16
:107690006A60793E65B1EDBDDF4E5FBEBAB0A0BE97
:1076A0000DA11EBEA6333D3E000000801CB66DBE7F
:1076B0009B0DD13D00000080FA288BBE54AC243EC7
:1076C000367814BE4120A73D4F311D3E9150623E99
:1076D000BA56063E00000080000000000A66923E96
:1076E000510933BE454451BDCDF1A9BE5981933EE8
:1076F0004AD586BD2BF75A3E75A56E3D00000000A9
:107700009CB96EBE000000805D5739BECAF5DABD77
:107710002430C2BDEBBE91BDFBE0923E34B1CCBE85
:107720003D14CE3D1C2A9F3D00000080DF03DC3D60
:10773000CE8B3FBEDCAC923D00000000119D4ABEE6
:1077400030DF9DBEF8A086BE07DE743DC3EFD0BD1E
:107750000F5EAE3D2990063E266505BE8A1CD6BD4D
:107760007A82013E64DD553EBBC3D13D0F1F5DBD36
:1077700000000000495D9EBE40416FBD00000080DA
:10778000C26AE23DC9EA3A3D55AB84BD5EAFF9BD80
:10779000C7B5BEBDC32447BD56BFEDBD5B4E473D1B
:1077A000048CE23D3EF955BD08B88F3E00000080D4
:1077B000C28AFABD000000005A19CBBDEF248C3DEF
:1077C0000000000032EB873D22D3833D8426E93D53
:1077D000B36CCB3DD53778BE4FCC26BE6969593ED8
:1077E0006B565CBE000000800241363D0000008008
:1077F0008CFBB7BD8B1DCBBD15AE4C3D1CD56E3D76
:107800000704893D776C7EBE30F0A8BD19C2C9BDA2
:1078100000000000399077BD0000000040E8953D71
:1078200035F9BBBDCAD1C93DE495073EAF471BBD85
:10783000585CAEBD00000000392709BDBD3507BD4D
:1078400081833DBE0DCF113E0000000028F5963E1D
:1078500000000080F9F24C3E41E2BD3DC54BAA3E1E
:107860000000008000000000F007A63E42CC343E3D
:107870009346E13EAD5EA7BDEAC69EBD42AEDF3D8A
:10788000BD252BBE24A121BE000000008C3368BEA4
:10789000F2DE6D3EC2A457BE6D3A523E2920B7BDFE
:1078A0000B4659BE00000080F62A98BE21DC63BE5C
:1078B000700B6EBE5DF96A3EC171333E2D2E953D53
:1078C00072D4003ECF33543D68816EBE72A6AABD0D
:1078D000F35061BD07927FBD9AABC6BD0F84D0BE89
:1078E000929CA63D8899C73EC977863D5FE0B2BDB0
:1078F0000000000000000080000000800000008008
:10790000D104AB3E2D7F443E000000801F5790BE47
:107910001DC58D3E1C752C3E00000080C0D4AB3EC2
:10792000000000804C10A3BD0775343E000000002D
:107930000000000094C6A93E000000801236E23D1F
:1079400000000080E3D0BEBE00000080EAE026BE5A
:1079500028F5D53D0F8182BD00000080F3F8A93DD8
:1079600062B55ABEA577ED3D00000000C522353D49
:107970006AF99CBE32DD70BD7D1DA93DD9C28DBDA9
:10798000A4C0803E86D59EBE960294BE4B2D923EEC
:10799000841B0D3E50C42E3D0000008074875CBEE9
:1079A00000000080E7B9253E8A8657BEAC7FE1BD66
:1079B00010E58CBE0000008030CE9CBE6E8E243E52
:1079C000C684173E6D60863E00000080FD9FA7BE06
:1079D000B90D403E3EDD503E00000080B7F017BEBE
:1079E000185880BE38805BBE000000005881643E9D
:1079F00038A6A3BE9F8E3F3E163F8CBE1FA0503EB2
:107A00009F9B8CBD000000803B801EBEA3D807BF9B
:107A1000976DA63ECDE784BED837B9BD71B5403E5F
:107A20000C9A9ABE43EE8B3E0000000053C32A3EE0
:107A3000E578A5BD0000008010E2343EFEEA1E3E5F
:107A4000524F8C3E79CEB73D0000000013A711BE07
:107A5000FCA00C3EFB38E1BD00000000000000006F
:107A6000A3CE1E3ED516D23E4D52D53D9BA687BE17
:107A7000BA26E83D000000807CA26DBE4B45173E53
:107A80004CD072BDB664D73D172AD93D45C752BD0B
:107A90002CED1E3DFDFCE0BE000000005277553E7F
:107AA0008AFA95BD5D66363E0000000060ECB53E8A
:107AB0004AE135BEDCDDD1BD5FF8203E000000802C
:107AC000C91422BD86B2CB3DA5D129BE1012A03E5D
:107AD000B3CD13BE00000080C5C2CE3E3FC2983D6C
:107AE00000000000C2D6E63D3C77A9BDC972B93D91
:107AF000000000802BBB423E916FA43D9CD2FEBD96
:107B000000000080000000000000000000000000F5
:107B10006090133E4901883DA1B0473EDEECBB3D7D
:107B2000000000003F6E6EBEC0DBFDBDDA3337BD26
:107B3000000000004D133FBE0000008000000080E8
:107B4000CA77323E6128063E0DAD3EBD13E3A2BDAD
:107B50004F73013ED3EB73BD11E8983DCC35EFBDBB
:107B60009A128ABEEA4F62BEEC8FBDBD96C40D3D2F
:107B7000040826BD7C67633D8CE851BDA5A2C43DC9
:107B8000F7F4DF3DFB259A3D6CC8A73D7CAA25BDD7
:107B9000AD051EBE271C4DBE64C7D53D000000804C
:107BA000D6DBBE3CB297FDBD2D94ECBD6DDE0DBEA7
:107BB000000000002483303D00000080B9AEA23DEB
:107BC00000000000873EFBBD31938FBEF10001BD78
:107BD000ED6FB4BD8EEFEBBDC76233BE01F316BED1
:107BE0007671ACBEB7BE133DB109253E00000080E2
:107BF000094E33BDC7C4293E0000000092491EBD96
:107C00006ED6693D0025C3BDA4AD03BE539B3F3E68
:107C10004FAF723D76D8003E00000080DEFD213D72
:107C20005909843E0000008000000080B62D17BD79
:107C30005FA1AB3D4206D93D80BF283EE5BE7E3EFA
:107C4000A68C843E1CC4F8BD000000803BD308BE57
:107C500098D4173E675A823D3E073ABD0C04473E12
:107C600010E737BEECD7B9BD000000805525E7BD51
:107C700033C75CBED29AD73DBF2D6A3DAC5E963D00
:107C800000000080E02F4ABE20B958BE5444283E70
:107C900000000000CF3786BE04AAEF3DE939203E40
:107CA0000000000000000080FAA21DBD60FA28BE9E
:107CB000916019BDBF52B83D0000008095C848BE14
:107CC000000000802A9892BEB7F888BDB1D71E3E4A
:107CD0002652BABE5FCE433D4FF8EBBD0000000018
:107CE0005C804E3E0000008000000000000000802C
:107CF00000000080C186C73D401C843E000000009B
:107D000019ABF83D00000000A9DAE53DB326833D3C
:107D100039699BBEC0F8693EB959C13ED651583D3C
:107D20005A8A073E8C6B463DAA56F1BDD7A65CBD6C
:107D30008F8556BE6347B63D8FCD6BBEF32927BEF8
:107D400022B26FBEDBF7C4BD0F349D3D834770BECA
:107D500002B3F63EE6E7293E7CEB433EAE722D3E93
:107D6000C0999F3D95D5D23D78C6343E06EC2EBED7
:107D7000DB6D1FBE6062A23D73E7BABE1D22CA3D25
:107D80001FEDB3BD4BFAFEBD00000000EF669A3D4B
:107D900000000080306660BDFC37CB3D036DE6BD62
:107DA0005594523D6613EEBD000000800000008037
:107DB0006DFAE3BD7F42AA3D509E8D3D000000005C
:107DC000000000000000008055F812BEEE633D3E4A
:107DD00081BA313EF8DB9FBD1F508D3D886424BDC4
:107DE000E1638EBDDB60443E0C8086BE0000000077
:107DF00000000000D192AF3D21FC1C3E239E6A3E54
:107E000000000000415082BDD41E10BD0000008063
:107E1000000000000000008086F008BDD955063E35
:107E20006D222B3EC693BBBD9EA9B73D723E8FBE51
:107E30000000000000000000F68C6F3DF7FE77BEEA
:107E40001F0335BD00000080DCFC993E00000000EF
:107E50004ED731BE55FB203ED47BF0BD151E293ECA
:107E60003319B43D3F86883D00000080000000804B
:107E70000000008046C96C3D00000000B904A3BEAC
:107E80005233A9BD000000800FAE85BD22E38FBD37
:107E9000E6759EBDC608573E077C573E0000008031
:107EA000852FE03D00000080207C523DD143913D74
:107EB000D3F09D3D84FA4B3E23FEF63D014B14BEAC
:107EC000AD5B94BD00000080896338BEDF5D2BBED2
:107ED000000000809B47FABD235AD33E9576A83D0B
:107EE000000000800A77C9BD23B21D3E2F05B0BD3A
:107EF000F649DB3D00000000B43D31BE1B1739BE22
:107F0000D9E161BD00000080D32177BEB36EA23DF0
:107F1000E1CA2D3E71CF953DFA1637BEE6DB873DAF
:107F20004B59AE3E641B10BEB367153E0000008087
:107F3000C1F6CB3D1B14063E9BDA80BEACD6FDBD20
:107F4000C3DBF4BD00000000000000800000000062
:107F5000D0D5643E000000808607A1BE3928233EAC
:107F6000E8BF3C3E000000007270C1BE29BBC63DA8
:107F70002F60FD3D35C8753E0000008095FE22BE95
:107F800006069C3E00000000212F0A3EF8BC223E5F
:107F90000000008006AD3A3DCD7D9F3D36D05EBDF0
:107FA0000FD2A8BD5119583EAD1D983D22EB56BDCC
:107FB0006290BC3D5BB248BE000000001CC6853E1E
:107FC00062CC22BDF92874BDB57D5E3E0000008004
:107FD0006B7C4FBEF01FDC3D5AC3323DAF88C9BD3C
:107FE00057B30EBE0000008031B6DBBD0E2E063E3C
:107FF0007509D8BD1EABB2BD132FA13DC6B4F4BEEA
:1080000046A9863E55B56ABD0000000043250E3ED8
:10801000DD5508BFE858CD3DD452B4BDB13F863DD3
:108020008ED358BE20960F3E4B14813D1F18593DEC
:10803000362876BE0000008088DDC0BD9D5FACBEE6
:10804000AEDBD83E5DC82EBE504DF53D5F8DC6BD42
:108050000D1971BD68E6C7BD00000080E54F76BE12
:10806000168B643E968CB4BDED09573D5F12E03D22
:10807000A24BA43DEBB003BE000000800000000056
:108080006A2E7E3EACC3D83DC49AA53E0000008057
:10809000000000009E950BBEC76D33BE62340F3EDC
:1080A00097A6763E085BAF3EC618103E00000080E3
:1080B000F7CE463E000000003197A1BEF36378BDC5
:1080C000A2EAEDBE3799ACBD00000000B310F03D50
:1080D00000000080DC5F553E0000008045147BBE40
:1080E000000000009119C93D6E665EBD860A06BE9D
:1080F0008FF3C4BDC84F82BE0000008053CF8B3DBC
:10810000FC74DBBE2856713E2E58E6BD0000000010
:10811000AEF0993E0000008010BA6A3D750AED3D50
:10812000000000802472FD3D37C1F6BDEB557DBED9
:108130007E35163ECBC331BDAA2BB93DF711243E87
:1081400094A1A03E7A60E6BD3CC3823E28867A3E7A
:10815000226AC9BE00000000C34803BE23799F3EC7
:10816000DE16733DB3FD3CBE8A2522BE3C47AEBD44
:10817000EA4992BDEEA9D4BD00000000F32080BE04
:108180001385C63D9971813E000000804196313EC5
:10819000D1EEF1BE0000000041D8F83D0000000023
:1081A000D04D523ED4128D3D0000008062FA303E28
:1081B0002530A23D6C4636BEA2A842BE000000009B
:1081C000525204BE82BD133E000000800000000039
:1081D0007F87053EB9D580BE58708E3EFBA7283EEE
:1081E0003D42823E6010C73D6139EA3E6A648CBD03
:1081F000980EEF3D00000080B393FBBD63B6FD3DDC
:108200009BBEDA3D208D553DCDF3C03EA68098BE85
:10821000110AEB3D0725FCBD6478A6BE86AF09BEFA
:1082200000000000CA05E7BD6EDC353DE6DA85BE1C
:10823000836C8A3E000000809EB7BC3D1712EBBDE8
:10824000A460903D00000000DE0C4BBE161A343EC8
:1082500013F186BD156C1F3E2E259C3E29BB03BE27
:108260000000000029D3543EB721BCBD1D55863DFA
:108270000000000045E8C1BE00000000E1DB5CBE7C
:108280007DE0CABDACC03DBE000000000000008023
:108290008684213E5EB2A7BD5B34A53E993D3C3E3F
:1082A000000000005742A83DE3403F3E5A435BBDFB
:1082B00000000000EDC51FBE85E50CBEEE4EB23ECF
:1082C0003E2D8ABEEED21EBE2F6E93BE00000080F1
:1082D00058C1D53D0000000000000080FABB4E3EB2
:1082E000FFDBA13D0719213ED9665EBECCD34A3ED5
:1082F000000000800F8CA9BDAFCA493ED49D84BD4B
:10830000C644B63D61192EBE00000080000000800A
:10831000131097BE7C951F3EE602B73D000000009B
:108320007DF7693EB12A933D00000080B5471EBE2F
:1083300010B298BDEDAD963E41A5473E97732DBE58
:108340000000000000000080A7F4283E86DA2ABE64
:1083500099ED583D00000080E1639DBD69DA863DDE
:108360005BE7CD3D7128893E000000800000008061
:10837000005E743E276E3B3D12981ABE060CC4BECA
:108380002F14BEBD45D7AA3E4D6BAA3E355B8A3E33
:108390003B937D3D10F0833EC38889BE6A3FC1BDDB
:1083A0005CDE743D513C463E0000000030BF5EBEC6
:1083B0008E29D13EB9A6C0BE51ED793DEC2420BE38
:1083C000000000803943AF3D4801283E0000008096
:1083D000BD2CAB3D2401F73D724580BE6B0C08BE41
:1083E000D9C97DBE2FCC71BD00000000834B51BEAA
:1083F000F041133EA8FBB63E00000080F79F8ABD07
:1084000000000000AF62F73DBAF447BE0000000074
:108410001522453E7183E5BD0000000096F2873EBF
:1084200000000080C05D13BED6210BBE000000809E
:10843000FCE608BE725C66BE0000000044A872BD87
:10844000E044473EE6BDD93DF5C7CE3E0000008082
:10845000B5D716BE00000080312CACBD9ADC193EA9
:108460002416DDBD00000080903D70BE779D03BEE8
:108470009918353EA873033E4A63D8BDB4768BBEC7
:108480009B7F2FBE5BE6463EF1D894BD8B36FC3D0C
:10849000E28C5ABEAFC94E3E576FC63E0000008008
:1084A000B25C9D3E000000003C688A3D8DF43EBEFB
:1084B000C97242BE63BD0BBEE94CB33D7280333D11
:1084C00001F676BE028E12BE38C8B9BDAC3C4BBEBA
:1084D000064FBBBD00000080B254D63ECCB0EC3D90
:1084E0000000000000000000FEC88EBD8ECDBABEA8
:1084F000E95742BD00000080235242BE0000000048
:10850000881BB53D000000008BF6A43E0000000073
:108510007D6096BE34FD803DD53958BECF80643E27
:10852000222FA13D00000000000000801A26B5BDEA
:1085300000000080243538BECDEF3DBD1BE4563E23
:1085400000000080C26826BDC4A6173E741F9B3E73
:10855000524FABBE992DA73D2788703E60CA913D12
:10856000BF603ABD0000008094608B3EB49F5CBE4B
:108570000E9DF0BD32BB82BE7996CCBD7CB2D3BE1F
:10858000000000806861823EC54B503D6E9998BDE9
:10859000000000805485D9BDA06DBFBD00000080E3
:1085A0007F67843D957A45BE0000008049F0D4BDC8
:1085B000B969993D000000007EBC0DBE000000803E
:1085C0008E1CB33DB2D796BD19C6CF3D590517BE17
:1085D0002ACD703DD9EEB9BEECCCE8BEDD107B3EB5
:1085E000DEB62FBD00000080441557BE765C3F3ECE
:1085F000F27B2ABE5C9C0B3D8F8A46BE0000008049
:108600002B45913D0633E33D86FE36BD00000080DC
:10861000B30B2EBE7F04363E76F666BEF7D72BBE72
:1086200000000080000000000A4B963D00000000A2
:108630002B45483D8662AE3DD3F1FD3D113DC7BEA1
:10864000430F5F3E0FBAB83DC3E8093D976F063D43
:10865000105D283E643C703DD86A763E6818F73C51
:108660009755023E0000008000000080CB8533BE9D
:108670002295153E0000000068A563BD00000000C3
:108680009297D43DA55A30BEBAF3BFBD638691BD63
:10869000914199BD483BF6BD0000008052925D3D7E
:1086A00041EDBDBD7432EC3EAE1AB53D18C62A3E52
:1086B000EF1C51BD5272323E71154C3D670CD6BD58
:1086C000FED00B3E5ADE05BEBDAF463D5BB0B43DAD
:1086D000B013BBBEABC3A03EA318993E7EAF7F3E96
:1086E0001C48363D0000008000000000D83AB2BDB2
:1086F000CA72B5BE0747B0BD7677A7BDAB1F19BE1E
:108700009A7D85BE022114BE00000080FE232ABE91
:1087100000000080F440753EAE0789BD1224AE3DD6
:108720009C2164BD064C023ED70F483D09B38BBE69
:10873000F0DE0D3E0663A8BDDD2C81BE1A38C4BD37
:10874000C7BB8B3D33F68A3ECA4D133E0000008006
:10875000E1601FBE7AEEC1BD2752FA3D0000000065
:10876000D6CCA1BE3F5D1C3EC35D2DBE0000000007
:10877000FC94AC3E00000080E285FFBD12C526BE21
:10878000E7F1CC3EE443883DADCBB33DC117CF3DCF
:10879000000000801E959B3D34B2B73E0000008073
:1087A00028BD393E000000802472033EC23A88BED4
:1087B000062B023E3EAEB2BD0D30373E9FADBEBE73
:1087C000D86A46BE58609CBEAEEAD2BDAF789CBDAA
:1087D000448F46BE26C43F3E000000000AAED23E93
:1087E0002F9C793E8BB2EDBD0000008045D092BE3B
:1087F00000000000393D1ABEAC837BBE00000000C3
:1088000095B4813EF3BC343D1E818C3EA16FA23DE8
:10881000FB158EBE8D53AFBD00000000DB943ABE49
:10882000D0B025BEAEB84FBE8C10F3BD2004DA3DEB
:1088300001490CBE19EF703E00000080443AD2BEE0
:10884000D58D573E028CCB3DD7E05DBE4F30353ED7
:10885000465999BE9B8F7BBD000000800000000040
:108860000000008036C0943E5044133E000000805B
:108870009161DE3D7C4CBABEEC975F3DC08D69BE18
:108880008BEDBC3D2E8C2F3EF4A4973D2E709EBEEA
:10889000177689BE1EDABEBDF71A023F4E3D81BE75
:1088A0002C03E13D00000000F3B663BDA628FF3DA8
:1088B00000000000F6CBB93D8D0DA3BD1D7CA03D91
:1088C00000000080D148AABD0EE3733D13D07A3E6C
:1088D000E8F925BE00000080000000800000008054
:1088E00023D6CABD00000000AE36BABD6328D23E12
:1088F000712310BF9050863E18E90A3E63734BBE49
:108900008E04BD3EFB109E3DE797823DE88FE73E1B
:10891000F3B58FBE84C4D6BDCB7B8E3E00000080F5
:108920004AA20E3EB71B063E4E161A3E00000080BD
:10893000E62A93BE90284B3E000000000000008015
:108940001B8306BE0000008092E8B03D83F5A3BD06
:10895000812F64BE00000000D2DCAEBD238DFE3D41
:108960000000000075C2F33DFE90B2BD982E0E3E91
:108970004A005F3ED2A560BE00000080000000807B
:10898000CC7E23BD221F56BED72F14BE40A472BD7D
:10899000C547B03E001E2C3D0000000067F8AE3D0C
:1089A00027CE3ABE4FD23DBE6F8D33BECE8FBEBDF9
:1089B00029EB523DE2D7603DFDF0643D0000000030
:1089C0009648AF3DEFBA80BD2BEE7CBDD5708EBE14
:1089D00018B48B3E000000800B6B63BD00000000EC
:1089E0004028A8BEDD973DBDABFD05BEE4630BBED0
:1089F0000000000052B0463D000000004B5727BE6B
:108A000000000000588248BE546E23BD00000000E4
:108A100000000000BE294EBE5D39F7BD5F4543BE74
:108A20006399B4BDDA7C6D3E6561143D4CCBEFBDFE
:108A3000EDE786BD051C96BD7CD1B5BD1AAC443EA4
:108A4000ED34C93DC339083E60481F3D3CEF9CBD35
:108A50008D67303E29A2B13D4336153E00000080AF
:108A60009F220A3EA198CE3DD0029A3D74BC7ABDA9
:108A7000C136563DD412AFBDD44E27BED5E6063D15
:108A80008A92483D00000000275B33BD7970AC3D01
:108A9000FDDB9B3D0000000000000000F050C5BD64
:108AA000000000808908E13D000000805386223DDF
:108AB0005629D9BD4E49CCBD6FA12DBD0000000087
:108AC00010BDC6BE7EF4573D4AE823BD8FAA03BE43
:108AD000290E223D4BBB09BEAB617BBD74A6C33DD5
:108AE000483ACF3D57712EBE09260CBDC8763C3D95
:108AF0001E694EBDE187453D87A6D3BDA21E16BEA9
:108B0000E30AAD3D000000000502733E3BA39BBDA0
:108B10002549F0BED2D414BEF793ECBD410A3ABD4C
:108B2000248D983E240BEEBD00000080DF9912BE1C
:108B300000000080EF648F3DB834983D00000000D5
:108B4000948C0E3E0000008041D6273EFE7508BE84
:108B50003A39BEBD68596D3D835D183E2F022FBE68
:108B600000BE12BEC1DA833E607A363E689451BEC2
:108B7000E37279BE9D1E453ECDDD8B3D0000008039
:108B80005A7E29BD94AF2C3E0D35A23EF75E713D55
:108B9000031C8F3D15D6583EA33B453EBB80613E2E
:108BA000000000801B22503E311431BE0000000046
:108BB00067DE063ED382803E0000000078D14FBEC3
:108BC0004B35003E00000080CF99ACBDBE66C0BDF5
:108BD000997BF73D352DC0BD27C7293E5CF315BDF8
:108BE000A1FDEBBCE033323D9250233E000000007B
:108BF000000000008E0628BD1CDA21BDA13AAB3D65
:108C0000398598BD9687183E3824AD3D0000008018
:108C100051F8633D67AB0ABEC9D6BBBD2BE61F3E0C
:108C200000000080677F98BD27D4E23D00000080EF
:108C300050FE023EDC4B10BEDE25083DF6BBEABD11
:108C40002CA91D3E6EC9A0BEB85003BE161EFC3D29
:108C5000EFEEFB3DF6CFDBBD379C003D8E2A2FBEED
:108C6000BE3278BE8D119B3D02A2AD3D3F3768BD3F
:108C70007C4800BEA0EACCBD1718253E000000804D
:108C800000000080A26933BD0000000021034FBD39
:108C90004511353D89002EBE39D8A33DB83A49BEAD
:108CA000DB871FBE4C4B50BD3763B0BDC7D6B6BDCA
:108CB0002063DCBD14FA99BE8CEC7CBDA5F2DA3DD4
:108CC00002B3B0BDEE0B11BED988CDBDA0A4893DC5
:108CD0004BE5113D8AFCA3BD744BEFBD8EC1833DB6
:108CE0006D876DBEAB2C873D4865503EAA82B1BDF5
:108CF00043FE163E449F633E5F980FBEB12B353E48
:108D000060D935BECCAF9A3DDFD1F8BD01C0BBBD47
:108D100063EECEBD057D69BE99A51CBE0000008036
:108D20000000000085E6303EF3330C3E2B8810BE79
:108D300011E356BE0EFF443DDAC7DBBDD126563ED9
:108D4000B8D251BE163AA3BDCA6BA83DBB1049BEEE
:108D50005C163DBD6A11073ED466B73D220E9E3DAE
:108D6000E547F43DEFE939BD2B0E253EF98CD0BD2A
:108D7000DBB5D2BDDB647C3EBD93203D5D06633E2A
:108D800073B95F3DCEE80D3E9A957F3E31DB5BBD0A
:108D90003BDD0E3EFE319CBECD6914BE2B764EBD32
:108DA00000000080D0044B3EF817A6BE962C1B3D59
:108DB000CE48093EEA99A53E3E955B3E9C27313E52
:108DC0008C5D0B3EA7CC00BE37D64A3E00000000AB
:108DD000FA1EB33DEC19D53D41D19A3EAF98E33D23
:108DE000EA70693D98FC58BDD04258BDA53768BEB1
:108DF000000000805447F33DB26CE8BDF8C0B3BD3D
:108E00004DB4193E03646FBDC0ABE8BD00000080E7
:108E100059ECDD3D5DE61F3EAACD913D30D9AC3D1C
:108E200000000080279562BECC92253EA036FD3C16
:108E30008740C1BD00000000485E0ABEA1126EBEA0
:108E40004F6FEB3D0000000084BFD83D9BAF99BE43
:108E5000D623543E86BBD4BDCA4A563DB196633E26
:108E6000FB5A983D0000008027FCF4BD56E193BDFD
:108E700000000080201420BD438CCE3DF7DD05BEF0
:108E8000DEDEE33D00000000000000800000000086
:108E9000FA0D14BDFF58F13D3ED1C1BDD4B7E03D40
:108EA000000000005835063D00000080C56F9D3D64
:108EB0005C446F3E15B3693D000000005D69603D94
:108EC000BEDC0EBE88BF133E555A983E74F2C83DB4
:108ED000517D28BE5A8DB63D7CFF3F3EFF205FBED0
:108EE0009901A3BDC0069E3E0ECB223E8C9FA7BE1D
:108EF00096EF283E7D744D3DE09E9CBD66D65BBDE1
:108F0000B2F36CBEDC3F38BE7448943D3708123E65
:108F10003D8B48BD1E48EC3D3D6E663D00000000A7
:108F2000000000802B7380BE000000807F507D3DDC
:108F3000B07CCFBD9BA292BD71AEAE3E49121EBEAB
:108F4000897298BD00000080000000803C3163BE43
:108F50006CB04E3E3C8D3DBE4425003FA7201B3EDD
:108F6000E380C23DDECEA0BD7CD0E73D0AADAEBE03
:108F7000E0A62FBD00000000EDC08ABE78F4073ED9
:108F80004E47963D4B9482BE8A2F873EB31829BE2A
:108F90003AC9CABE00000080A29592BE8BCB05BE26
:108FA000F7A42CBE0000000000000080989FBABE0D
:108FB0007BD8CB3E6E1C1EBE5017A4BD4A8417BE84
:108FC0009FB36CBE18924F3E000000005C7F653E70
:108FD000FFD457BE0242A03D9387A33E7297C9BDFE
:108FE000B84B753E3D1FD0BDF46BCB3DCED28BBE92
:108FF0008FFF4DBEE911DFBD6DAC653E4A4AA9BE8B
:109000005B9B27BE021D353E1CE6183E24463CBE37
:109010005F123BBE0000008029FFE3BDBB8A353EE6
:10902000878A9A3D0000000022FB53BEF4656CBEA7
:10903000F168C4BD144365BE5BCE55BE00000000A0
:109040007DF942BE00000000C3E9D03E7B732BBE19
:109050002C86A73DA28476BD054B9BBE00000080F8
:10906000530274BD060FA3BE3EBAAE3DECD15B3ECB
:10907000F3DACD3DB6AF943E00000080A883423EB7
:10908000F0A4723DFF725E3E3394FE3DCF106FBE82
:109090000E188A3E7A7427BE000000809DEE4DBEF9
:1090A0007231653EF1C0CA3DB6811C3F4BA8613E9E
:1090B0001FBF813DD901B33E4F67A03DD1C2943D52
:1090C000B096813EA12B9B3D6FFF4E3E0562D03E88
:1090D000FF83E33DF97831BE3B2B8EBE1079B1BEE4
:1090E0007BF97E3DB6478BBEA8C4773E9E7402BE18
:1090F0007F7284BD0000000000000080A39D44BE7C
:109100009E35E73D2D0B79BD12DB11BD00000080BF
:109110002946633E0478D93D3AEF4D3D00000000FA
:10912000CB5F20BD692856BE51712F3E2F49B0BD7F
:10913000F6009BBD6179503D1590583D00000080C0
:109140000000008000000000EDEA71BE27C61CBED2
:10915000000000006B15683DDBA831BD9C8C92BD02
:10916000814EC53EBE08293DA39C6CBE0000008018
:10917000628C9CBD93911CBD867429BE000000804A
:10918000C553B73E619B083E0000000003D46D3E0E
:10919000DF6EA43D5B4A27BE00000080DF02F43D85
:1091A00022983FBE01CD823E315E0D3EE1A610BD4C
:1091B0007224813DC6F8C03D6FB8FB3D5DCDFD3DDD
:1091C000A45E68BEF8E1A9BD0000000000000080B8
:1091D000216311BEB6B1363E31FE03BE3A94613E04
:1091E000B29ED2BD1592243E000000806DE3F53D95
:1091F000F2E2EABD0000008000000080E7D279BD05
:1092000056BED43D04B604BEA73BA7BD0000000077
:10921000A02C50BE75E76A3D0000000094C66BBDEF
:1092200038CA02BECF7C5C3EB8A3C53DB31233BE84
:109230006FB688BE00000080690F90BD000000007E
:1092400017CA2ABE0000008081ADDC3DAA83AFBEF4
:10925000A89A2B3E0BCE2ABE8AA51A3E000000001B
:1092600071E931BD04FF893E9D6EEFBD63F6BB3EE3
:1092700000000000E259FDBD49C350BDFFA2E03D22
:109280000000008093EA12BEB8FC213E7559EB3D08
:10929000EF6D953D0000008000000080B1455CBE90
:1092A00033D6DC3D294D29BE5433C3BD169EE13E65
:1092B000557FAD3D0000000000000080E239E73E30
:1092C0009BFB75BE0000000059118F3D4EC6D6BEF7
:1092D000D32B9B3EAF09F5BEDADE643EBC41C93EEE
:1092E0002566143E1D01843E000000800316EABD81
:1092F0000000008040ED153EB8D47D3E0000000027
:10930000ECDDF1BD36ACD33EAF1E13BE0000000055
:1093100000000080F7FA363ED47A18BEED53A4BDA3
:109320005FF2413E24E0A83E94C15BBD7A4094BE0A
:109330009F98083EC6D13B3E2070BABEF5D638BED7
:109340006A789A3D00000000000000006BFCB9BE86
:109350008C9F8ABD877B8BBE6734A43DEF7F333EF5
:109360008D1A093E00000000000000806E3E8C3E19
:10937000D2BC97BE30C01F3ED2C1513E000000801B
:109380007EAD5D3E5B7B133EEB280DBEAA3D5D3E90
:109390001BFAAABE6B5E513E789F113E4135093ED5
:1093A000FA8A283E53D6743DB9D625BE230994BD0A
:1093B00000000000AA1FB33D81699F3ED26DD1BD60
:1093C0000000000000000000F5088F3D09B95BBDFA
:1093D000D53652BE0000008004D2893E0000000055
:1093E000FB41C1BD9298E33D7E22143E8F1B9C3D04
:1093F000379CA3BD16319E3D000000000000000018
:1094000000000000000000809D71163E62A021BE99
:10941000E611373E81D66FBD828433BE454195BE8D
:109420005D859BBEE0C546BEBADF883E0000008079
:1094300064FC63BD2CCD97BD22FF4BBE0000000035
:109440009D85D83D6CDF1DBECBB1213EE223DFBD43
:1094500083C30C3E9FF2A3BE900B3EBE00000000F3
:10946000E33E803D7AD7C33D221AF23EDF20563ECE
:10947000E47B8DBE3809913ED569A0BE0000000096
:1094800000000000566ABCBD0090B03E00000080A5
:1094900000000080702E5B3E142D12BEAAC7BFBE16
:1094A000000000003CAD0DBE000000000000008088
:1094B00010E326BE40A289BE3235BCBD2BBB6E3D3B
:1094C00000000000B18424BE000000800000000005
:1094D00056015C3E054CB43D01B419BE603CD23D22
:1094E000057C1D3EFE598D3E00000000000000007E
:1094F00000000000000000804D966ABE88AFBEBE2E
:109500000DB782BDFD13F1BD003A573E00000000CB
:10951000137046BE00000000000000000000008044
:109520007667CDBE8B713BBE0000008062ED8A3D48
:109530003C9E62BD9BA8003EA74A2DBE0000008055
:1095400000000080CF889B3DFE06EF3D3E9EB2BEF0
:10955000C7DD043E00000000EAA6883EF3CFC73D09
:109560001BA3AB3D4012D23D7719983EE6EC50BDAF
:109570007BBA553ED3741F3E52DFD8BD152882BD3D
:109580000000008061E77A3E51C03F3D5CA841BECB
:1095900088E2803D0000000014356E3D0000008030
:1095A0009AF4723D0E8A383E388317BE7567123DB5
:1095B0000000008000000000184C613E0000000028
:1095C0003DB64CBE1A14993DC6044B3DFBA5983ED2
:1095D0005C37113E90D92A3D000000808A52A3BE1C
:1095E0000000000081E683BE8B539D3D12C82B3DD9
:1095F000589229BE00000000E12637BDCF090FBEFA
:109600004CB0C8BD9E251FBE1157A63DD5542FBED8
:1096100067CC9ABD5874413EB8FAA7BD2A10863E61
:109620003F3FC43D9EB46D3EA7CC85BD896C0BBE4B
:1096300047D7DE3D1B4078BE1FDB3EBE00000080EA
:1096400034CDD3BDC76ACEBDF54842BE58B2A13DA8
:10965000000000000000000000000000F56A1F3E4E
:109660000000000025AE8C3D00000000A26E7EBE12
:109670009332683EFC8272BD01CDA2BD6EC3A03E96
:109680000000000020C90E3EA3F06DBD4460973D70
:10969000C9A9F73D000000003AF136BEF7BB6F3EA6
:1096A0007F01C7BD5151923D00000000725D97BD22
:1096B00000000080EB0B5F3E0000008022B99DBDE2
:1096C000C087583E48D6C7BEDF2098BE00000000C5
:1096D0000000000015C8A9BDA29E5D3E00000080EC
:1096E00082E104BEE6F77F3DD4BC8ABD06D646BD06
:1096F000000000805E9B81BE66D9C4BD282F853DD9
:109700002B7F173E58F5B13E78E5613E79A5693D5E
:10971000228AF0BD00000080B9A288BEC9248ABD9B
:109720003BD7313E6FC60B3E0000000073F453BEC2
:109730009BD247BE075A06BE00000080423A923DC7
:1097400000000000A8B9983E1401D13DA10EBC3D17
:1097500036F067BEB1125B3E945AFBBD000000803C
:1097600060F251BE3145DCBD350ABF3D000000004E
:10977000784AAB3D9CDD993E817575BE9CD243BE57
:10978000668CEFBD4159483E07AADA3D543B613E25
:1097900026D989BD00000080A2311C3F00000000D6
:1097A000AF18133E7478EC3DB719B0BD000000004F
:1097B000EA8AE73D8F24AC3D65841F3E022A4FBEF6
:1097C00000000000F48A96BE843A693D32C00BBEA8
:1097D0007CDB2F3E796A523D29B5C0BD00000000F8
:1097E00095C29ABE59965C3E3F73473EF1E4593E9E
:1097F000F714B23D9F5E563E2E62D8BD6C01A2BDED
:109800000F785C3E5F9F6EBD00000080000000008E
:109810002DF8ABBE000000804D9D473E02E1FFBD2C
:1098200035D1323DC340B73E12FFD43D79A2AABE26
:10983000000000809DDDDA3D2133B63DB2F886BDE3
:109840001A6F723E0000000000000000FC33BABD39
:10985000000000804F09223E00000080EDD4E53D6D
:1098600083AA483EA2B643BED130F83DE63CB83D9F
:109870003770063E000000809D1DC0BD00000080C6
:109880001ED615BE65490ABE0600873DDE7F313D06
:10989000075B603D00000000FB33DEBD1C849CBE06
:1098A000DD9F7B3D000000006EE924BE32BF48BE54
:1098B000FCD68F3D1E9BBC3DAF2780BE9190443DA2
:1098C000393719BE606675BE23CAC5BEDE4F2DBED0
:1098D000A5A4273EA631A3BD5A11CCBD7CDD3A3EDE
:1098E00053D630BE5B1A5D3E406753BEBE4F2DBEA1
:1098F000ECDCC6BD0000000000000000CDA534BEB9
:10990000040F4ABE7CB3D0BD000000804ABA68BDD7
:1099100000000000AF9ACF3D2F6706BE24036EBE45
:10992000A8B0E43D28DF933E0000008032E238BE5C
:10993000BBCC023E10F490BD00000080469C23BECC
:1099400000000000A9D89BBDDF80A93D905680BED5
:109950009DCF203EF69A163E0000008007B3143ECD
:1099600003400EBE7A870CBE0000008092841D3E2C
:109970000A40B63DF4CDA5BD7549963E58F0953EDA
:1099800072F6E4BDDED104BE2464973DA74C80BED0
:109990005106153EC99DBFBD00000000323D59BDB6
:1099A00000000000732B023E83C6113EB2348C3E91
:1099B000522B98BDCAF3433E7D1CCE3DEF1F4CBDDC
:1099C0009006213E9B64183E00000080000000804D
:1099D000F1C30DBEF4D7DBBD000000000000008025
:1099E000F8834B3D3709193E6776EDBD00000080D6
:1099F000731E89BDB273BC3E1B86C0BDCF21CC3D5A
:109A0000DE344EBD0000000000000000E7B369BE78
:109A1000A6493ABE00000080E0E784BD28AC123EB3
:109A200000000080309C543D978D593E17DEC8BD24
:109A3000438C973D00000080AB6F47BE1BC2DDBE6C
:109A4000401CAFBD000000003594BD3DB4C378BDDF
:109A50009B9D51BD0342FF3E24DF333DBA3004BE1F
:109A600000000080347886BD000000008D773F3E06
:109A7000799C993D00000080F634CC3DDEDEBBBE13
:109A8000966481BE248741BECB93BA3D493DA03D3B
:109A900024A2293EEE27E4BD000000000000008063
:109AA00058CB913EE94FE13D46B824BE5B6898BE75
:109AB000D72CD2BD00000080E905243E51BA4DBE2E
:109AC000D4D6193E0000008087B49ABDC263743EAC
:109AD00069B7A3BE00000000E261B6BE00000080CE
:109AE00008918CBEBD1EE73D0000000070B9B1BDFD
:109AF000BA0558BE5B6B2E3DC4434F3DB8B64DBE54
:109B00005B26A4BD00000080000000000000008073
:109B10001810EBBE00000080337D4CBD1835733D3E
:109B200014F58F3D3AEF35BD000000800000008045
:109B300054C0A1BD00000000B9A81ABE24E807BEA9
:109B400000000000000000809F95903D0F695CBE02
:109B50001E09CE3D0000000034D68B3EC039E03EE9
:109B600023904E3E86615BBD0032243ED0B9513D0C
:109B7000B856C4BD00000080D73686BE0000000085
:109B8000000000004355383EC0EBABBD0000008034
:109B9000283C163E8DC245BD00000000102F853EBA
:109BA0007886323E1089F03DEC2903BE000000802B
:109BB00022F286BDB22843BE653495BEA53FD13D95
:109BC000AD708F3D65EE6D3D7A93A1BE11A56BBE64
:109BD000BEE3603E80FB05BE6050053ECBC536BE91
:109BE0005E1E23BE89783F3D014D323E66B46CBD9A
:109BF0006CE4913E00000080C0B134BD7D8FBD3D5E
:109C0000936C393EEA6FC5BD302C0ABE8AA3A8BD4D
:109C10005D49193EF165A3BED0137DBE914D90BE46
:109C200008CB3DBE14381D3E264D143E00000000FA
:109C300070090DBE635080BE79313EBE7AA429BD45
:109C4000F91D34BE00000000A8D82BBE0000008023
:109C50000000008043F04F3E00000000452955BD44
:109C6000226A2ABD4DF47CBE137C06BE0000008033
:109C7000D0DCE23DA085563DA7BA113EA1BAFB3D1E
:109C800000000000C80E193D3D6A833EEEE7B6BEF7
:109C90000000000002616C3D00000080788E4F3DA6
:109CA00061DD3FBD0A01EEBDAD3428BDF2FE81BDD0
:109CB000B036613EA75C233EF760223E0000000004
:109CC0007AF2053E2EDC683EF28349BE4593923E11
:109CD0004A589B3DA6545EBEF8A21B3D5B3AEB3D45
:109CE00000000080DCC6093ECF1F423EF237073E2F
:109CF00000000000AA1A643EDF73D33D9D2C103E85
:109D00007CE274BEEE277ABE7B1B643E77765ABE39
:109D100091468ABDFDD76E3D22D24A3DA47C81BDCD
:109D200070237CBD338D01BE993C973E1777473E2B
:109D3000E448A53E14FBE9BDD903FDBDD23DD53EA7
:109D4000BC8A6DBD00000080000000806DBF4EBE6B
:109D5000F858163E26AF27BEC145573EA01C9CBDF5
:109D60004A483DBE49DFD23D4A240CBE0D2AA93DDA
:109D7000000000801F560B3E15BBDD3D2A58B13D4B
:109D80008BD5B33E80708FBE06FCC9BD4900DCBDDB
:109D9000A8ACEA3DD09A943DA8EC083EF697CABD1F
:109DA000000000805FBF703E85F902BE3D6405BEC5
:109DB0006E66653D07828E3D85AF5BBE000000008C
:109DC000D2F19EBDBF2C74BD99E6973E47B3573D77
:109DD0001A56C2BE000000803146A3BE449676BD2E
:109DE0000A916DBE7A4C56BE000000802432ABBE94
:109DF00076C8AD3E289A45BE32D8B5BD7C839DBE9F
:109E0000ECEC933D000000000000000000000000AA
:109E1000E878A8BE000000804208333E1833823D37
:109E2000000000800000000095BC073E588C033EF7
:109E300011EF603DC248C03D70474D3DB1F010BECE
:109E4000000000808D8A893E00000000F70E78BD7A
:109E50000000000059DF40BE000000004F5F643D7D
:109E6000000000803A21C23D000000800919E2BDD7
:109E7000D23E5D3E3A147EBE0B3141BE1A0F5ABE31
:109E800000000080E3E2FDBC4A32013E532940BE9F
:109E900000000080245D633E2D86973D886FEF3C77
:109EA000B264F8BCCA32463DBF0CE9BDE644E63DAB
:109EB00011D6DB3D7697923DA2A4C03DEFC72F3D62
:109EC0005B0C85BED4F816BE00000000929E30BE2A
:109ED00019BEFABC428C143ECB90063EA9A0E1BD4F
:109EE0009235E93D6F55C1BD6B12A23D1A3A043E51
:109EF0006E3D833D440C2C3E00000080329E21BE0E
:109F000044D1143ED49C4C3E638927BEF95BCA3DC4
:109F100000000080087F1E3ECD7836BE0685F53CE9
:109F2000D63A103D094759BD00000080BA4D4F3E5A
:109F30008FD6F53C00000000FCB069BD559DCE3DBC
:109F4000843EB43D2FF864BE0536A8BD738F50BD66
:109F5000D21D3B3EDA5B5A3E244C9A3E0000000084
:109F600000000000C397CDBD0BCBD23DFFAE483EF5
:109F700056C0BE3D12C2C93D984871BD53DA183E65
:109F80004C01593E000000004A423A3EF5D465BEFD
:109F9000876F0B3EAC805FBE15D199BDA2F8B03E75
:109FA0007897B83D1075B2BDAD0820BEBD0F133E09
:109FB000E49639BEC81D51BE3B2A653E0000000034
:109FC0002698F43D00000000A5C49F3DF5FF3B3EF0
:109FD000B0FC2D3D8DB2BFBD43B2743EEC6F56BD9B
:109FE0008A4C833DF8D08D3DD5E9BF3D0C56CCBDA4
:109FF0000630863E5048683DA4AB4B3D439AF9BDC0
:10A0000000000080A6A2ADBD7A420B3EFD7D483E19
:10A01000DE15A93E02A06DBE0000000098526C3E05
:10A0200012DE5FBEA2A3D9BD648C933D8F04903D28
:10A030002676A43E15F2D9BEA5929CBEA4F2043F9A
:10A040000000000029E9D4BD65B086BE0000008094
:10A05000D1AA853E0B71FDBD5CC491BD61C6B53D05
:10A06000787065BE000000806217EF3E00000000BF
:10A0700000000080000000000838D0BD0000008013
:10A08000D25B59BE8342C2BD78828D3D0000008004
:10A09000EA625BBEAB5788BDE430C63DE9011BBE3A
:10A0A000A0D5793EC2C582BD05445A3E000000805D
:10A0B000601103BE752C88BDC58E1DBED2C01E3E6C
:10A0C0000CE7203E46B3183E525EFF3D5CED07BEF6
:10A0D0009533F3BD00000000B4253CBE3D03D53EE2
:10A0E0006287D13E0000000019D2513D00000000FF
:10A0F00020070B3EE84CF03D00000080CBCF1F3E18
:10A10000000000008F09A93D0D170C3EEE89B03DFF
:10A11000874F26BEFFB4263E41A8233E55D0CDBE74
:10A12000D111F53D0B79A5BEAFD715BE463547BE5B
:10A1300000000000538BA43EB3128FBE000000004D
:10A14000C293ABBE00000080DAAFA63E0000000064
:10A150000000008055B280BE63D3623EDB85A83E1E
:10A1600000000080E8191F3E56F4703EA74834BE38
:10A17000B2AA5BBDF9402EBE00000000EB6CA0BD92
:10A18000A2D9A0BD5C048EBB7EFC15BDA489ADBD6B
:10A19000A82BA4BCB03419BD668EC53C6C805D3C58
:10A1A0005022F1BD1C92213D4CDEC13CF06EEB39DA
:10A1B000A1B60F3D206B46BC5A20CFBD6ED2CEBD9E
:10A1C000402966BD0C1914BD5F98953BA86CB83C3E
:10A1D000071BD2BC6C503E3CBEA633BD19985CBC7C
:10A1E00018D9903DE9478E3D0122243DAED544BDAE
:10A1F000EE21793D9ED09A3C44AEE13A42F6A43C31
:10A200000085F03CED4671BCEFD0293D115DF2BCFC
:10A2100058558BBD0CADD5BC277AA6BDB7D92BBD83
:10A22000CBD7543D7AE70D3C8133C4BCE7FA0FBC71
:10A230005357E63C156D02BD0D2EFA3CBDEBAD3C0F
:10A24000627F123D01AD55BD06917ABD410625BD27
:10A250005A5C1ABC5C7D5BBD26BCBB3CD4CE43BD06
:10A2600014342F3D5877A8BD879241BD15BCD3BC8F
:10A2700013C23CBC476A98BDA1D8323CA224ADBBF6
:10A28000C1099C3B000000000000008000000000AD
:10A29000D682DA3EBE6B3BBEC3F1483E6946243EE1
:10A2A00072B4A93E32D8203E8A57BDBDABC19D3E97
:10A2B000C93D53BD10F9CB3E91C65ABEC63AA33D27
:10A2C000A56ECB3D86EFD5BE177DF7BDD89C69BE88
:10A2D000F72AF83D108C3B3DA11202BE2E48A5BEC8
:10A2E000BAF9FFBD4CBA62BEE7B934BE2CA108BEB4
:10A2F0000BD82DBE2A290BBE3175D8BD770385BE7C
:10A30000C6E65C3D000000007CCC86BDB07071BD2F
:10A3100082BD9C3E5C6046BEDC88783E4862483E1A
:10A320007605253E1D043ABEE09F8DBE00000080EC
:10A33000FA23793D2510C33D0000000069FC90BE62
:10A34000B938FA3DA37BDE3DC3DC7B3E00000080D4
:10A35000D61C813E95D1003EBB922E3EE18A373E0F
:10A3600009BBB73D3E188CBE8D88813E6D1B763E85
:10A3700059F4153EF80EFBBDE919FE3D0D6DE03DAB
:10A38000E63FCE3EFCE4673EA37C78BEE8DF3F3E7E
:10A39000465C063EF87FB13DBAADC43D14947DBE27
:10A3A00015A083BE2D78C23DB371233E1EED243E21
:10A3B00000000000A10B463E7EB9533E0000008025
:10A3C000E3A70ABE0000008000000000F414ABBD4B
:10A3D000BF6FE6BD669102BEBDBB78BEFC9BA93DCA
:10A3E00092D59FBE2B280E3E0000000046D27DBEB7
:10A3F0006D277ABE2B5A19BE52165C3EF9E5393DDF
:10A400002103A2BEE69287BEBB4086BD0F6467BE35
:10A410005610053EA64F72BE1B09953DE13634BE6F
:10A42000078F293E389A15BE7141483E2257973D05
:10A430003F5A4A3E051D39BEFA0681BE7E2361BEE3
:10A4400010E9DBBD00000080713706BE389D30BECC
:10A45000688E80BE01EA393EA486D13D479775BE1D
:10A46000A9C567BEEC2480BE00000080344B98BEB6
:10A47000EBED753EC6D654BED8D5D2BD0000000067
:10A48000C2E361BEF858713E2BBCB2BD961FEA3ED6
:10A49000000000006A1685BEA86D5B3DF4AD3DBEB0
:10A4A00048E7DF3EA157BD3D653C3A3D771A933DF5
:10A4B0002B7ABA3E5FF99F3E51775A3E7BF1B8BD89
:10A4C000AC5FCD3DC5F34EBE65688ABD91CAA2BEE4
:10A4D0005D0B053E15277ABE4282333ED3F8D7BEC8
:10A4E0000000008000000000B8F5473E000000803A
:10A4F00000000080EB3A823E00000080262EBCBEA9
:10A50000DCF2D1BE52DD283E81F7613E00000080C2
:10A51000E11415BE00000080C019FE3D5BE39F3EC4
:10A5200087DAAD3E3CA4BABE2CCA64BE3872CE3EB9
:10A530007F40403E11373C3E5A4DBD3E2D01143EFA
:10A540005628F03E1A24D63D00000000B416863E80
:10A550009FE898BE2F4F82BE8F50CF3EBE52D03E56
:10A560005BF272BEE21856BEF8EBDA3E3839D23EE4
:10A5700077754E3D372794BE68E71A3E000000000D
:10A58000C21DE03DFCA995BE00000080431C32BE08
:10A590001CA0BFBDDF24253E9160173E7F6B103E9F
:10A5A0005F7074BEA5B89FBDF203293E42C711BEBD
:10A5B000B525D6BD7959F7BD00000080287BA4BE23
:10A5C000ABFE54BEFC5A833E001D68BE00000080F6
:10A5D000CF6A9BBE9FAA993E5A95563E0000000046
:10A5E00097729E3DCFFD6A3EC0B2C23D0CC36B3E2A
:10A5F000B6699E3D483E3DBEFAC03F3EA3FAB93E15
:10A60000B6939F3E7C48843E41CC52BD56C906BE9F
:10A61000361A6ABE18A2D33D22AA003E97B8453E1C
:10A6200071FF213E0CE9103E0DF5DF3D4DD4C73DD5
:10A6300092FB963E3E25873E79B869BEC6D541BE9F
:10A64000000000001BC690BD00000080A36D2CBE62
:10A65000D0F33C3E237A5BBE6ECECDBDB8AA193E88
:10A66000000000800000008000000000CBC52A3EF2
:10A67000505A87BE7421903D3758863E7359C93D64
:10A68000CD2F5CBDEEE31FBECDF872BEBED9033E3A
:10A69000FA7279BE00000000EE23E9BD1A82ECBD1B
:10A6A0009B6A3DBD3EBA4D3DD23B2ABE3B9CD83D48
:10A6B000A53DF63D00000000B5CFD5BD35F48EBEFA
:10A6C00017B1F03D501E3A3EC05303BECA4BF53D94
:10A6D00037EC83BE5FCFB5BDA9F001BEE53BBBBD86
:10A6E0001E59053E000000803DD973BD3837603DDE
:10A6F0007FE13DBE36799BBDAF520ABEF980C93DB0
:10A7000075DF323EE9632EBE882E423E9EA93BBED7
:10A71000411701BEE7026ABE000000800000008011
:10A7200000000000442852BEA851E8BD44EA5B3E48
:10A7300000000080ED35E9BD19EC88BE0000000086
:10A74000A0A34CBE9895533EE217E53D38B4133EA6
:10A750004971A43DC5917A3E05F8BB3D17AD14BEC5
:10A76000E7A48EBE8F10A3BD395F63BE615480BE67
:10A77000C4F08CBE000000802F8E0E3EEC0EFE3D1D
:10A7800049E6703E2A996D3D00000000F40B9C3DA7
:10A79000E3C3203EC40629BEB635773EE0AD5DBEBC
:10A7A000F445923EF38A4CBE00000080089BA63E12
:10A7B00053A8FA3E43EDF83E12AB93BE4E61A43E61
:10A7C0007BB00A3EA35F89BE84C8B0BD0000008094
:10A7D0008AF4BF3EF1F8B53D42BD43BEF10B86BEE3
:10A7E00034297DBE00779CBE7281B8BDF2EE803DFB
:10A7F0004CC3E33D425680BE6D769ABE1BE785BDD5
:10A8000000000080000000804008C33E4FEFF1BD13
:10A81000BCBF6FBE3669CF3E04DED53EBC9D4F3E09
:10A82000EF4BC53ECFF119BEC54DC7BDFC83C73E3A
:10A830000461CA3EE3004A3E8734A03EFE78C9BDAB
:10A84000312BE93E32A162BE00000000B3081B3E7E
:10A85000897607BE00000000C50F303E7D75CC3EF6
:10A8600000000080D224A3BD092D013F7F0C013FD1
:10A87000000000802E41ABBE000000000000000080
:10A880002A91E83E45158BBEFA9A77BD2D4283BDCD
:10A89000FD8083BEC40F5D3E2BD6B6BD5B25453E15
:10A8A0004EAD9ABE8FE33F3EAF84BBBE000000803A
:10A8B00025E1BFBE2F67543DD74F973E0F4E60BE78
:10A8C00048F862BE1880E13D3E2BC3BDC8ACB93E1E
:10A8D000BC5F31BE0299033E0E1ECD3E000000005B
:10A8E000CA7C5C3EE23A2B3E0F52553E4C424F3EF4
:10A8F000000000806B8DA43E27E2A33D3BF4CE3EDA
:10A900000908AA3DC4BAA33E19D2A7BE7D3C9E3E0B
:10A910001E44E7BDAB5217BE698D7BBE00000080B0
:10A92000D181ACBE00000000B0E9D73DFA73A4BEEF
:10A93000035F963E9F4F5BBDB5C29EBEA5C08DBD59
:10A94000F112133ECDA722BE00000080AA3DA1BE99
:10A95000DD960C3EAD668C3E5DCCDEBDCDAB123ED1
:10A96000AB882B3E0C05F33E20A707BE2580243E76
:10A970001DEFC4BD00000000C7D78D3E312559BE74
:10A98000772A3C3E1FEFEF3D473F833DAB3B2BBE5D
:10A99000DD2D85BEF4BD723E000000803947C23E09
:10A9A00031D40BBF0000008090B22BBE15D1A7BEE2
:10A9B0009F1FC1BE5B33B43D6C45AF3E00000080BD
:10A9C0000000008000000080C2594ABEC666B43E46
:10A9D000D4FFF4BD713BAB3E0000000025C7B63E7E
:10A9E000355E2B3EE2DEB73E0000000001C3B03E04
:10A9F0009E5E803EF421173E8080153EE05B23BEC4
:10AA0000E468DC3EE4C1BD3E75A9433EF46D463DBD
:10AA10000000000000000000437F6EBEDEEA9FBE23
:10AA200026DFC2BEB4D4DD3EB4F7893ECB7875BD17
:10AA3000C2EC633D62F32D3E00000080F8F7273E34
:10AA400000000000065C103E0F65673EAC9DD7BE5F
:10AA50009AE4A93D6DF467BDB46181BE43C6E9BD0A
:10AA6000227B7C3EAF4246BD0501C2BE0000000015
:10AA7000E42ECB3D0F1CAA3EA0249EBD14E7CBBE06
:10AA800020C7D4BEA28EA5BD4AE3C73DB10B2EBDE3
:10AA90008F9C9A3D443562BC000000001EF9A13D28
:10AAA00019E2203D6BF4B93CE271D5BDEDCB613EBE
:10AAB000FF2ED9BE3C82903E9C307ABE2A3A51BECF
:10AAC00026DBB03E5EBC143E78FC15BE0EC8963D3B
:10AAD0009307483D1379183E44197CBE8C63A93E08
:10AAE000F02301BFF74808BE125B7E3D45E2293ED8
:10AAF000EDE34EBD9A6A08BE2E7B5C3E73DDE8BD79
:10AB0000B83830BE5A425ABE55875ABECC9A8B3E90
:10AB100011ADADBE994533BEB1D388BEB7A821BE35
:10AB20001431DEBD24F7ECBD40B7B2BD7F5A003E04
:10AB3000AC22C73E31C9BDBDD0A5A1BD314EA23D9D
:10AB40001CD7D9BE8051F5BEE243C0BE9A12D43D97
:10AB500046A910BF2547333EBF5E013E2130ABBE44
:10AB60000000008095EF2E3E12DF723D669F27BEEB
:10AB7000CCAAA33D312CD43D483AEEBD00000000E4
:10AB8000320F0BBF033DCBBD44647EBEA6E00D3E3D
:10AB900082E925BE341FC33E00000080206F74BED2
:10ABA0000A50703D9D34663E69C449BEC70D613D83
:10ABB000F5A6C3BDF429BBBE0E457EBEF9F6483DE1
:10ABC0009E62BDBDB0E29BBD50EDEF3E00000000B7
:10ABD0008E8B073F697D82BD8B1D743D5C317B3D53
:10ABE000E912B6BE514FE3BE00000000D13B3E3E2D
:10ABF000456CCE3D00000000A28351BE329FA6BD31
:10AC0000ECA1A6BE1A6749BD761AC73E172E19BE1B
:10AC10000000008085D263BE8A02583EDC508E3D23
:10AC2000158B95BD1FA975BE48AEC6BEA7A9953E9A
:10AC300078ED15BF6884343E838FD5BDFB91E3BEAC
:10AC4000025B5B3EE8CA9F3D000000003AC740BE81
:10AC50000DB9A63EDFEADABE366F72BE5ED2723E34
:10AC6000DE8FFABEF26882BEA6E0713EE26D333E30
:10AC700000000080809441BD1C9B2DBE7ED59ABEF5
:10AC8000291DC1BE8D0F87BEEBEAA8BD00000000E4
:10AC90005A6D87BEB0728C3E000000002BF22CBEB5
:10ACA0006CEF403E5A5E8E3E4C9381BD9C1738BE81
:10ACB0006A843C3E8BBD58BD8223553E58E4A43E79
:10ACC000A52311BE92D0B5BED122BDBED576D03D52
:10ACD0001BD1B7BEE0D0403E99A0803D7E30DBBEA8
:10ACE000B2FED43D86797A3D6E6F17BE000000003B
:10ACF00000000000B58FA5BE44B7773EC7400CBE2C
:10AD0000B20B8FBEF25291BE2F6F96BE76D665BE45
:10AD100060C128BF000000804EF4323E3030CFBE0C
:10AD20009185F73D17BEB73E9F62AABE90784DBE93
:10AD30009AEC5DBEBF1CA33E065102BE6BFFD6BEA1
:10AD4000CD99DC3D7A4C463DA37898BE000000804A
:10AD5000B05E09BF65A3A3BDF78B643ECD8C51BE29
:10AD60009D2FFB3DFBAB0F3E45EA9BBE6484463EF8
:10AD7000D779BABEA64CE93D5AC7763E488DC7BEC4
:10AD8000D965ABBD18A4A43E38FC22BE0F3F59BD07
:10AD90003724E5BE8FBA853EBC0BDF3D37B61FBFFB
:10ADA000F9024EBDD6D8B03E01E0D4BE000000008E
:10ADB000560404BF7242DE3E3E7D2ABE86F5DBBEEF
:10ADC00046BCA83D1420583E0000000000000000D2
:10ADD0003BD203BF8614C63D21A3043E032CCFBE45
:10ADE0000000008000000000E13A17BF5654DDBDAE
:10ADF000C47609BF3FC79EBD5285F23D752BDBBEB1
:10AE00008040EB3E26E6283E0000000037B8023EB8
:10AE1000000000006D24B0BED800093E0000008094
:10AE2000F54254BE6099E8BD9593EABE5C051ABE32
:10AE3000810BA0BE839B963E0AD239BD81BB15BF54
:10AE4000A14BA53D10730A3F2F5CEABE3B1B143E8D
:10AE5000BADF11BF0E69CF3DDAA4253E46AA0ABF6C
:10AE6000912E113ED3CD953E1D1C82BEF2BC38BD45
:10AE7000C8F60ABF194C1C3E14742CBE4438ADBE33
:10AE80000C71D83D16BABC3E0000008051F0F73D71
:10AE9000ECA11CBF7C2A47BEE369BE3D777900BEAA
:10AEA00000000000D648173EE26C6D3E8C934EBE0B
:10AEB0000000000000000000641D393ED32A64BE7B
:10AEC000566165BDD9B082BD655D073F59CE3BBDBA
:10AED0006270D13EB54FEFBEAD6755BE59A9C33DB7
:10AEE000AE0410BF5BD892BEC176E8BECF9484BEDC
:10AEF0007353E2BE00000080EBAC673D328625BF95
:10AF0000660D973ED0BBEB3E000000001BBA543EDE
:10AF1000A9A720BEA23DB9BD72C2A0BD558B673D99
:10AF2000CE10EFBE2FF943BE00000000ABA957BE04
:10AF3000C331A83E4D9483BD8FAA1C3E42A41FBEC0
:10AF400043A9D0BDBE9250BE76BBCF3D00000000ED
:10AF500080D2E53DEDE93BBE33AC09BEB71D863E70
:10AF60006F3B76BD28A414BFE3E3E03D8C328ABE7C
:10AF700038374EBE5DEC7DBE000000000000008052
:10AF800000000080B4BE5EBE22DDDDBEAC3185BEF9
:10AF9000E808B8BE4677703EE0DB50BE62479CBD15
:10AFA0005D4103BE1445C73E57B714BF6DC2533E43
:10AFB000DA7CC5BE90F615BE000000001F6FC7BE4C
:10AFC000231DD53DA1F0393EFE662DBE5E10783DB5
:10AFD00010A3993E822549BE70047CBE020EA73D97
:10AFE000B0D4F0BE1DB40DBFDE7E9F3E184446BEF9
:10AFF000FA551B3E00000000EBA5E73DCD2F5ABEE1
:10B00000F955D53DA3CF2CBE7498ECBE9A25EEBD64
:10B01000C8BDEBBE05C3923EA0DFA73D6875A7BEC5
:10B020003EFCB13E5D017D3E000000000D7235BE6C
:10B030004C031CBE4267A93DBF6826BEB69C3C3E81
:10B04000BE1FC8BE00000000CEE124BE215A373E1C
:10B05000E5F15EBE60D3C23DDAC0A4BD78EA1BBF95
:10B0600011DEE13D91760A3E000000800000000004
:10B070005898F23D873F5CBE774C923DF6C3D2BDF7
:10B08000C0F1DDBEAF9B82BE04EDDEBE709689BE10
:10B09000ACCE0ABF0EB19E3E91E767BEFCAD8DBE41
:10B0A000F5654E3E9DD4693EF1AC16BF0000000030
:10B0B0001BAA0EBF9A9B9A3EF18C31BEA789DDBEBA
:10B0C000B7138A3D0C8C1A3E4F55A33E7B23503E4E
:10B0D000BC4E773D3E844CBDC8F3783E00000080F6
:10B0E0000E0BA8BD12428EBECB9E69BE02558C3E91
:10B0F00058AC98BE1F7814BE28958CBEAA1A1BBEE9
:10B100002BE66F3E2F30BD3D5C0011BF12BE15BE59
:10B11000F927F7BE9AB5313E78B0283E59D307BF1C
:10B120005CD8593E0000000039C23F3EAD9B41BE95
:10B1300045E5873E000000006E2E02BEEBA1683E92
:10B140000D9B6ABE36FF09BF9147393E0A017BBE9F
:10B1500053F4893E3157A4BD7FD8DFBDF9AFB2BDEE
:10B16000C4078FBE226218BF3C5647BD96FA08BE80
:10B17000A37E0F3EB19DA83DFAD143BD3903513E98
:10B1800000000000622CB6BE8A05843D8844833EE0
:10B19000A343A4BE483E023E8B46A53D7FB3EBBD14
:10B1A00005447D3E0000008046559DBD00000080A6
:10B1B000E11D70BD00000000B84981BE6D038C3EEA
:10B1C0007FB59ABEEFF30DBEB086853E000000004D
:10B1D000ECB1B7BD68766DBE7F860B3E903866BE1B
:10B1E000AD30EFBE6DFCA1BD710F843E000000804C
:10B1F0002AEFC13E96EC89BE5D1E49BE075590BD43
:10B2000096A8EEBE20918FBE864CF3BEDA1A823E1F
:10B21000ABA6B0BE91D4873E7BEA313E18309EBECD
:10B220001849B63DC836A73ECDEE943E7992E63D2C
:10B230007E93B53DF512C1BE530C4F3E7F8CDBBDF6
:10B240004931E5BDD9E805BF000000808340863D57
:10B25000499C36BEDFA4A9BDDC5FA93DFD4E20BEE2
:10B26000DB8895BEFE367DBE00000000DC0C76BE9D
:10B27000E228F1BDDB747C3D85A3373E8189633EC6
:10B28000934D19BE9CF780BDD6930FBF7EE11CBEC7
:10B2900062CC28BF89212C3EA11A29BEC7A79EBE19
:10B2A00091A7453EB06BA63ECD30C1BCF3BF013C7B
:10B2B00033998A3CE541C33B6F5715BD80DAD3BC57
:10B2C000EEA414BCE1A3ACBC033E0EBD325D74BD64
:10B2D00067B430BC46A5A4BC62050A3D71A745BD54
:10B2E000EB456FBD0A3FC9BCC4001CBD014D82BC0B
:10B2F0009BD7A9BC1899983D266DC7BC7317A33D71
:10B300008EE4BEBCA1EBD4BC812A753D1215DF3D95
:10B31000FF2B093D79C456BDFAEEEC3B47ABE23C4E
:10B32000DE1B013DFC9D3B3D48BA253D9F12CABD39
:10B33000F87F27BD98834DBD59799DBD5C4B0DBDF0
:10B340009C3D4CBDDBF4E7BC8748BD3D2E65A0BCF1
:10B350006ACB14BD343A1ABD324912BD0ED7223C15
:10B36000071D5E3C20E630BC1B0954BB6036ECBCBC
:10B370004CA487BDA52B48BD358D1DBD85189ABD34
:10B380001A4A1FBDE1F1D43C859ADEBCA8DB63BD3F
:10B390007BF849BCE186C63BC98F24BD6BD4E9BCB0
:10B3A000A361C4BB6CCBF0BC383A523E0000000035
:10B3B0007629643EF05871BEDFD3DB3D90EE61BE6E
:10B3C000C34A1F3E00000080F819413EC042ECBD58
:10B3D0004F6844BE5D86943EA8182FBE065790BDA8
:10B3E00068876D3E3BCFDE3DE2B9F6BDA9BC07BE26
:10B3F0001DA2C13D27D684BE92AE72BE48AEBCBD72
:10B40000B7AC11BEF7A263BE12AD453DFAA45DBE56
:10B41000D74E483E751CA13D00000000703B75BE34
:10B42000611623BEFE19083E310D653E4D769DBD69
:10B4300098DFAEBE8A71043E4E8E863D96679E3E74
:10B4400048577A3E000000807CA057BD09501F3E3F
:10B45000D218FF3D117493BD80128A3EF5AB97BEA2
:10B46000C0C9B0BD665790BEFCD795BE66BCB3BD23
:10B47000BFE77DBE68D520BE0F5DF03D760B653E13
:10B48000A3B6B93DB8B693BE44D3263E84547B3EA2
:10B490007564E33D6C1988BE42DAEEBDF2B4253E18
:10B4A000A15D57BD000000803BE4A53EE6112DBE26
:10B4B000E1A960BDFBC15C3ED59ED3BDFF1B233E11
:10B4C000B13B73BD9AB4E43D45BED9BDB51C8EBE3B
:10B4D000D5C28BBE8EDFC13D9A2D2A3EFB9B4FBE4F
:10B4E00086171FBE7C91A03E506F71BED7917B3EE8
:10B4F0008EC842BE8713183E0000000032F2453E5F
:10B50000E8897E3E4BDA1D3EDD90A23E0000000041
:10B51000FEC1BE3E000000008612713E0000000029
:10B52000A470793EEDA2B33E6B4FB03DBB7E48BEEA
:10B53000D06308BE4BE707BED9DC06BE7A86A93DBC
:10B540009DFB6BBE1770293EB0D89D3EAB7534BED7
:10B55000000000009D486B3ED7515F3E0000008018
:10B56000ADD2A2BE845D88BD00000080F21839BE55
:10B5700000000000781B8B3ECFDA74BDF3A808BE34
:10B5800000000000179467BDE9484F3D3C817EBE36
:10B590001B12B6BD00000080C3AC76BE6CCA7BBE79
:10B5A000515E4DBEDFF9623E775002BD4D50023D07
:10B5B0000800001010000002180000122000000413
:10B5C0002800001430000006380000164000000873
:10B5D000480000185000000A5800001A6000000CD3
:10B5E0006800001C7000000E7800001E800000083B
:10B5F000880040109000400298004012A0004004D3
:10B60000A8004014B0004006B8004016C000400832
:10B61000C8004018D000400AD800401AE000400C92
:10B62000E800401CF000400EF800401E0001000839
:10B63000080180101001800218018012200180048E
:10B6400028018014300180063801801640018008EE
:10B65000480180185001800A5801801A6001800C4E
:10B660006801801C7001800E7801801E80014008F6
:10B670008801C0109001C0029801C012A001C0044E
:10B68000A801C014B001C006B801C016C001C008AE
:10B69000C801C018D001C00AD801C01AE001C00C0E
:10B6A000E801C01CF001C00EF801C01E0002000835
:10B6B0000802001110020003180200132002000506
:10B6C0002802001530020007380200174002000966
:10B6D000480200195002000B5802001B6002000DC6
:10B6E0006802001D7002000F7802001F80028008AF
:10B6F000880240119002400398024013A0024005C6
:10B70000A8024015B0024007B8024017C002400925
:10B71000C8024019D002400BD802401BE002400D85
:10B72000E802401DF002400FF802401F00034008ED
:10B730000803801110038003180380132003800581
:10B7400028038015300380073803801740038009E1
:10B75000480380195003800B5803801B6003800D41
:10B760006803801D7003800F7803801F8003C0086A
:10B770008803C0119003C0039803C013A003C00541
:10B78000A803C015B003C007B803C017C003C009A1
:10B79000C803C019D003C00BD803C01BE003C00D01
:10B7A000E803C01DF003C00FF803C01F0004001021
:10B7B00008040810100400111804081220040810CE
:10B7C0002804081430040806380408164004080841
:10B7D000480408185004080A5804081A6004080CA1
:10B7E0006804081C7004080E7804081E8004001801
:10B7F000880448109004001998044812A0040818FE
:10B80000A8044814B0044806B8044816C004480800
:10B81000C8044818D004480AD804481AE004480C60
:10B82000E804481CF004480EF804481E00054010C7
:10B8300008058810100540111805881220054810C9
:10B8400028058814300588063805881640058808BC
:10B85000480588185005880A5805881A6005880C1C
:10B860006805881C7005880E7805881E80054018BC
:10B870008805C810900540199805C812A0054818F9
:10B88000A805C814B005C806B805C816C005C8087C
:10B89000C805C818D005C80AD805C81AE005C80CDC
:10B8A000E805C81CF005C80EF805C81E0006801083
:10B8B00008060811100680111806081320068810C3
:10B8C0002806081530060807380608174006080934
:10B8D000480608195006080B5806081B6006080D94
:10B8E0006806081D7006080F7806081F8006801875
:10B8F000880648119006801998064813A0068818F3
:10B90000A8064815B0064807B8064817C0064809F3
:10B91000C8064819D006480BD806481BE006480D53
:10B92000E806481DF006480FF806481F0007C0103B
:10B93000080788111007C011180788132007C810BE
:10B9400028078815300788073807881740078809AF
:10B95000480788195007880B5807881B6007880D0F
:10B960006807881D7007880F7807881F8007C01830
:10B970008807C8119007C0199807C813A007C818EE
:10B98000A807C815B007C807B807C817C007C8096F
:10B99000C807C819D007C80BD807C81BE007C80DCF
:10B9A000E807C81DF007C80FF807C81F08081010DF
:10B9B0001008400818081012200800112808101458
:10B9C0003008801138081016480810185008100A5E
:10B9D0005808101A6008100C6808101C7008100E27
:10B9E0007808101E8008000A880850109008000B84
:10B9F00098085012A008080AA8085014B008080BAC
:10BA0000B8085016C008100AC8085018D008500AC4
:10BA1000D808501AE008500CE808501CF008500EE6
:10BA2000F808501E08099010100980091809901292
:10BA30002009001928099014300980193809901636
:10BA40004009000B480990185009900A5809901AAB
:10BA50006009900C6809901C7009900E7809901E7E
:10BA60008009400A8809D0109009400B9809D0122B
:10BA7000A009480AA809D014B009480BB809D01683
:10BA8000C009500AC809D018D009D00AD809D01A5C
:10BA9000E009D00CE809D01CF009D00EF809D01E3E
:10BAA000080A1011180A1013200A4011280A10154C
:10BAB000300AC011380A1017480A1019500A100B22
:10BAC000580A101B600A100D680A101D700A100F2A
:10BAD000780A101F880A5011900A800B980A501398
:10BAE000A00A5011A80A5015B00A880BB80A5017BE
:10BAF000C00A800BC80A5019D00A500BD80A501B34
:10BB0000E00A500DE80A501DF00A500FF80A501FC5
:10BB1000080B9011180B9013200B4019280B90154F
:10BB2000300BC019380B9017480B9019500B900B25
:10BB3000580B901B600B900D680B901D700B900FB5
:10BB4000780B901F880BD011900BC00B980BD01363
:10BB5000A00B5019A80BD015B00BC80BB80BD01701
:10BB6000C80BD019D80BD01BE00BD00DE80BD01DA3
:10BB7000F00BD00FF80BD01F000C0012080C18109F
:10BB8000100C0013180C1812200C0812280C181492
:10BB9000300C0813380C1816400C1012480C1818EA
:10BBA000500C1013580C181A600C1812680C181C42
:10BBB000700C180E780C181E800C001A880C581087
:10BBC000900C001B980C5812A00C081AA80C5814C2
:10BBD000B00C081BB80C5816C00C101AC80C58181A
:10BBE000D00C101BD80C581AE00C181AE80C581C72
:10BBF000F00C580EF80C581E000D4012080D98104D
:10BC0000100D4013180D9812200D4812280D98148D
:10BC1000300D4813380D9816400D5012480D9818E5
:10BC2000500D5013580D981A600D5812680D981C3D
:10BC3000700D980E780D981E800D401A880DD81042
:10BC4000900D401B980DD812A00D481AA80DD814BD
:10BC5000B00D481BB80DD816C00D501AC80DD81815
:10BC6000D00D501BD80DD81AE00D581AE80DD81C6D
:10BC7000F00DD80EF80DD81E000E8012080E181107
:10BC8000100E8013180E1813200E8812280E181587
:10BC9000300E8813380E1817400E9012480E1819DF
:10BCA000500E9013580E181B600E9812680E181D37
:10BCB000700E180F780E181F800E801A880E5811FB
:10BCC000900E801B980E5813A00E881AA80E5815B7
:10BCD000B00E881BB80E5817C00E901AC80E58190F
:10BCE000D00E901BD80E581BE00E981AE80E581D67
:10BCF000F00E580FF80E581F000FC012080F9811C1
:10BD0000100FC013180F9813200FC812280F981582
:10BD1000300FC813380F9817400FD012480F9819DA
:10BD2000500FD013580F981B600FD812680F981D32
:10BD3000700F980F780F981F800FC01A880FD811B6
:10BD4000900FC01B980FD813A00FC81AA80FD815B2
:10BD5000B00FC81BB80FD817C00FD01AC80FD8190A
:10BD6000D00FD01BD80FD81BE00FD81AE80FD81D62
:10BD7000F00FD81BF80FD81F08102010101040101B
:10BD80001810201228102014301088103810201697
:10BD90004010001148102018501040115810201A5F
:10BDA000601008126810201C701088127810201E75
:10BDB0008010001288100812901040129810601223
:10BDC000A0102012A8106014B0106012B8106016F5
:10BDD000C0100013C8106018D0104013D810601A9B
:10BDE000E0101812E810601CF0109812F810601E95
:10BDF00008112012101140111811A012201108185A
:10BE00002811A014301188183811A0164811A01854
:10BE10005811A01A6011081A6811A01C7011881A14
:10BE20007811A01E80111012881118129011501252
:10BE30009811E012A0111818A811E014B011981868
:10BE4000B811E016C0111013C811E018D01150132A
:10BE5000D811E01AE011181AE811E01CF011981A34
:10BE6000F811E01E001200180812081810124018ED
:10BE700018122013201220182812201530126018D2
:10BE80003812201740120019481220195012401978
:10BE90005812201B601220196812201D7012C8123F
:10BEA0007812201F8012001A8812081A9012401A65
:10BEB00098126013A012201AA8126015B012601A0E
:10BEC000B8126017C012001BC8126019D012401BB4
:10BED000D812601BE012201BE812601DF012601BDC
:10BEE000F812601F001310180813181810135018B8
:10BEF0001813A013201348182813A0153013C818BE
:10BF00003813A017401310194813A01950135019D3
:10BF10005813A01B6013481A6813A01D7013C81A89
:10BF20007813A01F8013101A8813181A9013501A30
:10BF30009813E013A0135818A813E015B013D818DD
:10BF4000B813E017C013101BC813E019D013501B0F
:10BF5000D813E01BE013581AE813E01DF013D81AA9
:10BF6000F813E01F081420141014001518142015DD
:10BF700030140815381428164014001548142818D1
:10BF8000501410155814281A601420156814281C11
:10BF9000701418157814281E8014001C8814201C96
:10BFA0009014001D9814201DA014081CA814281C0F
:10BFB000B014081DB8146816C014101CC8146818F2
:10BFC000D014101DD814681AE014181CE814681C4A
:10BFD000F014181DF814681E0815201510154015CA
:10BFE00018156015201528182815281C3015481517
:10BFF0003815A8164815A8185815A81A6015281A33
:10C000006815A81C7015A81A7815A81E8015401C64
:10C010008815601C9015401D9815601DA015481CC2
:10C02000A815681CB015481DB815E816C015501C99
:10C03000C815E818D015501DD815E81AE015581C79
:10C04000E815E81CF015581DF815E81E0016001C30
:10C050000816081C1016401C1816481C2016201C18
:10C060002816281C3016601C381628174016001D8C
:10C07000481628195016401D5816281B6016201DFA
:10C080006816281D7016601D7816281F8016801CE3
:10C090008816A01C9016801D9816A01DA016881C3E
:10C0A000A816A81CB016881DB8166817C016901CD4
:10C0B000C8166819D016901DD816681BE016981C73
:10C0C000E816681DF016981DF816681F0017101C5A
:10C0D0000817181C1017501C1817581C2017681820
:10C0E0002817681C3017E8183817A8174017101DB4
:10C0F0004817A8195017501D5817A81B6017681A21
:10C100006817A81D7017E81A7817A81F8017C01C99
:10C110008817E01C9017C01D9817E01DA017C81CB9
:10C12000A817E81CB017C81DB817E817C017D01C0F
:10C13000C817E819D017D01DD817E81BE017D81C6E
:10C14000E817E81DF017D81DF817E81F1818601831
:10C15000301848183818601C5818301A6818301CE5
:10C160007018181A7818301E8018001A8818081AC3
:10C170009018001B98186019A018201AA818281ADF
:10C18000B018201BB818601DC018101AC818181A4B
:10C19000D018101BD818701AE018301AE818701C44
:10C1A000F018581AF818701E081920191819601A72
:10C1B0002819081D301988193819881D4819201B9D
:10C1C0005819B01A6019081B6819B01C7019881B1F
:10C1D0007819B01E8019401A8819481A9019401B06
:10C1E0009819601BA019601AA819181DB019601BB6
:10C1F000B819981DC019501AC819581AD019501BCF
:10C20000D819F01AE019181BE819F01CF019981B3E
:10C21000F819F01E381A701C581A301B681A301D95
:10C22000701A181B781A301F901AC01A981AC81A58
:10C23000B01AE01AB81AE81AC01A801BC81A881B6C
:10C24000D01AC01BD81A701BE01AA01BE81A701D68
:10C25000F01AE01BF81A701F281B481D381BC81D58
:10C26000481B601B581BB01B681BB01D701BC81BF4
:10C27000781BB01F901BC01B981BC81BA81B581D08
:10C28000B01BE01BB81BD81DD81BF01BE81BF01D12
:10C29000F81BF01F081C201C181C301C381C681CC4
:10C2A000481C601C581C701C781C381E801C001E0A
:10C2B000881C201E901C001F981C201FA01C081EFC
:10C2C000A81C281EB01C081FB81C281FC01C101E4C
:10C2D000C81C301ED01C101FD81C301FE01C181E9C
:10C2E000E81C381EF01C181FF81C781E081D201DA5
:10C2F000181D301D381DA81D481D601D581D701DBE
:10C30000681D281F781DB81E801D401E881D601ED8
:10C31000901D401F981D601FA01D481EA81D681E6F
:10C32000B01D481FB81D681FC01D501EC81D701EBF
:10C33000D01D501FD81D701FE01D581EE81D781E0F
:10C34000F01D581FF81DF81E081E201E181E301E56
:10C35000481E601E581E701E781E381F881EA01EA4
:10C36000901E801F981EA01FB01E881FB81EA81FF9
:10C37000C01E801FC81E881FD01E901FD81EB01F51
:10C38000E01EA01FE81EA81FF01E981FF81E781FB1
:10C39000081F201F181F301F481F601F581F701FC5
:10C3A000781FB81F881FA01F901FC01F981FE01F75
:10C3B000B01FC81FB81FE81FC81FE01FD81FF01FFD
:10C3C0000800000210004000180040022000800019
:10C3D000280080023000C0003800C0024000000188
:10C3E00048000003500040015800400360008001F5
:10C3F000680080037000C0017800C0038000000264
:10C40000880008029000000398004802A00008027B
:10C41000A8008802B000C800B800C802C000080127
:10C42000C8000803D0004801D8004803E000880194
:10C43000E8008803F000C801F800C80308011002F2
:10C440001001400118015002200100032801900250
:10C45000300148013801D00248011003580150034F
:10C4600060019001680190037001D0017801D00350
:10C47000800140028801180290014003980158028F
:10C48000A0014802A8019802B0014803B801D802EF
:10C49000C0015002C8011803D0015003D80158034D
:10C4A000E0015802E8019803F0015803F801D803AD
:10C4B0000802200210024002180260022802A002B4
:10C4C000300260023802E00240020003480220030A
:10C4D0005002400358026003600220036802A00378
:10C4E000700260037802E0038802A00290028003D9
:10C4F0009802A003B0028803B802E802C0028003D9
:10C50000C8022803D0029003D8026803E002A00307
:10C51000E802A803F0029803F802E80308032003E6
:10C5200010034003180360032803880330036003EB
:10C530003803980348036003580370036803B0038B
:10C540007803F0038803A0039003C0039803E0037B
:10C55000B003C803B803E803C803E003D803F0033B
:10C56000080040001800480010004000280050005B
:10C570002000400038005800300048005800680093
:10C5800048006000680070000800001010000020E3
:10C5900018000030200000022800001230000022A5
:10C5A000380000324000000448000014500000240D
:10C5B0005800003460000006680000167000002675
:10C5C00078000036800000088800001890000028DD
:10C5D00098000038A000000AA800001AB000002A45
:10C5E000B800003AC000000CC800001CD000002CAD
:10C5F000D800003CE000000EE800001EF000002E15
:10C60000F800003E00010004080140101001402025
:10C610001801403020014002280140123001402220
:10C620003801403240014004480140145001402488
:10C6300058014034600140066801401670014026F0
:10C640007801403680014008880140189001402858
:10C6500098014038A001400AA801401AB001402AC0
:10C66000B801403AC001400CC801401CD001402C28
:10C67000D801403CE001400EE801401EF001402E90
:10C68000F801403E000200080802801010028020DD
:10C69000180280302002800228028012300280229C
:10C6A0003802803240028004480280145002802404
:10C6B000580280346002800668028016700280266C
:10C6C00078028036800280088802801890028028D4
:10C6D00098028038A002800AA802801AB002802A3C
:10C6E000B802803AC002800CC802801CD002802CA4
:10C6F000D802803CE002800EE802801EF002802E0C
:10C70000F802803E0003000C0803C0101003C02094
:10C710001803C0302003800C2803C0123003C0224D
:10C720003803C0324003C0044803C0145003C0247F
:10C730005803C0346003C0066803C0167003C026E7
:10C740007803C0368003C0088803C0189003C0284F
:10C750009803C038A003C00AA803C01AB003C02AB7
:10C76000B803C03AC003C00CC803C01CD003C02C1F
:10C77000D803C03CE003C00EE803C01EF003C02E87
:10C78000F803C03E08040011100400211804003111
:10C790002004000C28040013300400233804003364
:10C7A00040040005480400155004002558040035D5
:10C7B000600400076804001770040027780400373D
:10C7C00080040009880400199004002998040039A5
:10C7D000A004000BA804001BB004002BB804003B0D
:10C7E000C004000DC804001DD004002DD804003D75
:10C7F000E004000FE804001FF004002FF804003FDD
:10C800000805401110054021180540312005000D94
:10C8100028054013300540233805403348054015AE
:10C82000500540255805403560054007680540170C
:10C830007005402778054037800540098805401974
:10C840009005402998054039A005400BA805401BDC
:10C85000B005402BB805403BC005400DC805401D44
:10C86000D005402DD805403DE005400FE805401FAC
:10C87000F005402FF805403F0006400808068011EB
:10C8800010068021180680312006C0082806801373
:10C89000300680233806803340064009480680155C
:10C8A0005006802558068035600680076806801788
:10C8B00070068027780680378006800988068019F0
:10C8C0009006802998068039A006800BA806801B58
:10C8D000B006802BB806803BC006800DC806801DC0
:10C8E000D006802DD806803DE006800FE806801F28
:10C8F000F006802FF806803F0007400C0807C011A3
:10C900001007C0211807C0312007C00C2807C0132A
:10C910003007C0233807C0334007400D4807C01513
:10C920005007C0255807C0356007C0076807C01703
:10C930007007C0277807C0378007C0098807C0196B
:10C940009007C0299807C039A007C00BA807C01BD3
:10C95000B007C02BB807C03BC007C00DC807C01D3B
:10C96000D007C02DD807C03DE007C00FE807C01FA3
:10C97000F007C02FF807C03F000800100808081093
:10C98000100808201808083020088010280808120D
:10C9900030080822380808324008001148080814F6
:10C9A00050080824580808346008801168080816E0
:10C9B00070080826780808368008081088080818C3
:10C9C0009008082898080838A008080AA808081A33
:10C9D000B008082AB808083AC008080CC808081C9B
:10C9E000D008082CD808083CE008080EE808081E03
:10C9F000F008082EF808083E00090014080948103D
:10CA000010094820180948302009801428094812C4
:10CA100030094822380948324009001548094814AD
:10CA20005009482458094834600980156809481697
:10CA3000700948267809483680090814880948187A
:10CA40009009482898094838A009480AA809481AAE
:10CA5000B009482AB809483AC009480CC809481C16
:10CA6000D009482CD809483CE009480EE809481E7E
:10CA7000F009482EF809483E000A0018080A8810F4
:10CA8000100A8820180A8830200A8018280A88127C
:10CA9000300A8822380A8832400A0019480A881465
:10CAA000500A8824580A8834600A8019680A88164F
:10CAB000700A8826780A8836800A0818880A881832
:10CAC000900A8828980A8838A00A8818A80A881A1C
:10CAD000B00A882AB80A883AC00A880CC80A881C92
:10CAE000D00A882CD80A883CE00A880EE80A881EFA
:10CAF000F00A882EF80A883E000B001C080BC810AC
:10CB0000100BC820180BC830200B801C280BC81233
:10CB1000300BC822380BC832400B001D480BC8141C
:10CB2000500BC824580BC834600B801D680BC81606
:10CB3000700BC826780BC836800B081C880BC818E9
:10CB4000900BC828980BC838A00B881CA80BC81AD3
:10CB5000B00BC82AB80BC83AC00BC80CC80BC81C0D
:10CB6000D00BC82CD80BC83CE00BC80EE80BC81E75
:10CB7000F00BC82EF80BC83E000C4010080C081132
:10CB8000100C0821180C0831200CC010280C0813B8
:10CB9000300C0823380C0833400C4011480C0815A1
:10CBA000500C0825580C0835600CC011680C08178B
:10CBB000700C0827780C0837800C4810880C08196E
:10CBC000900C0829980C0839A00CC810A80C081B58
:10CBD000B00C082BB80C083BC00C080DC80C081D85
:10CBE000D00C082DD80C083DE00C080FE80C081FED
:10CBF000F00C082FF80C083F000D4014080D4811E8
:10CC0000100D4821180D4831200DC014280D48136F
:10CC1000300D4823380D4833400D4015480D481558
:10CC2000500D4825580D4835600DC015680D481742
:10CC3000700D4827780D4837800D4814880D481925
:10CC4000900D4829980D4839A00DC814A80D481B0F
:10CC5000B00D482BB80D483BC00D4815C80D481DF8
:10CC6000D00D482DD80D483DE00D480FE80D481F68
:10CC7000F00D482FF80D483F000E4018080E88119F
:10CC8000100E8821180E8831200EC018280E881327
:10CC9000300E8823380E8833400E4019480E881510
:10CCA000500E8825580E8835600EC019680E8817FA
:10CCB000700E8827780E8837800E4818880E8819DD
:10CCC000900E8829980E8839A00EC818A80E881BC7
:10CCD000B00E882BB80E883BC00E4819C80E881DB0
:10CCE000D00E882DD80E883DE00E880FE80E881FE4
:10CCF000F00E882FF80E883F000F401C080FC81157
:10CD0000100FC821180FC831200FC01C280FC813DE
:10CD1000300FC823380FC833400F401D480FC815C7
:10CD2000500FC825580FC835600FC01D680FC817B1
:10CD3000700FC827780FC837800F481C880FC81994
:10CD4000900FC829980FC839A00FC81CA80FC81B7E
:10CD5000B00FC82BB80FC83BC00F481DC80FC81D67
:10CD6000D00FC82DD80FC83DE00FC81DE80FC81F51
:10CD7000F00FC82FF80FC83F001000200810101047
:10CD800010101020181010302010802028101012C1
:10CD900030101022381010324010002148101014AA
:10CDA0005010102458101034601080216810101694
:10CDB0007010102678101036801008208810101877
:10CDC0009010102898101038A0108820A810101A61
:10CDD000B010102AB810103AC0100821C810101C4A
:10CDE000D010102CD810103CE0108821E810101E34
:10CDF000F010102EF810103E00110024081110241D
:10CE00001011502018115030201180242811501278
:10CE10003011502238115032401100254811501461
:10CE2000501150245811503460118025681150164B
:10CE3000701150267811503680110824881150182E
:10CE40009011502898115038A0118824A811501A18
:10CE5000B011502AB811503AC0110825C811501C01
:10CE6000D011502CD811503CE0118825E811501EEB
:10CE7000F011502EF811503E001200280812102810
:10CE80001012902018129030201280282812901230
:10CE90003012902238129032401200294812901419
:10CEA0005012902458129034601280296812901603
:10CEB00070129026781290368012082888129018E6
:10CEC0009012902898129038A0128828A812901AD0
:10CED000B012902AB812903AC0120829C812901CB9
:10CEE000D012902CD812903CE0128829E812901EA3
:10CEF000F012902EF812903E0013002C0813102C04
:10CF00001013D0201813D0302013802C2813902C0D
:10CF10003013D0223813D0324013002D4813D014D0
:10CF20005013D0245813D0346013802D6813D016BA
:10CF30007013D0267813D0368013082C8813D0189D
:10CF40009013D0289813D038A013882CA813D01A87
:10CF5000B013D02AB813D03AC013082DC813D01C70
:10CF6000D013D02CD813D03CE013882DE813D01E5A
:10CF7000F013D02EF813D03E001440200814502097
:10CF800010141021181410312014C0202814D0209F
:10CF90003014102338141033401440214814101555
:10CFA00050141025581410356014C021681410173F
:10CFB0007014102778141037801448208814101922
:10CFC0009014102998141039A014C820A814101B0C
:10CFD000B014102BB814103BC0144821C814101DF5
:10CFE000D014102DD814103DE014C821E814101FDF
:10CFF000F014102FF814103F001540240815502489
:10D0000010155021181550312015C0242815D02492
:10D01000301550233815503340154025481550150C
:10D0200050155025581550356015C02568155017F6
:10D0300070155027781550378015482488155019D9
:10D040009015502998155039A015C824A815501BC3
:10D05000B015502BB815503BC0154825C815501DAC
:10D06000D015502DD815503DE015C825E815501F96
:10D07000F015502FF815503F00164028081650287C
:10D0800010169021181690312016C0282816D02886
:10D0900030169023381690334016402948165029F0
:10D0A00050169025581690356016C02968169017AE
:10D0B0007016902778169037801648288816901991
:10D0C0009016902998169039A016C828A816901B7B
:10D0D000B016902BB816903BC0164829C816901D64
:10D0E000D016902DD816903DE016C829E816901F4E
:10D0F000F016902FF816903F0017402C0817502C70
:10D100001017D0211817D0312017C02C2817D02C79
:10D110003017D0233817D0334017402D4817502DE3
:10D120005017D0255817D0356017C02D6817D01765
:10D130007017D0277817D0378017482C8817D01948
:10D140009017D0299817D039A017C82CA817D01B32
:10D15000B017D02BB817D03BC017482DC817D01D1B
:10D16000D017D02DD817D03DE017C82DE817D01F05
:10D17000F017D02FF817D03F0018003008181030E3
:10D1800010181820181818302018803028189030DF
:10D190003018182238181832401800314818103149
:10D1A00050181824581818346018803168189031B5
:10D1B0007018182678181836801808308818183013
:10D1C0009018182898181838A0188830A818181A15
:10D1D000B018182AB818183AC0180831C818181CFE
:10D1E000D018182CD818183CE0188831E818181EE8
:10D1F000F018182EF818183E0019003408191034C9
:10D2000010195820181958302019803428199034D2
:10D21000301958223819583240190035481910353C
:10D2200050195824581958346019803568199035A8
:10D230007019582678195836801908348819183406
:10D240009019582898195838A0198834A819581ACC
:10D25000B019582AB819583AC0190835C819581CB5
:10D26000D019582CD819583CE0198835E819581E9F
:10D27000F019582EF819583E001A0038081A1038BC
:10D28000101A9820181A9830201A8038281A9038C6
:10D29000301A9822381A9832401A0039481A103930
:10D2A000501A9824581A9834601A8039681A90399C
:10D2B000701A9826781A9836801A0838881A1838FA
:10D2C000901A9828981A9838A01A8838A81A983866
:10D2D000B01A982AB81A983AC01A0839C81A981C6D
:10D2E000D01A982CD81A983CE01A8839E81A981E57
:10D2F000F01A982EF81A983E001B003C081B103CB0
:10D30000101BD820181BD830201B803C281B903CB9
:10D31000301BD822381BD832401B003D481B103D23
:10D32000501BD824581BD834601B803D681B903D8F
:10D33000701BD826781BD836801B083C881B183CED
:10D34000901BD828981BD838A01B883CA81B983C59
:10D35000B01BD82AB81BD83AC01B083DC81BD81C24
:10D36000D01BD82CD81BD83CE01B883DE81BD81E0E
:10D37000F01BD82EF81BD83E001C4030081C503043
:10D38000101C1821181C1831201CC030281CD0304B
:10D39000301C1823381C1833401C4031481C5031B5
:10D3A000501C1825581C1835601CC031681CD03121
:10D3B000701C1827781C1837801C4830881C58307F
:10D3C000901C1829981C1839A01CC830A81CD830EB
:10D3D000B01C182BB81C183BC01C4831C81C181DA9
:10D3E000D01C182DD81C183DE01CC831E81C181F93
:10D3F000F01C182FF81C183F001D4034081D503435
:10D40000101D5821181D5831201DC034281DD0343E
:10D41000301D5823381D5833401D4035481D5035A8
:10D42000501D5825581D5835601DC035681DD03514
:10D43000701D5827781D5837801D4834881D583472
:10D44000901D5829981D5839A01DC834A81DD834DE
:10D45000B01D582BB81D583BC01D4835C81D583548
:10D46000D01D582DD81D583DE01DC835E81D581F4A
:10D47000F01D582FF81D583F001E4038081E503828
:10D48000101E9821181E9831201EC038281ED03832
:10D49000301E9823381E9833401E4039481E50399C
:10D4A000501E9825581E9835601EC039681ED03908
:10D4B000701E9827781E9837801E4838881E583866
:10D4C000901E9829981E9839A01EC838A81ED838D2
:10D4D000B01E982BB81E983BC01E4839C81E58393C
:10D4E000D01E982DD81E983DE01EC839E81E981F02
:10D4F000F01E982FF81E983F001F403C081F503C1C
:10D50000101FD821181FD831201FC03C281FD03C25
:10D51000301FD823381FD833401F403D481F503D8F
:10D52000501FD825581FD835601FC03D681FD03DFB
:10D53000701FD827781FD837801F483C881F583C59
:10D54000901FD829981FD839A01FC83CA81FD83CC5
:10D55000B01FD82BB81FD83BC01F483DC81F583D2F
:10D56000D01FD82DD81FD83DE01FC83DE81FD83D9B
:10D57000F01FD82FF81FD83F08208020102020202F
:10D5800018202030282080283020202238202032E7
:10D59000402000214820C020502020245820203442
:10D5A000602010246820C028702020267820203693
:10D5B000882080309020202898202038A020083013
:10D5C000A8208038B020202AB820203AC020082186
:10D5D000C820C030D020202CD820203CE0200831AA
:10D5E000E820C038F020202EF820203E0021002422
:10D5F00008218021102110241821603020212024AE
:10D6000028218029302160223821603240210025E4
:10D610004821C021502160245821603460215024C9
:10D620006821C02970216026782160368021082475
:10D63000882180319021602898216038A021083409
:10D64000A8218039B021602AB821603AC02108257C
:10D65000C821C031D021602CD821603CE0210835A0
:10D66000E821C039F021602EF821603E0022003010
:10D6700008228030102208301822A03020221030DA
:10D68000282288283022A0223822A032402240308E
:10D690004822C0305022A0245822A03460225030AA
:10D6A0006822C8287022A0267822A0368022203046
:10D6B000882288309022A0289822A038A0221830F2
:10D6C000A8228838B022A02AB822A03AC02260300E
:10D6D000C822C830D022A02CD822A03CE022183189
:10D6E000E822C838F022A02EF822A03E0023003104
:10D6F00008238031102308311823E0302023103113
:10D7000028238829302318313823E0324023403140
:10D710004823C0315023E0245823E03460235031A3
:10D720006823C8297023E0267823E0368023182454
:10D73000882388319023E0289823E038A0231834E8
:10D74000A8238839B023E02AB823E03AC02318255B
:10D75000C823C831D023E02CD823E03CE02318357F
:10D76000E823C839F023E02EF823E03E0824802483
:10D7700010242024182420312824802C3024103117
:10D7800038242033402400254824C0245024202558
:10D7900058242035602410256824C02C70242027AC
:10D7A0007824203788248034902420299824203914
:10D7B000A0244830A824803CB024202BB824203B4F
:10D7C000C0240825C824C034D024202DD824203DCE
:10D7D000E0244831E824C03CF024202FF824203FE6
:10D7E0000825802510252025182560312825802D25
:10D7F00030255031382560334825C0255025602517
:10D80000582560356825C02D70256027782560373C
:10D81000882580359025602998256039A0254834D1
:10D82000A825803DB025602BB825603BC825C035B4
:10D83000D025602DD825603DE0254835E825C03D40
:10D84000F025602FF825603F00260034082680343C
:10D85000102608341826A031202610342826882CBB
:10D86000302618343826A033402640344826C034A9
:10D87000502648345826A035602650346826C82CD7
:10D880007026A0277826A037802620348826883462
:10D890009026A0299826A039A0265830A826883C92
:10D8A000B026A02BB826A03BC0266034C826C834BA
:10D8B000D026A02DD826A03DE0265831E826C83C29
:10D8C000F026A02FF826A03F002700350827803536
:10D8D000102708351827E031202710352827882DF4
:10D8E000302718353827E033402740354827C035E2
:10D8F000502748355827E035602750356827C82D10
:10D900007027E0277827E03780272035882788355B
:10D910009027E0299827E039A0275834A827883D88
:10D92000B027E02BB827E03BC0276035C827C835B3
:10D93000D027E02DD827E03DE0275835E827C83D1F
:10D94000F027E02FF827E03F08282028102880281B
:10D950001828283028289028302888283828283265
:10D960004028002C4828202C5028802C5828283467
:10D970006028082C6828D0287028882C7828283619
:10D980008828903098282838A0282830A82890384F
:10D99000B028282AB828283AC028102CC828D03007
:10D9A000D028282CD828283CE028182CE828D03863
:10D9B000F028282EF828283E0029002C0829082CB9
:10D9C0001029102C182968302029202C282990296A
:10D9D0003029D030382968324029402C4829602C21
:10D9E0005029C02C582968346029482C6829D0292E
:10D9F0007029C82C782968368029802C8829903194
:10DA00009029282C98296838A0292834A8299039E9
:10DA1000B029682AB829683AC029502CC829D031C1
:10DA2000D029682CD829683CE029582CE829D0391D
:10DA3000F029682EF829683E002A0038082A203884
:10DA4000102A8038182AA830202A0838282A28388E
:10DA5000302A8838382AA832402A003C482A203CFC
:10DA6000502A803C582AA834602A083C682A283C5E
:10DA7000702A883C782AA836802A1038882A98305C
:10DA8000902A9038982AA838A02A1838A82A9838B6
:10DA9000B02A9838B82AA83AC02A103CC82AD830E8
:10DAA000D02AA82CD82AA83CE02A183CE82AD83842
:10DAB000F02AA82EF82AA83E002B4038082B603800
:10DAC000102BC038182BE830202B4838282B68380A
:10DAD000302BC838382BE832402B403C482B603C78
:10DAE000502BC03C582BE834602B483C682B683CDA
:10DAF000702BC83C782BE836802B5038882B983117
:10DB0000902BD038982BE838A02B5838A82B983970
:10DB1000B02BD838B82BE83AC02B503CC82BD831A2
:10DB2000D02BE82CD82BE83CE02B583CE82BD839FC
:10DB3000F02BE82EF82BE83E082C202C102C802C03
:10DB4000182C2831282C902C302C9031382C28334C
:10DB5000402C002D482C202D502C802D582C283561
:10DB6000602C082D682CD02C702C882D782C283710
:10DB7000882C9034982C2839A02C6830A82C903C04
:10DB8000B02C6838B82C283BC02C102DC82CD034B1
:10DB9000D02C282DD82C283DE02C182DE82CD03C5A
:10DBA000F02C282FF82C283F082D202D102D802D0B
:10DBB000182D6831282D902D302DD031382D683317
:10DBC000482D602D502DC02D582D6835682DD02D35
:10DBD000702DC82D782D6837882D9035982D68398F
:10DBE000A02D6834A82D903DB02D683CB82D683B21
:10DBF000C82DD035D82D683DE02D6835E82DD03DB5
:10DC0000F02D682FF82D683F002E0039082E20399E
:10DC1000102E8039182EA831202E0839282E2839A8
:10DC2000302E8839382EA833402E003D482E203D16
:10DC3000502E803D582EA835602E083D682E283D78
:10DC4000702E883D782EA837802E1039882E983473
:10DC5000902E9039982EA839A02E1839A82E983CCD
:10DC6000B02E9839B82EA83BC02E103DC82ED834FF
:10DC7000D02E903DD82EA83DE02E183DE82ED83C61
:10DC8000F02EA82FF82EA83F002F4039082F60391A
:10DC9000102FC039182FE831202F4839282F683924
:10DCA000302FC839382FE833402F403D482F603D92
:10DCB000502FC03D582FE835602F483D682F683DF4
:10DCC000702FC83D782FE837802F5039882F98352E
:10DCD000902FD039982FE839A02F5839A82F983D88
:10DCE000B02FD839B82FE83BC02F503DC82FD835BA
:10DCF000D02FD03DD82FE83DE02F583DE82FD83D1C
:10DD0000F02FD83DF82FE83F18303030383030321F
:10DD10004030003148300831503010315830303404
:10DD20006030203168302831703018347830303627
:10DD30008830A03098303038A830A038B0308838DB
:10DD4000B830303AC0308031C830E030D030903117
:10DD5000D830303CE0308831E830E038F030883975
:10DD6000F830303E003100340831083410311034BE
:10DD700018311834203120342831283430313034EF
:10DD80003831703240310035483108355031103566
:10DD9000583170346031203568312835703158344D
:10DDA00078317036803180348831A03190319034B0
:10DDB00098317038A0318834A831A039B031883C0E
:10DDC000B831703AC0318035C831E031D03190354A
:10DDD000D831703CE0318835E831E039F031883DA8
:10DDE000F831703E0032003808328038103208387E
:10DDF00018328838203210382832903830321838AB
:10DE00003832B032403240384832C0385032483868
:10DE10005832B034603250386832D03870325838A6
:10DE20007832B036803220388832A03890322838A4
:10DE30009832B038A0323038A832A838B03298388A
:10DE4000B832B03AC0326038C832E038D0326838C0
:10DE5000D832B03CE0327038E832E838F0329839E5
:10DE6000F832B03E003300390833803910330839B6
:10DE70001833883920331039283390393033183922
:10DE800038339839403340394833C03950334839F2
:10DE90005833F034603350396833D03970335839DF
:10DEA0007833F036803320398833A03990332839DD
:10DEB0009833F038A0339834A833A839B033983C5D
:10DEC000B833F03AC0336039C833E039D0336839F9
:10DED000D833F03CE0339835E833E839F033983DF7
:10DEE000F833F03E183430343834183940340035C3
:10DEF00048340835503410355834303560342035C6
:10DF00006834283570341835783430378834A03484
:10DF100098343039A834A03CB034C838B834303BD9
:10DF2000C0348035C834E034D0349035D834303DF6
:10DF3000E0348835E834E03CF034C839F834303F18
:10DF4000183530353835583958357035783570379B
:10DF50008835A03598357039A835A03DB035C83C16
:10DF6000B835703BC835E035D835703DE835E03D13
:10DF7000F035C83DF835703F0036003C0836803C2F
:10DF80001036083C1836883C2036103C2836903C29
:10DF90003036183C3836983C4036403C4836C03C19
:10DFA0005036483C5836C83C6036503C6836D03C09
:10DFB0007036583C7836B0378036203C8836A03CE6
:10DFC0009036283C9836B039A036303CA836A83C6C
:10DFD000B036D838B836B03BC036603CC836E03CC6
:10DFE000D036683CD836B03DE036703CE836E83C88
:10DFF000F036D839F836B03F0037003D0837803D5D
:10E000001037083D1837883D2037103D2837903DA0
:10E010003037183D3837983D4037403D4837C03D90
:10E020005037483D5837C83D6037503D6837D03D80
:10E030007037583D7837F0378037203D8837A03D1E
:10E040009037283D9837F039A037303DA837A83DA4
:10E05000B037D83CB837F03BC037603DC837E03DFB
:10E06000D037683DD837F03DE037703DE837E83DC0
:10E07000F037D83DF837F03F383898384038003915
:10E08000483808395038103958381839603820392C
:10E0900068382839703830397838983CA838B03822
:10E0A000B838383AC0388039C8388839D0389039CB
:10E0B000D838383CE038A039E838F038F838383EFD
:10E0C000F038A8390039003C0839083C1039103CB8
:10E0D0001839183C2039203C2839283C3039303C4C
:10E0E0003839383C4039003D4839083D5039103DF9
:10E0F0005839183D6039203D6839283D7039303D28
:10E100007839D83C8039803C8839883C9039903CBB
:10E110009839983CA039A03CA839B039B839783A38
:10E12000B039A83CC039803DC839883DD039903DD0
:10E13000D839783CE039A03DE839F039F839783EF3
:10E14000F039A83D083A103A103A203A183A303AD5
:10E15000203A803A283A903A303AA03A383AB03ADF
:10E16000403A003B483A103B503A203B583A303B4B
:10E17000603A803B683A903B703AA03B783AB03BBB
:10E18000883AA03A983AB03AA83AB03AC03A083B2E
:10E19000C83A183BD03A283BD83AB83CE03A883BDA
:10E1A000E83A983BF03AA83BF83AB83E003B003ECC
:10E1B000083B103E103B203E183B303E203B803E4B
:10E1C000283B903E303BA03E383BB03E403B003FBA
:10E1D000483B103F503B203F583B303F603B803F27
:10E1E000683B903F703BA03F783BB03F803B083E90
:10E1F000883B183E903B283E983B383EA03B883EEB
:10E20000A83B983EB03BA83EB83BB83EC03B083F59
:10E21000C83B183FD03B283FD83BF83CE03B883F09
:10E22000E83B983FF03BA83FF83BF83E383C983C31
:10E23000403C003D483C083D503C103D583C183D9A
:10E24000603C203D683C283D703C303D783C983D2A
:10E25000A83CB03CB83CB03EC03C803DC83C883D8A
:10E26000D03C903DD83C383DE03CA03DE83CF03C03
:10E27000F03CA83DF83C383F383D983D783DD83DCE
:10E28000A83DB03DB83DB03FE83DF03D083E803E82
:10E29000F83D783F103E803E183E883E203E803E4E
:10E2A000283E903E303E883E383E983E403E003FFD
:10E2B000483E203F503E803F583EA03F603E083FD2
:10E2C000683E283F703E883F783EA83F883EA03E8B
:10E2D000983EA83EC03E103FA83EB03EC83E303FEC
:10E2E000D03E903FD83EB03FE03E183FE83E383F3A
:10E2F000F03E983F083F803FF83EB83F103F803FD8
:10E30000183F883F203F803F283F903F303F883F65
:10E31000383F983F483F503F503F603F583F703F25
:10E32000603FC03F683FD03F703FE03F783FF03FE5
:10E33000883FA03F983FA83FA83FB03FD83FF03F5D
:10E34000C83FE03FE83FF03F080000021000000433
:10E350001800000620004000280040023000400461
:10E3600038004006400080004800800250008004D1
:10E37000580080066000C0006800C0027000C00441
:10E380007800C006800000018800000390000005AE
:10E3900098000007A0004001A8004003B00040051D
:10E3A000B8004007C0008001C8008003D00080058D
:10E3B000D8008007E000C001E800C003F000C005FD
:10E3C000F800C0070001000208010802100108045B
:10E3D0001801080620018002280148023001480483
:10E3E00038014806400100034801880250018804B2
:10E3F00058018806600180036801C8027001C804E2
:10E400007801C80680010802880108039001080508
:10E4100098010807A0018802A8014803B001480537
:10E42000B8014807C0010803C8018803D001880566
:10E43000D8018807E0018803E801C803F001C80596
:10E44000F801C807080210020002000410021004BC
:10E4500018021006200280042802500230025004E4
:10E460003802500640020005480290025002900413
:10E4700058029006600280056802D0027002D00443
:10E480007802D0068002080488021003900210056A
:10E4900098021007A0028804A8025003B002500599
:10E4A000B8025007C0020805C8029003D0029005C8
:10E4B000D8029007E0028805E802D003F002D005F8
:10E4C000F802D00700030006080310061003180422
:10E4D000180318062003800628039006300358040A
:10E4E00038035806400300074803100750039804F8
:10E4F0005803980660038007680390077003D804E8
:10E500007803D806800308068803180690031805C8
:10E5100098031807A0038806A8039806B0035805B7
:10E52000B8035807C0030807C8031807D0039805A5
:10E53000D8039807E0038807E8039807F003D80595
:10E54000F803D807080480041004200418042006E7
:10E550002804800530046004380460064004000686
:10E56000480488045004A0045804A006600410065F
:10E57000680488057004E0047804E00688048006D6
:10E580009004200598042007A0040806A80480072A
:10E59000B0046005B8046007C0042006C8048806FB
:10E5A000D004A005D804A007E0041806E8048807F2
:10E5B000F004E005F804E0070805200510058005D3
:10E5C00018052806280590053005880538056806D1
:10E5D0004005000748052007500580075805A80694
:10E5E0006005080768059805700588077805E8063E
:10E5F0008805900698052807A0052806A805900715
:10E60000B0052807B8056807C0051007C8059806B3
:10E61000D0059007D805A807E0051807E805980772
:10E62000F0059807F805E807180630063806700662
:10E630004006000748068007500608075806B0063F
:10E640006006100768069007700618077806F0063F
:10E650008806A00698063007A806A007B006880717
:10E66000B8067007C0062007C806A007D00628070E
:10E67000D806B007E0063007E806A807F0069807B6
:10E68000F806F00748075007380798075007600753
:10E69000580770076007C0076807D0077807F007BA
:10E6A0007007E007B807F007A807B007D807F0071A
:10E6B000C807E007E807F0070800400010008000E6
:10E6C0001800C000200040002800480030008800EA
:10E6D0003800C80040008000480050005800D000BA
:10E6E000500090006000C0006800D00070009800EA
:10E6F0007800D8008800C0009000A000A800D000DA
:10E700009800E000B000D000B800E800D800F000A9
:10E71000C800E000E800F00008000002100000045B
:10E7200018000006200000082800000A3000000C35
:10E730003800000E480040025000400458004006D7
:10E74000600040086800400A7000400C7800400EED
:10E75000880080029000800498008006A000800855
:10E76000A800800AB000800CB800800EC800C0026B
:10E77000D000C004D800C006E000C008E800C00A0D
:10E78000F000C00CF800C00E0801000310010005E5
:10E7900018010007200100092801000B3001000DBD
:10E7A0003801000F4801400350014005580140075F
:10E7B000600140096801400B7001400D7801400F75
:10E7C000880180039001800598018007A0018009DD
:10E7D000A801800BB001800DB801800FC801C003F3
:10E7E000D001C005D801C007E001C009E801C00B95
:10E7F000F001C00DF801C00F10020804180208064D
:10E80000200208082802080A3002080C3802080E04
:10E810005002480458024806600248086802480A44
:10E820007002480C7802480E90028804980288060C
:10E83000A0028808A802880AB002880CB802880ED4
:10E84000D002C804D802C806E002C808E802C80A14
:10E85000F002C80CF802C80E1003080518030807D8
:10E86000200308092803080B3003080D3803080F9C
:10E870005003480558034807600348096803480BDC
:10E880007003480D7803480F9003880598038807A4
:10E89000A0038809A803880BB003880DB803880F6C
:10E8A000D003C805D803C807E003C809E803C80BAC
:10E8B000F003C80DF803C80F180410062004100850
:10E8C0002804100A3004100C3804100E58045006A6
:10E8D000600450086804500A7004500C7804500E0C
:10E8E00098049006A0049008A804900AB004900C24
:10E8F000B804900ED804D006E004D008E804D00A8A
:10E90000F004D00CF804D00E1805100720051009EB
:10E910002805100B3005100D3805100F580550074D
:10E92000600550096805500B7005500D7805500FB3
:10E9300098059007A0059009A805900BB005900DCB
:10E94000B805900FD805D007E005D009E805D00B31
:10E95000F005D00DF805D00F200618082806180A73
:10E960003006180C3806180E600658086806580A53
:10E970007006580C7806580EA0069808A806980A43
:10E98000B006980CB806980EE006D808E806D80A33
:10E99000F006D80CF806D80E200718092807180B1F
:10E9A0003007180D3807180F600758096807580B0B
:10E9B0007007580D7807580FA0079809A807980BFB
:10E9C000B007980DB807980FE007D809E807D80BEB
:10E9D000F007D80DF807D80F2808200A3008200CB7
:10E9E0003808200E6808600A7008600C7808600E0D
:10E9F000A808A00AB008A00CB808A00EE808E00A11
:10EA0000F008E00CF808E00E2809200B3009200D72
:10EA10003809200F6809600B7009600D7809600FD4
:10EA2000A809A00BB009A00DB809A00FE809E00BD8
:10EA3000F009E00DF809E00F300A280C380A280E1A
:10EA4000700A680C780A680EB00AA80CB80AA80EFA
:10EA5000F00AE80CF80AE80E300B280D380B280FE6
:10EA6000700B680D780B680FB00BA80DB80BA80FD2
:10EA7000F00BE80DF80BE80F380C300E780C700E28
:10EA8000B80CB00EF80CF00E380D300F780D700F7A
:10EA9000B80DB00FF80DF00F0000803F000000002F
:10EAA000C4FE7F3F890FC93B11FB7F3F900E493C5D
:10EAB000E6F47F3FB6C9963C43EC7F3FB00AC93CC1
:10EAC00029E17F3FB949FB3C98D37F3F2CC3163DDA
:10EAD0008FC37F3F07E02F3D0FB17F3F2FFB483DA6
:10EAE000189C7F3F6814623DAB847F3F742B7B3D55
:10EAF000C76A7F3F0A208A3D6D4E7F3F05A9963D3C
:10EB00009D2F7F3F8C30A33D580E7F3F80B6AF3D99
:10EB10009DEA7E3FC33ABC3D6DC47E3F36BDC83DD5
:10EB2000C99B7E3FB93DD53DB0707E3F2EBCE13DD7
:10EB300023437E3F7638EE3D24137E3F73B2FA3D89
:10EB4000B1E07D3F0295033ECCAB7D3F86CF093ED1
:10EB500074747D3FB708103EAC3A7D3F8340163E4B
:10EB600073FE7C3FDE761C3EC9BF7C3FB6AB223EC7
:10EB7000B07E7C3FFCDE283E283B7C3FA2102F3E2F
:10EB800031F57B3F9840353ECDAC7B3FCF6E3B3E71
:10EB9000FC617B3F379B413EBE147B3FC2C5473E75
:10EBA00016C57A3F60EE4D3E02737A3F0115543E22
:10EBB000841E7A3F97395A3E9DC7793F135C603E69
:10EBC0004E6E793F667C663E9812793F7F9A6C3E26
:10EBD0007BB4783F51B6723EF853783FCCCF783E45
:10EBE00010F1773FE1E67E3EC58B773FC07D823EE8
:10EBF0001724773FCE86853E07BA763F938E883EB0
:10EC0000974D763F07958B3EC6DE753F229A8E3E26
:10EC1000976D753FDD9D913E0BFA743F31A0943E98
:10EC20002284743F17A1973EDD0B743F86A09A3E65
:10EC30003F91733F789E9D3E4714733FE59AA03EF7
:10EC4000F894723FC595A33E5213723F128FA63EB1
:10EC5000578F713FC486A93E0809713FD47CAC3EF2
:10EC60006680703F3A71AF3E73F56F3FEF63B23E1F
:10EC700030686F3FEC54B53E9ED86E3F2A44B83E94
:10EC8000BE466E3FA031BB3E93B26D3F4A1DBE3EB5
:10EC90001D1C6D3F1E07C13E5E836C3F15EFC33EDA
:10ECA00058E86B3F29D5C63E0C4B6B3F53B9C93E64
:10ECB0007BAB6A3F8B9BCC3EA7096A3FCA7BCF3EAA
:10ECC0009165693F095AD23E3CBF683F4136D53E07
:10ECD000A816683F6B10D83ED86B673F80E8DA3ED5
:10ECE000CCBE663F79BEDD3E880F663F4F92E03E68
:10ECF0000B5E653FFA63E33E59AA643F7533E63E17
:10ED000073F4633FB700E93E5A3C633FBBCBEB3E35
:10ED10001082623F7994EE3E98C5613FEA5AF13E17
:10ED2000F206613F071FF43E2146603FCBE0F63E0E
:10ED300027835F3F2DA0F93E05BE5E3F275DFC3E69
:10ED4000BEF65D3FB217FF3E532D5D3FE4E7003F47
:10ED5000C7615C3FB142023F1A945B3F3D9C033F59
:10ED600050C45A3F84F4043F6AF2593F824B063F35
:10ED70006A1E593F36A1073F5348583F9BF5083F4D
:10ED80002670573FAD480A3FE595563F6B9A0B3FBB
:10ED900093B9553FD0EA0C3F31DB543FDA390E3F8F
:10EDA000C3FA533F84870F3F4918533FCDD3103FD9
:10EDB000C633523FB01E123F3D4D513F2A68133FAC
:10EDC000AF64503F39B0143F1F7A4F3FD9F6153F1B
:10EDD000908D4E3F073C173F029F4D3FC07F183F2D
:10EDE00079AE4C3F00C2193FF8BB4B3FC6021B3FF8
:10EDF0007FC74A3F0C421C3F12D1493FD17F1D3F84
:10EE0000B3D8483F12BC1E3F65DE473FCBF61F3FDD
:10EE10002AE2463FF92F213F03E4453F9967223F0D
:10EE2000F5E3443FA99D233F00E2433F25D2243F21
:10EE300029DE423F0A05263F70D8413F5636273F1C
:10EE4000DAD0403F0566283F67C73F3F1594293F0A
:10EE50001BBC3E3F82C02A3FF9AE3D3F4AEB2B3FF1
:10EE600003A03C3F69142D3F3B8F3B3FDE3B2E3FD1
:10EE7000A47C3A3FA5612F3F4268393FBB85303FB4
:10EE80001652383F1DA8313F233A373FC9C8323F99
:10EE90006C20363FBCE7333FF304353FF304353F86
:10EEA000BCE7333F6C20363FC9C8323F233A373F77
:10EEB0001DA8313F1652383FBB85303F4268393F6D
:10EEC000A5612F3FA47C3A3FDE3B2E3F3B8F3B3F6B
:10EED00069142D3F03A03C3F4AEB2B3FF9AE3D3F69
:10EEE00082C02A3F1BBC3E3F1594293F67C73F3F66
:10EEF0000566283FDAD0403F5636273F70D8413F5D
:10EF00000A05263F29DE423F25D2243F00E2433F47
:10EF1000A99D233FF5E3443F9967223F03E4453F22
:10EF2000F92F213F2AE2463FCBF61F3F65DE473FE0
:10EF300012BC1E3FB3D8483FD17F1D3F12D1493F7D
:10EF40000C421C3F7FC74A3FC6021B3FF8BB4B3FEA
:10EF500000C2193F79AE4C3FC07F183F029F4D3F22
:10EF6000073C173F908D4E3FD9F6153F1F7A4F3F14
:10EF700039B0143FAF64503F2A68133F3D4D513FB5
:10EF8000B01E123FC633523FCDD3103F4918533FF6
:10EF900084870F3FC3FA533FDA390E3F31DB543FCA
:10EFA000D0EA0C3F93B9553F6B9A0B3FE595563F1E
:10EFB000AD480A3F2670573F9BF5083F5348583FDE
:10EFC00036A1073F6A1E593F824B063F6AF2593FFE
:10EFD00084F4043F50C45A3F3D9C033F1A945B3F66
:10EFE000B142023FC7615C3FE4E7003F532D5D3F04
:10EFF000B217FF3EBEF65D3F275DFC3E05BE5E3F9D
:10F000002DA0F93E27835F3FCBE0F63E2146603FCF
:10F01000071FF43EF206613FEA5AF13E98C5613F90
:10F020007994EE3E1082623FBBCBEB3E5A3C633F8D
:10F03000B700E93E73F4633F7533E63E59AA643F77
:10F04000FA63E33E0B5E653F4F92E03E880F663FFA
:10F0500079BEDD3ECCBE663F80E8DA3ED86B673FC6
:10F060006B10D83EA816683F4136D53E3CBF683F7E
:10F07000095AD23E9165693FCA7BCF3EA7096A3FD4
:10F080008B9BCC3E7BAB6A3F53B9C93E0C4B6B3F6D
:10F0900029D5C63E58E86B3F15EFC33E5E836C3FF3
:10F0A0001E07C13E1D1C6D3F4A1DBE3E93B26D3F03
:10F0B000A031BB3EBE466E3F2A44B83E9ED86E3F4E
:10F0C000EC54B53E30686F3FEF63B23E73F56F3F6F
:10F0D0003A71AF3E6680703FD47CAC3E0809713F08
:10F0E000C486A93E578F713F128FA63E5213723FBE
:10F0F000C595A33EF894723FE59AA03E4714733F2E
:10F10000789E9D3E3F91733F86A09A3EDD0B743FF3
:10F1100017A1973E2284743F31A0943E0BFA743FAE
:10F12000DD9D913E976D753F229A8E3EC6DE753FFE
:10F1300007958B3E974D763F938E883E07BA763F74
:10F14000CE86853E1724773FC07D823EC58B773FB4
:10F15000E1E67E3E10F1773FCCCF783EF853783F22
:10F1600051B6723E7BB4783F7F9A6C3E9812793FDD
:10F17000667C663E4E6E793F135C603E9DC7793F6C
:10F1800097395A3E841E7A3F0115543E02737A3FE6
:10F1900060EE4D3E16C57A3FC2C5473EBE147B3F6A
:10F1A000379B413EFC617B3FCF6E3B3ECDAC7B3F0E
:10F1B0009840353E31F57B3FA2102F3E283B7C3FE7
:10F1C000FCDE283EB07E7C3FB6AB223EC9BF7C3F12
:10F1D000DE761C3E73FE7C3F8340163EAC3A7D3F9C
:10F1E000B708103E74747D3F86CF093ECCAB7D3F9F
:10F1F0000295033EB1E07D3F73B2FA3D24137E3F9A
:10F200007638EE3D23437E3F2EBCE13DB0707E3F1D
:10F21000B93DD53DC99B7E3F36BDC83D6DC47E3FDF
:10F22000C33ABC3D9DEA7E3F80B6AF3D580E7F3F5E
:10F230008C30A33D9D2F7F3F05A9963D6D4E7F3FAE
:10F240000A208A3DC76A7F3F742B7B3DAB847F3F9A
:10F250006814623D189C7F3F2FFB483D0FB17F3FF4
:10F2600007E02F3D8FC37F3F2CC3163D98D37F3FD0
:10F27000B949FB3C29E17F3FB00AC93C43EC7F3FE1
:10F28000B6C9963CE6F47F3F900E493C11FB7F3FA8
:10F29000890FC93BC4FE7F3F000000000000803F93
:10F2A000890FC9BBC4FE7F3F900E49BC11FB7F3F55
:10F2B000B6C996BCE6F47F3FB00AC9BC43EC7F3FB9
:10F2C000B949FBBC29E17F3F2CC316BD98D37F3FD2
:10F2D00007E02FBD8FC37F3F2FFB48BD0FB17F3F9E
:10F2E000681462BD189C7F3F742B7BBDAB847F3F4D
:10F2F0000A208ABDC76A7F3F05A996BD6D4E7F3F34
:10F300008C30A3BD9D2F7F3F80B6AFBD580E7F3F91
:10F31000C33ABCBD9DEA7E3F36BDC8BD6DC47E3FCD
:10F32000B93DD5BDC99B7E3F2EBCE1BDB0707E3FCF
:10F330007638EEBD23437E3F73B2FABD24137E3F81
:10F34000029503BEB1E07D3F86CF09BECCAB7D3FC9
:10F35000B70810BE74747D3F834016BEAC3A7D3F43
:10F36000DE761CBE73FE7C3FB6AB22BEC9BF7C3FBF
:10F37000FCDE28BEB07E7C3FA2102FBE283B7C3F27
:10F38000984035BE31F57B3FCF6E3BBECDAC7B3F69
:10F39000379B41BEFC617B3FC2C547BEBE147B3F6D
:10F3A00060EE4DBE16C57A3F011554BE02737A3F1A
:10F3B00097395ABE841E7A3F135C60BE9DC7793F61
:10F3C000667C66BE4E6E793F7F9A6CBE9812793F1E
:10F3D00051B672BE7BB4783FCCCF78BEF853783F3D
:10F3E000E1E67EBE10F1773FC07D82BEC58B773FE0
:10F3F000CE8685BE1724773F938E88BE07BA763FA8
:10F4000007958BBE974D763F229A8EBEC6DE753F1E
:10F41000DD9D91BE976D753F31A094BE0BFA743F90
:10F4200017A197BE2284743F86A09ABEDD0B743F5D
:10F43000789E9DBE3F91733FE59AA0BE4714733FEF
:10F44000C595A3BEF894723F128FA6BE5213723FA9
:10F45000C486A9BE578F713FD47CACBE0809713FEA
:10F460003A71AFBE6680703FEF63B2BE73F56F3F17
:10F47000EC54B5BE30686F3F2A44B8BE9ED86E3F8C
:10F48000A031BBBEBE466E3F4A1DBEBE93B26D3FAD
:10F490001E07C1BE1D1C6D3F15EFC3BE5E836C3FD2
:10F4A00029D5C6BE58E86B3F53B9C9BE0C4B6B3F5C
:10F4B0008B9BCCBE7BAB6A3FCA7BCFBEA7096A3FA2
:10F4C000095AD2BE9165693F4136D5BE3CBF683FFF
:10F4D0006B10D8BEA816683F80E8DABED86B673FCD
:10F4E00079BEDDBECCBE663F4F92E0BE880F663F60
:10F4F000FA63E3BE0B5E653F7533E6BE59AA643F0F
:10F50000B700E9BE73F4633FBBCBEBBE5A3C633F2D
:10F510007994EEBE1082623FEA5AF1BE98C5613F0F
:10F52000071FF4BEF206613FCBE0F6BE2146603F06
:10F530002DA0F9BE27835F3F275DFCBE05BE5E3F61
:10F54000B217FFBEBEF65D3FE4E700BF532D5D3F3F
:10F55000B14202BFC7615C3F3D9C03BF1A945B3F51
:10F5600084F404BF50C45A3F824B06BF6AF2593F2D
:10F5700036A107BF6A1E593F9BF508BF5348583F45
:10F58000AD480ABF2670573F6B9A0BBFE595563FB3
:10F59000D0EA0CBF93B9553FDA390EBF31DB543F87
:10F5A00084870FBFC3FA533FCDD310BF4918533FD1
:10F5B000B01E12BFC633523F2A6813BF3D4D513FA4
:10F5C00039B014BFAF64503FD9F615BF1F7A4F3F13
:10F5D000073C17BF908D4E3FC07F18BF029F4D3F25
:10F5E00000C219BF79AE4C3FC6021BBFF8BB4B3FF0
:10F5F0000C421CBF7FC74A3FD17F1DBF12D1493F7C
:10F6000012BC1EBFB3D8483FCBF61FBF65DE473FD5
:10F61000F92F21BF2AE2463F996722BF03E4453F05
:10F62000A99D23BFF5E3443F25D224BF00E2433F19
:10F630000A0526BF29DE423F563627BF70D8413F14
:10F64000056628BFDAD0403F159429BF67C73F3F02
:10F6500082C02ABF1BBC3E3F4AEB2BBFF9AE3D3FE9
:10F6600069142DBF03A03C3FDE3B2EBF3B8F3B3FC9
:10F67000A5612FBFA47C3A3FBB8530BF4268393FAC
:10F680001DA831BF1652383FC9C832BF233A373F91
:10F69000BCE733BF6C20363FF30435BFF304353F7E
:10F6A0006C2036BFBCE7333F233A37BFC9C8323F6F
:10F6B000165238BF1DA8313F426839BFBB85303F65
:10F6C000A47C3ABFA5612F3F3B8F3BBFDE3B2E3F63
:10F6D00003A03CBF69142D3FF9AE3DBF4AEB2B3F61
:10F6E0001BBC3EBF82C02A3F67C73FBF1594293F5E
:10F6F000DAD040BF0566283F70D841BF5636273F55
:10F7000029DE42BF0A05263F00E243BF25D2243F3F
:10F71000F5E344BFA99D233F03E445BF9967223F1A
:10F720002AE246BFF92F213F65DE47BFCBF61F3FD8
:10F73000B3D848BF12BC1E3F12D149BFD17F1D3F75
:10F740007FC74ABF0C421C3FF8BB4BBFC6021B3FE2
:10F7500079AE4CBF00C2193F029F4DBFC07F183F1A
:10F76000908D4EBF073C173F1F7A4FBFD9F6153F0C
:10F77000AF6450BF39B0143F3D4D51BF2A68133FAD
:10F78000C63352BFB01E123F491853BFCDD3103FEE
:10F79000C3FA53BF84870F3F31DB54BFDA390E3FC2
:10F7A00093B955BFD0EA0C3FE59556BF6B9A0B3F16
:10F7B000267057BFAD480A3F534858BF9BF5083FD6
:10F7C0006A1E59BF36A1073F6AF259BF824B063FF6
:10F7D00050C45ABF84F4043F1A945BBF3D9C033F5E
:10F7E000C7615CBFB142023F532D5DBFE4E7003FFC
:10F7F000BEF65DBFB217FF3E05BE5EBF275DFC3E95
:10F8000027835FBF2DA0F93E214660BFCBE0F63EC7
:10F81000F20661BF071FF43E98C561BFEA5AF13E88
:10F82000108262BF7994EE3E5A3C63BFBBCBEB3E85
:10F8300073F463BFB700E93E59AA64BF7533E63E6F
:10F840000B5E65BFFA63E33E880F66BF4F92E03EF2
:10F85000CCBE66BF79BEDD3ED86B67BF80E8DA3EBE
:10F86000A81668BF6B10D83E3CBF68BF4136D53E76
:10F87000916569BF095AD23EA7096ABFCA7BCF3ECC
:10F880007BAB6ABF8B9BCC3E0C4B6BBF53B9C93E65
:10F8900058E86BBF29D5C63E5E836CBF15EFC33EEB
:10F8A0001D1C6DBF1E07C13E93B26DBF4A1DBE3EFB
:10F8B000BE466EBFA031BB3E9ED86EBF2A44B83E46
:10F8C00030686FBFEC54B53E73F56FBFEF63B23E67
:10F8D000668070BF3A71AF3E080971BFD47CAC3E00
:10F8E000578F71BFC486A93E521372BF128FA63EB6
:10F8F000F89472BFC595A33E471473BFE59AA03E26
:10F900003F9173BF789E9D3EDD0B74BF86A09A3EEB
:10F91000228474BF17A1973E0BFA74BF31A0943EA6
:10F92000976D75BFDD9D913EC6DE75BF229A8E3EF6
:10F93000974D76BF07958B3E07BA76BF938E883E6C
:10F94000172477BFCE86853EC58B77BFC07D823EAC
:10F9500010F177BFE1E67E3EF85378BFCCCF783E1A
:10F960007BB478BF51B6723E981279BF7F9A6C3ED5
:10F970004E6E79BF667C663E9DC779BF135C603E64
:10F98000841E7ABF97395A3E02737ABF0115543EDE
:10F9900016C57ABF60EE4D3EBE147BBFC2C5473E62
:10F9A000FC617BBF379B413ECDAC7BBFCF6E3B3E06
:10F9B00031F57BBF9840353E283B7CBFA2102F3EDF
:10F9C000B07E7CBFFCDE283EC9BF7CBFB6AB223E0A
:10F9D00073FE7CBFDE761C3EAC3A7DBF8340163E94
:10F9E00074747DBFB708103ECCAB7DBF86CF093E97
:10F9F000B1E07DBF0295033E24137EBF73B2FA3D92
:10FA000023437EBF7638EE3DB0707EBF2EBCE13D15
:10FA1000C99B7EBFB93DD53D6DC47EBF36BDC83DD7
:10FA20009DEA7EBFC33ABC3D580E7FBF80B6AF3D56
:10FA30009D2F7FBF8C30A33D6D4E7FBF05A9963DA6
:10FA4000C76A7FBF0A208A3DAB847FBF742B7B3D92
:10FA5000189C7FBF6814623D0FB17FBF2FFB483DEC
:10FA60008FC37FBF07E02F3D98D37FBF2CC3163DC8
:10FA700029E17FBFB949FB3C43EC7FBFB00AC93CD9
:10FA8000E6F47FBFB6C9963C11FB7FBF900E493CA0
:10FA9000C4FE7FBF890FC93B000080BF000000008B
:10FAA000C4FE7FBF890FC9BB11FB7FBF900E49BC4D
:10FAB000E6F47FBFB6C996BC43EC7FBFB00AC9BCB1
:10FAC00029E17FBFB949FBBC98D37FBF2CC316BDCA
:10FAD0008FC37FBF07E02FBD0FB17FBF2FFB48BD96
:10FAE000189C7FBF681462BDAB847FBF742B7BBD45
:10FAF000C76A7FBF0A208ABD6D4E7FBF05A996BD2C
:10FB00009D2F7FBF8C30A3BD580E7FBF80B6AFBD89
:10FB10009DEA7EBFC33ABCBD6DC47EBF36BDC8BDC5
:10FB2000C99B7EBFB93DD5BDB0707EBF2EBCE1BDC7
:10FB300023437EBF7638EEBD24137EBF73B2FABD79
:10FB4000B1E07DBF029503BECCAB7DBF86CF09BEC1
:10FB500074747DBFB70810BEAC3A7DBF834016BE3B
:10FB600073FE7CBFDE761CBEC9BF7CBFB6AB22BEB7
:10FB7000B07E7CBFFCDE28BE283B7CBFA2102FBE1F
:10FB800031F57BBF984035BECDAC7BBFCF6E3BBE61
:10FB9000FC617BBF379B41BEBE147BBFC2C547BE65
:10FBA00016C57ABF60EE4DBE02737ABF011554BE12
:10FBB000841E7ABF97395ABE9DC779BF135C60BE59
:10FBC0004E6E79BF667C66BE981279BF7F9A6CBE16
:10FBD0007BB478BF51B672BEF85378BFCCCF78BE35
:10FBE00010F177BFE1E67EBEC58B77BFC07D82BED8
:10FBF000172477BFCE8685BE07BA76BF938E88BEA0
:10FC0000974D76BF07958BBEC6DE75BF229A8EBE16
:10FC1000976D75BFDD9D91BE0BFA74BF31A094BE88
:10FC2000228474BF17A197BEDD0B74BF86A09ABE55
:10FC30003F9173BF789E9DBE471473BFE59AA0BEE7
:10FC4000F89472BFC595A3BE521372BF128FA6BEA1
:10FC5000578F71BFC486A9BE080971BFD47CACBEE2
:10FC6000668070BF3A71AFBE73F56FBFEF63B2BE0F
:10FC700030686FBFEC54B5BE9ED86EBF2A44B8BE84
:10FC8000BE466EBFA031BBBE93B26DBF4A1DBEBEA5
:10FC90001D1C6DBF1E07C1BE5E836CBF15EFC3BECA
:10FCA00058E86BBF29D5C6BE0C4B6BBF53B9C9BE54
:10FCB0007BAB6ABF8B9BCCBEA7096ABFCA7BCFBE9A
:10FCC000916569BF095AD2BE3CBF68BF4136D5BEF7
:10FCD000A81668BF6B10D8BED86B67BF80E8DABEC5
:10FCE000CCBE66BF79BEDDBE880F66BF4F92E0BE58
:10FCF0000B5E65BFFA63E3BE59AA64BF7533E6BE07
:10FD000073F463BFB700E9BE5A3C63BFBBCBEBBE25
:10FD1000108262BF7994EEBE98C561BFEA5AF1BE07
:10FD2000F20661BF071FF4BE214660BFCBE0F6BEFE
:10FD300027835FBF2DA0F9BE05BE5EBF275DFCBE59
:10FD4000BEF65DBFB217FFBE532D5DBFE4E700BF37
:10FD5000C7615CBFB14202BF1A945BBF3D9C03BF49
:10FD600050C45ABF84F404BF6AF259BF824B06BF25
:10FD70006A1E59BF36A107BF534858BF9BF508BF3D
:10FD8000267057BFAD480ABFE59556BF6B9A0BBFAB
:10FD900093B955BFD0EA0CBF31DB54BFDA390EBF7F
:10FDA000C3FA53BF84870FBF491853BFCDD310BFC9
:10FDB000C63352BFB01E12BF3D4D51BF2A6813BF9C
:10FDC000AF6450BF39B014BF1F7A4FBFD9F615BF0B
:10FDD000908D4EBF073C17BF029F4DBFC07F18BF1D
:10FDE00079AE4CBF00C219BFF8BB4BBFC6021BBFE8
:10FDF0007FC74ABF0C421CBF12D149BFD17F1DBF74
:10FE0000B3D848BF12BC1EBF65DE47BFCBF61FBFCD
:10FE10002AE246BFF92F21BF03E445BF996722BFFD
:10FE2000F5E344BFA99D23BF00E243BF25D224BF11
:10FE300029DE42BF0A0526BF70D841BF563627BF0C
:10FE4000DAD040BF056628BF67C73FBF159429BFFA
:10FE50001BBC3EBF82C02ABFF9AE3DBF4AEB2BBFE1
:10FE600003A03CBF69142DBF3B8F3BBFDE3B2EBFC1
:10FE7000A47C3ABFA5612FBF426839BFBB8530BFA4
:10FE8000165238BF1DA831BF233A37BFC9C832BF89
:10FE90006C2036BFBCE733BFF30435BFF30435BF76
:10FEA000BCE733BF6C2036BFC9C832BF233A37BF67
:10FEB0001DA831BF165238BFBB8530BF426839BF5D
:10FEC000A5612FBFA47C3ABFDE3B2EBF3B8F3BBF5B
:10FED00069142DBF03A03CBF4AEB2BBFF9AE3DBF59
:10FEE00082C02ABF1BBC3EBF159429BF67C73FBF56
:10FEF000056628BFDAD040BF563627BF70D841BF4D
:10FF00000A0526BF29DE42BF25D224BF00E243BF37
:10FF1000A99D23BFF5E344BF996722BF03E445BF12
:10FF2000F92F21BF2AE246BFCBF61FBF65DE47BFD0
:10FF300012BC1EBFB3D848BFD17F1DBF12D149BF6D
:10FF40000C421CBF7FC74ABFC6021BBFF8BB4BBFDA
:10FF500000C219BF79AE4CBFC07F18BF029F4DBF12
:10FF6000073C17BF908D4EBFD9F615BF1F7A4FBF04
:10FF700039B014BFAF6450BF2A6813BF3D4D51BFA5
:10FF8000B01E12BFC63352BFCDD310BF491853BFE6
:10FF900084870FBFC3FA53BFDA390EBF31DB54BFBA
:10FFA000D0EA0CBF93B955BF6B9A0BBFE59556BF0E
:10FFB000AD480ABF267057BF9BF508BF534858BFCE
:10FFC00036A107BF6A1E59BF824B06BF6AF259BFEE
:10FFD00084F404BF50C45ABF3D9C03BF1A945BBF56
:10FFE000B14202BFC7615CBFE4E700BF532D5DBFF4
:10FFF000B217FFBEBEF65DBF275DFCBE05BE5EBF8D
:020000040802F0
:100000002DA0F9BE27835FBFCBE0F6BE214660BFBF
:10001000071FF4BEF20661BFEA5AF1BE98C561BF80
:100020007994EEBE108262BFBBCBEBBE5A3C63BF7D
:10003000B700E9BE73F463BF7533E6BE59AA64BF67
:10004000FA63E3BE0B5E65BF4F92E0BE880F66BFEA
:1000500079BEDDBECCBE66BF80E8DABED86B67BFB6
:100060006B10D8BEA81668BF4136D5BE3CBF68BF6E
:10007000095AD2BE916569BFCA7BCFBEA7096ABFC4
:100080008B9BCCBE7BAB6ABF53B9C9BE0C4B6BBF5D
:1000900029D5C6BE58E86BBF15EFC3BE5E836CBFE3
:1000A0001E07C1BE1D1C6DBF4A1DBEBE93B26DBFF3
:1000B000A031BBBEBE466EBF2A44B8BE9ED86EBF3E
:1000C000EC54B5BE30686FBFEF63B2BE73F56FBF5F
:1000D0003A71AFBE668070BFD47CACBE080971BFF8
:1000E000C486A9BE578F71BF128FA6BE521372BFAE
:1000F000C595A3BEF89472BFE59AA0BE471473BF1E
:10010000789E9DBE3F9173BF86A09ABEDD0B74BFE3
:1001100017A197BE228474BF31A094BE0BFA74BF9E
:10012000DD9D91BE976D75BF229A8EBEC6DE75BFEE
:1001300007958BBE974D76BF938E88BE07BA76BF64
:10014000CE8685BE172477BFC07D82BEC58B77BFA4
:10015000E1E67EBE10F177BFCCCF78BEF85378BF12
:1001600051B672BE7BB478BF7F9A6CBE981279BFCD
:10017000667C66BE4E6E79BF135C60BE9DC779BF5C
:1001800097395ABE841E7ABF011554BE02737ABFD6
:1001900060EE4DBE16C57ABFC2C547BEBE147BBF5A
:1001A000379B41BEFC617BBFCF6E3BBECDAC7BBFFE
:1001B000984035BE31F57BBFA2102FBE283B7CBFD7
:1001C000FCDE28BEB07E7CBFB6AB22BEC9BF7CBF02
:1001D000DE761CBE73FE7CBF834016BEAC3A7DBF8C
:1001E000B70810BE74747DBF86CF09BECCAB7DBF8F
:1001F000029503BEB1E07DBF73B2FABD24137EBF8A
:100200007638EEBD23437EBF2EBCE1BDB0707EBF0D
:10021000B93DD5BDC99B7EBF36BDC8BD6DC47EBFCF
:10022000C33ABCBD9DEA7EBF80B6AFBD580E7FBF4E
:100230008C30A3BD9D2F7FBF05A996BD6D4E7FBF9E
:100240000A208ABDC76A7FBF742B7BBDAB847FBF8A
:10025000681462BD189C7FBF2FFB48BD0FB17FBFE4
:1002600007E02FBD8FC37FBF2CC316BD98D37FBFC0
:10027000B949FBBC29E17FBFB00AC9BC43EC7FBFD1
:10028000B6C996BCE6F47FBF900E49BC11FB7FBF98
:10029000890FC9BBC4FE7FBF00000080000080BF83
:1002A000890FC93BC4FE7FBF900E493C11FB7FBF45
:1002B000B6C9963CE6F47FBFB00AC93C43EC7FBFA9
:1002C000B949FB3C29E17FBF2CC3163D98D37FBFC2
:1002D00007E02F3D8FC37FBF2FFB483D0FB17FBF8E
:1002E0006814623D189C7FBF742B7B3DAB847FBF3D
:1002F0000A208A3DC76A7FBF05A9963D6D4E7FBF24
:100300008C30A33D9D2F7FBF80B6AF3D580E7FBF81
:10031000C33ABC3D9DEA7EBF36BDC83D6DC47EBFBD
:10032000B93DD53DC99B7EBF2EBCE13DB0707EBFBF
:100330007638EE3D23437EBF73B2FA3D24137EBF71
:100340000295033EB1E07DBF86CF093ECCAB7DBFB9
:10035000B708103E74747DBF8340163EAC3A7DBF33
:10036000DE761C3E73FE7CBFB6AB223EC9BF7CBFAF
:10037000FCDE283EB07E7CBFA2102F3E283B7CBF17
:100380009840353E31F57BBFCF6E3B3ECDAC7BBF59
:10039000379B413EFC617BBFC2C5473EBE147BBF5D
:1003A00060EE4D3E16C57ABF0115543E02737ABF0A
:1003B00097395A3E841E7ABF135C603E9DC779BF51
:1003C000667C663E4E6E79BF7F9A6C3E981279BF0E
:1003D00051B6723E7BB478BFCCCF783EF85378BF2D
:1003E000E1E67E3E10F177BFC07D823EC58B77BFD0
:1003F000CE86853E172477BF938E883E07BA76BF98
:1004000007958B3E974D76BF229A8E3EC6DE75BF0E
:10041000DD9D913E976D75BF31A0943E0BFA74BF80
:1004200017A1973E228474BF86A09A3EDD0B74BF4D
:10043000789E9D3E3F9173BFE59AA03E471473BFDF
:10044000C595A33EF89472BF128FA63E521372BF99
:10045000C486A93E578F71BFD47CAC3E080971BFDA
:100460003A71AF3E668070BFEF63B23E73F56FBF07
:10047000EC54B53E30686FBF2A44B83E9ED86EBF7C
:10048000A031BB3EBE466EBF4A1DBE3E93B26DBF9D
:100490001E07C13E1D1C6DBF15EFC33E5E836CBFC2
:1004A00029D5C63E58E86BBF53B9C93E0C4B6BBF4C
:1004B0008B9BCC3E7BAB6ABFCA7BCF3EA7096ABF92
:1004C000095AD23E916569BF4136D53E3CBF68BFEF
:1004D0006B10D83EA81668BF80E8DA3ED86B67BFBD
:1004E00079BEDD3ECCBE66BF4F92E03E880F66BF50
:1004F000FA63E33E0B5E65BF7533E63E59AA64BFFF
:10050000B700E93E73F463BFBBCBEB3E5A3C63BF1D
:100510007994EE3E108262BFEA5AF13E98C561BFFF
:10052000071FF43EF20661BFCBE0F63E214660BFF6
:100530002DA0F93E27835FBF275DFC3E05BE5EBF51
:10054000B217FF3EBEF65DBFE4E7003F532D5DBF2F
:10055000B142023FC7615CBF3D9C033F1A945BBF41
:1005600084F4043F50C45ABF824B063F6AF259BF1D
:1005700036A1073F6A1E59BF9BF5083F534858BF35
:10058000AD480A3F267057BF6B9A0B3FE59556BFA3
:10059000D0EA0C3F93B955BFDA390E3F31DB54BF77
:1005A00084870F3FC3FA53BFCDD3103F491853BFC1
:1005B000B01E123FC63352BF2A68133F3D4D51BF94
:1005C00039B0143FAF6450BFD9F6153F1F7A4FBF03
:1005D000073C173F908D4EBFC07F183F029F4DBF15
:1005E00000C2193F79AE4CBFC6021B3FF8BB4BBFE0
:1005F0000C421C3F7FC74ABFD17F1D3F12D149BF6C
:1006000012BC1E3FB3D848BFCBF61F3F65DE47BFC5
:10061000F92F213F2AE246BF9967223F03E445BFF5
:10062000A99D233FF5E344BF25D2243F00E243BF09
:100630000A05263F29DE42BF5636273F70D841BF04
:100640000566283FDAD040BF1594293F67C73FBFF2
:1006500082C02A3F1BBC3EBF4AEB2B3FF9AE3DBFD9
:1006600069142D3F03A03CBFDE3B2E3F3B8F3BBFB9
:10067000A5612F3FA47C3ABFBB85303F426839BF9C
:100680001DA8313F165238BFC9C8323F233A37BF81
:10069000BCE7333F6C2036BFF304353FF30435BF6E
:1006A0006C20363FBCE733BF233A373FC9C832BF5F
:1006B0001652383F1DA831BF4268393FBB8530BF55
:1006C000A47C3A3FA5612FBF3B8F3B3FDE3B2EBF53
:1006D00003A03C3F69142DBFF9AE3D3F4AEB2BBF51
:1006E0001BBC3E3F82C02ABF67C73F3F159429BF4E
:1006F000DAD0403F056628BF70D8413F563627BF45
:1007000029DE423F0A0526BF00E2433F25D224BF2F
:10071000F5E3443FA99D23BF03E4453F996722BF0A
:100720002AE2463FF92F21BF65DE473FCBF61FBFC8
:10073000B3D8483F12BC1EBF12D1493FD17F1DBF65
:100740007FC74A3F0C421CBFF8BB4B3FC6021BBFD2
:1007500079AE4C3F00C219BF029F4D3FC07F18BF0A
:10076000908D4E3F073C17BF1F7A4F3FD9F615BFFC
:10077000AF64503F39B014BF3D4D513F2A6813BF9D
:10078000C633523FB01E12BF4918533FCDD310BFDE
:10079000C3FA533F84870FBF31DB543FDA390EBFB2
:1007A00093B9553FD0EA0CBFE595563F6B9A0BBF06
:1007B0002670573FAD480ABF5348583F9BF508BFC6
:1007C0006A1E593F36A107BF6AF2593F824B06BFE6
:1007D00050C45A3F84F404BF1A945B3F3D9C03BF4E
:1007E000C7615C3FB14202BF532D5D3FE4E700BFEC
:1007F000BEF65D3FB217FFBE05BE5E3F275DFCBE85
:1008000027835F3F2DA0F9BE2146603FCBE0F6BEB7
:10081000F206613F071FF4BE98C5613FEA5AF1BE78
:100820001082623F7994EEBE5A3C633FBBCBEBBE75
:1008300073F4633FB700E9BE59AA643F7533E6BE5F
:100840000B5E653FFA63E3BE880F663F4F92E0BEE2
:10085000CCBE663F79BEDDBED86B673F80E8DABEAE
:10086000A816683F6B10D8BE3CBF683F4136D5BE66
:100870009165693F095AD2BEA7096A3FCA7BCFBEBC
:100880007BAB6A3F8B9BCCBE0C4B6B3F53B9C9BE55
:1008900058E86B3F29D5C6BE5E836C3F15EFC3BEDB
:1008A0001D1C6D3F1E07C1BE93B26D3F4A1DBEBEEB
:1008B000BE466E3FA031BBBE9ED86E3F2A44B8BE36
:1008C00030686F3FEC54B5BE73F56F3FEF63B2BE57
:1008D0006680703F3A71AFBE0809713FD47CACBEF0
:1008E000578F713FC486A9BE5213723F128FA6BEA6
:1008F000F894723FC595A3BE4714733FE59AA0BE16
:100900003F91733F789E9DBEDD0B743F86A09ABEDB
:100910002284743F17A197BE0BFA743F31A094BE96
:10092000976D753FDD9D91BEC6DE753F229A8EBEE6
:10093000974D763F07958BBE07BA763F938E88BE5C
:100940001724773FCE8685BEC58B773FC07D82BE9C
:1009500010F1773FE1E67EBEF853783FCCCF78BE0A
:100960007BB4783F51B672BE9812793F7F9A6CBEC5
:100970004E6E793F667C66BE9DC7793F135C60BE54
:10098000841E7A3F97395ABE02737A3F011554BECE
:1009900016C57A3F60EE4DBEBE147B3FC2C547BE52
:1009A000FC617B3F379B41BECDAC7B3FCF6E3BBEF6
:1009B00031F57B3F984035BE283B7C3FA2102FBECF
:1009C000B07E7C3FFCDE28BEC9BF7C3FB6AB22BEFA
:1009D00073FE7C3FDE761CBEAC3A7D3F834016BE84
:1009E00074747D3FB70810BECCAB7D3F86CF09BE87
:1009F000B1E07D3F029503BE24137E3F73B2FABD82
:100A000023437E3F7638EEBDB0707E3F2EBCE1BD05
:100A1000C99B7E3FB93DD5BD6DC47E3F36BDC8BDC7
:100A20009DEA7E3FC33ABCBD580E7F3F80B6AFBD46
:100A30009D2F7F3F8C30A3BD6D4E7F3F05A996BD96
:100A4000C76A7F3F0A208ABDAB847F3F742B7BBD82
:100A5000189C7F3F681462BD0FB17F3F2FFB48BDDC
:100A60008FC37F3F07E02FBD98D37F3F2CC316BDB8
:100A700029E17F3FB949FBBC43EC7F3FB00AC9BCC9
:100A8000E6F47F3FB6C996BC11FB7F3F900E49BC90
:100A9000C4FE7F3F890FC9BB0000803F00000000FB
:100AA0000FB17F3F2FFB483D6DC47E3F36BDC83D33
:100AB000AC3A7D3F8340163EBE147B3FC2C5473EE5
:100AC000F853783FCCCF783E0BFA743F31A0943E78
:100AD0000809713FD47CAC3E5E836C3F15EFC33E8A
:100AE000D86B673F80E8DA3E98C5613FEA5AF13E2D
:100AF0001A945B3F3D9C033F31DB543FDA390E3F94
:100B0000029F4D3FC07F183F03E4453F9967223F56
:100B1000F9AE3D3F4AEB2B3FF304353FF304353F3D
:100B20004AEB2B3FF9AE3D3F9967223F03E4453F37
:100B3000C07F183F029F4D3FDA390E3F31DB543FF3
:100B40003D9C033F1A945B3FEA5AF13E98C5613FD2
:100B500080E8DA3ED86B673F15EFC33E5E836C3F9B
:100B6000D47CAC3E0809713F31A0943E0BFA743F2F
:100B7000CCCF783EF853783FC2C5473EBE147B3F8A
:100B80008340163EAC3A7D3F36BDC83D6DC47E3FC6
:100B90002FFB483D0FB17F3F000000000000803F69
:100BA0002FFB48BD0FB17F3F36BDC8BD6DC47E3F32
:100BB000834016BEAC3A7D3FC2C547BEBE147B3FE4
:100BC000CCCF78BEF853783F31A094BE0BFA743F77
:100BD000D47CACBE0809713F15EFC3BE5E836C3F89
:100BE00080E8DABED86B673FEA5AF1BE98C5613F2C
:100BF0003D9C03BF1A945B3FDA390EBF31DB543F93
:100C0000C07F18BF029F4D3F996722BF03E4453F55
:100C10004AEB2BBFF9AE3D3FF30435BFF304353F3C
:100C2000F9AE3DBF4AEB2B3F03E445BF9967223F36
:100C3000029F4DBFC07F183F31DB54BFDA390E3FF2
:100C40001A945BBF3D9C033F98C561BFEA5AF13ED1
:100C5000D86B67BF80E8DA3E5E836CBF15EFC33E9A
:100C6000080971BFD47CAC3E0BFA74BF31A0943E2E
:100C7000F85378BFCCCF783EBE147BBFC2C5473E89
:100C8000AC3A7DBF8340163E6DC47EBF36BDC83DC5
:100C90000FB17FBF2FFB483D000080BF0000000068
:100CA0000FB17FBF2FFB48BD6DC47EBF36BDC8BD31
:100CB000AC3A7DBF834016BEBE147BBFC2C547BEE3
:100CC000F85378BFCCCF78BE0BFA74BF31A094BE76
:100CD000080971BFD47CACBE5E836CBF15EFC3BE88
:100CE000D86B67BF80E8DABE98C561BFEA5AF1BE2B
:100CF0001A945BBF3D9C03BF31DB54BFDA390EBF92
:100D0000029F4DBFC07F18BF03E445BF996722BF54
:100D1000F9AE3DBF4AEB2BBFF30435BFF30435BF3B
:100D20004AEB2BBFF9AE3DBF996722BF03E445BF35
:100D3000C07F18BF029F4DBFDA390EBF31DB54BFF1
:100D40003D9C03BF1A945BBFEA5AF1BE98C561BFD0
:100D500080E8DABED86B67BF15EFC3BE5E836CBF99
:100D6000D47CACBE080971BF31A094BE0BFA74BF2D
:100D7000CCCF78BEF85378BFC2C547BEBE147BBF88
:100D8000834016BEAC3A7DBF36BDC8BD6DC47EBFC4
:100D90002FFB48BD0FB17FBF00000080000080BF67
:100DA0002FFB483D0FB17FBF36BDC83D6DC47EBF30
:100DB0008340163EAC3A7DBFC2C5473EBE147BBFE2
:100DC000CCCF783EF85378BF31A0943E0BFA74BF75
:100DD000D47CAC3E080971BF15EFC33E5E836CBF87
:100DE00080E8DA3ED86B67BFEA5AF13E98C561BF2A
:100DF0003D9C033F1A945BBFDA390E3F31DB54BF91
:100E0000C07F183F029F4DBF9967223F03E445BF53
:100E10004AEB2B3FF9AE3DBFF304353FF30435BF3A
:100E2000F9AE3D3F4AEB2BBF03E4453F996722BF34
:100E3000029F4D3FC07F18BF31DB543FDA390EBFF0
:100E40001A945B3F3D9C03BF98C5613FEA5AF1BECF
:100E5000D86B673F80E8DABE5E836C3F15EFC3BE98
:100E60000809713FD47CACBE0BFA743F31A094BE2C
:100E7000F853783FCCCF78BEBE147B3FC2C547BE87
:100E8000AC3A7D3F834016BE6DC47E3F36BDC8BDC3
:100E90000FB17F3F2FFB48BD0000803F00000000E6
:100EA0005E836C3F15EFC33EF304353FF304353FDB
:100EB00015EFC33E5E836C3F000000000000803FE2
:100EC00015EFC3BE5E836C3FF30435BFF304353FBB
:100ED0005E836CBF15EFC33E000080BF00000000C2
:100EE0005E836CBF15EFC3BEF30435BFF30435BF9B
:100EF00015EFC3BE5E836CBF00000080000080BFA2
:100F000015EFC33E5E836CBFF304353FF30435BF7A
:100F10005E836C3F15EFC3BE0000803F0000000001
:100F2000B1FF7F3FC70F493BC4FE7F3F890FC93BDD
:100F300039FD7F3F59CB163C11FB7F3F900E493C5A
:100F40004AF87F3F4B517B3CE6F47F3FB6C9963C65
:100F5000E3F07F3F69EAAF3C43EC7F3FB00AC93C16
:100F600005E77F3F7B2AE23C29E17F3FB949FB3C13
:100F7000AFDA7F3F2F340A3D98D37F3F2CC3163D15
:100F8000E2CB7F3FCC51233D8FC37F3F07E02F3D16
:100F90009EBA7F3FD56D3C3D0FB17F3F2FFB483D53
:100FA000E3A67F3F0E88553D189C7F3F6814623D45
:100FB000B1907F3F38A06E3DAB847F3F742B7B3D6B
:100FC00008787F3F0ADB833DC76A7F3F0A208A3D5E
:100FD000E95C7F3FB464903D6D4E7F3F05A9963D2F
:100FE000543F7F3FF9EC9C3D9D2F7F3F8C30A33DCC
:100FF000491F7F3FBA73A93D580E7F3F80B6AF3D72
:10100000C9FC7E3FDAF8B53D9DEA7E3FC33ABC3D60
:10101000D4D77E3F397CC23D6DC47E3F36BDC83DCE
:1010200069B07E3FB7FDCE3DC99B7E3FB93DD53D02
:101030008B867E3F377DDB3DB0707E3F2EBCE13D31
:10104000385A7E3F9AFAE73D23437E3F7638EE3D9D
:10105000722B7E3FC075F43D24137E3F73B2FA3D80
:1010600038FA7D3F4577003EB1E07D3F0295033E73
:101070008CC67D3F6EB2063ECCAB7D3F86CF093E2F
:101080006E907D3F4AEC0C3E74747D3FB708103E75
:10109000DE577D3FCA24133EAC3A7D3F8340163E67
:1010A000DD1C7D3FE05B193E73FE7C3FDE761C3E1F
:1010B0006CDF7C3F7B911F3EC9BF7C3FB6AB223EBD
:1010C0008A9F7C3F8CC5253EB07E7C3FFCDE283E5F
:1010D0003A5D7C3F04F82B3E283B7C3FA2102F3E1C
:1010E0007A187C3FD428323E31F57B3F9840353E1C
:1010F0004DD17B3FEC57383ECDAC7B3FCF6E3B3E76
:10110000B2877B3F3E853E3EFC617B3F379B413E45
:10111000AB3B7B3FB9B0443EBE147B3FC2C5473EAC
:1011200037ED7A3F4FDA4A3E16C57A3F60EE4D3EC4
:10113000599C7A3FF101513E02737A3F0115543EAA
:1011400010497A3F8F27573E841E7A3F97395A3E7F
:101150005EF3793F1A4B5D3E9DC7793F135C603E5D
:10116000439B793F836C633E4E6E793F667C663E5F
:10117000C040793FBA8B693E9812793F7F9A6C3EA6
:10118000D6E3783FB2A86F3E7BB4783F51B6723E4B
:101190008684783F5AC3753EF853783FCCCF783E6B
:1011A000D122783FA4DB7B3E10F1773FE1E67E3E23
:1011B000B7BE773FC0F8803EC58B773FC07D823E8B
:1011C0003A58773F7002843E1724773FCE86853E9B
:1011D0005BEF763FDA0A873E07BA763F938E883E0A
:1011E0001B84763FF8118A3E974D763F07958B3EDC
:1011F0007A16763FC0178D3EC6DE753F229A8E3E28
:101200007BA6753F2C1C903E976D753FDD9D913EF2
:101210001D34753F351F933E0BFA743F31A0943E49
:1012200062BF743FD220963E2284743F17A1973E3E
:101230004B48743FFE20993EDD0B743F86A09A3EDA
:10124000D9CE733FAF1F9C3E3F91733F789E9D3E2A
:101250000E53733FDF1C9F3E4714733FE59AA03E39
:10126000EBD4723F8718A23EF894723FC595A33E17
:101270007054723F9F12A53E5213723F128FA63ECA
:101280009FD1713F1F0BA83E578F713FC486A93E67
:101290007A4C713F0102AB3E0809713FD47CAC3EF1
:1012A00002C5703F3CF7AD3E6680703F3A71AF3E7D
:1012B000373B703FCBEAB03E73F56F3FEF63B23E12
:1012C0001BAF6F3FA5DCB33E30686F3FEC54B53EBB
:1012D000B0206F3FC3CCB63E9ED86E3F2A44B83E86
:1012E000F88F6E3F1EBBB93EBE466E3FA031BB3E7F
:1012F000F2FC6D3FAFA7BC3E93B26D3F4A1DBE3EB0
:10130000A1676D3F6F92BF3E1D1C6D3F1E07C13E22
:1013100007D06C3F557BC23E5E836C3F15EFC33EEA
:1013200024366C3F5C62C53E58E86B3F29D5C63E0B
:10133000FB996B3F7C47C83E0C4B6B3F53B9C93E92
:101340008CFB6A3FAE2ACB3E7BAB6A3F8B9BCC3E8D
:10135000D95A6A3FEA0BCE3EA7096A3FCA7BCF3E05
:10136000E4B7693F2AEBD03E9165693F095AD23E06
:10137000AE12693F67C8D33E3CBF683F4136D53E99
:10138000396B683F99A3D63EA816683F6B10D83ECC
:1013900087C1673FB97CD93ED86B673F80E8DA3EAA
:1013A0009915673FC153DC3ECCBE663F79BEDD3E3A
:1013B0007167663FA928DF3E880F663F4F92E03E87
:1013C00010B7653F6AFBE13E0B5E653FFA63E33EA3
:1013D0007904653FFECBE43E59AA643F7533E63E8F
:1013E000AC4F643F5D9AE73E73F4633FB700E93E5C
:1013F000AC98633F8166EA3E5A3C633FBBCBEB3E11
:101400007BDF623F6330ED3E1082623F7994EE3EB7
:101410001A24623FFBF7EF3E98C5613FEA5AF13E5E
:101420008A66613F43BDF23EF206613F071FF43E0C
:10143000CFA6603F3580F53E2146603FCBE0F63ECB
:10144000E9E45F3FC840F83E27835F3F2DA0F93EA7
:10145000DB205F3FF7FEFA3E05BE5E3F275DFC3EA8
:10146000A65A5E3FBBBAFD3EBEF65D3FB217FF3ED9
:101470004D925D3F063A003F532D5D3FE4E7003F4C
:10148000D1C75C3F7395013FC7615C3FB142023FEA
:1014900034FB5B3F9FEF023F1A945B3F3D9C033F51
:1014A000792C5B3F8948043F50C45A3F84F4043F81
:1014B000A05B5A3F2CA0053F6AF2593F824B063F82
:1014C000AD88593F86F6063F6A1E593F36A1073F51
:1014D000A1B3583F924B083F5348583F9BF5083FF4
:1014E0007FDC573F4E9F093F2670573FAD480A3F6C
:1014F0004803573FB7F10A3FE595563F6B9A0B3FBC
:10150000FE27563FC9420C3F93B9553FD0EA0C3FE6
:10151000A44A553F81920D3F31DB543FDA390E3FEB
:101520003B6B543FDBE00E3FC3FA533F84870F3FD2
:10153000C789533FD52D103F4918533FCDD3103F96
:1015400049A6523F6B79113FC633523FB01E123F3E
:10155000C2C0513F9AC3123F3D4D513F2A68133FCD
:1015600037D9503F5F0C143FAF64503F39B0143F40
:10157000A8EF4F3FB753153F1F7A4F3FD9F6153F9E
:1015800017044F3F9F99163F908D4E3F073C173FE2
:1015900089164E3F12DE173F029F4D3FC07F183F16
:1015A000FD264D3F0F21193F79AE4C3F00C2193F38
:1015B00078354C3F93621A3FF8BB4B3FC6021B3F46
:1015C000FA414B3F99A21B3F7FC74A3F0C421C3F49
:1015D000874C4A3F1FE11C3F12D1493FD17F1D3F3D
:1015E0002155493F221E1E3FB3D8483F12BC1E3F23
:1015F000CA5B483F9F591F3F65DE473FCBF61F3F01
:101600008560473F9393203F2AE2463FF92F213FD1
:101610005463463FFBCB213F03E4453F9967223F9C
:101620003964453FD302233FF5E3443FA99D233F5F
:101630003763443F1A38243F00E2433F25D2243F1A
:101640005160433FCB6B253F29DE423F0A05263FD1
:10165000895B423FE39D263F70D8413F5636273F86
:10166000E154413F61CE273FDAD0403F0566283F35
:101670005C4C403F41FD283F67C73F3F1594293FE1
:10168000FC413F3F802A2A3F1BBC3E3F82C02A3F8D
:10169000C5353E3F1B562B3FF9AE3D3F4AEB2B3F36
:1016A000B8273D3F0F802C3F03A03C3F69142D3FDE
:1016B000D9173C3F59A82D3F3B8F3B3FDE3B2E3F88
:1016C00029063B3FF7CE2E3FA47C3A3FA5612F3F32
:1016D000ACF2393FE6F32F3F4268393FBB85303FDC
:1016E00065DD383F2217313F1652383F1DA8313F84
:1016F00055C6373FAA38323F233A373FC9C8323F31
:101700007FAD363F7A58333F6C20363FBCE7333FDE
:10171000E792353F8F76343FF304353FF304353F8E
:101720008F76343FE792353FBCE7333F6C20363F3E
:101730007A58333F7FAD363FC9C8323F233A373FEF
:10174000AA38323F55C6373F1DA8313F1652383FA1
:101750002217313F65DD383FBB85303F4268393F56
:10176000E6F32F3FACF2393FA5612F3FA47C3A3F0F
:10177000F7CE2E3F29063B3FDE3B2E3F3B8F3B3FC4
:1017800059A82D3FD9173C3F69142D3F03A03C3F7A
:101790000F802C3FB8273D3F4AEB2B3FF9AE3D3F32
:1017A0001B562B3FC5353E3F82C02A3F1BBC3E3FE8
:1017B000802A2A3FFC413F3F1594293F67C73F3F9E
:1017C00041FD283F5C4C403F0566283FDAD0403F52
:1017D00061CE273FE154413F5636273F70D8413F05
:1017E000E39D263F895B423F0A05263F29DE423FB3
:1017F000CB6B253F5160433F25D2243F00E2433F5E
:101800001A38243F3763443FA99D233FF5E3443F03
:10181000D302233F3964453F9967223F03E4453FA4
:10182000FBCB213F5463463FF92F213F2AE2463F3D
:101830009393203F8560473FCBF61F3F65DE473FD0
:101840009F591F3FCA5B483F12BC1E3FB3D8483F59
:10185000221E1E3F2155493FD17F1D3F12D1493FD6
:101860001FE11C3F874C4A3F0C421C3F7FC74A3F49
:1018700099A21B3FFA414B3FC6021B3FF8BB4B3FAF
:1018800093621A3F78354C3F00C2193F79AE4C3F06
:101890000F21193FFD264D3FC07F183F029F4D3F4E
:1018A00012DE173F89164E3F073C173F908D4E3F83
:1018B0009F99163F17044F3FD9F6153F1F7A4F3FA8
:1018C000B753153FA8EF4F3F39B0143FAF64503FB7
:1018D0005F0C143F37D9503F2A68133F3D4D513FAD
:1018E0009AC3123FC2C0513FB01E123FC633523F8F
:1018F0006B79113F49A6523FCDD3103F4918533F52
:10190000D52D103FC789533F84870F3FC3FA533FFC
:10191000DBE00E3F3B6B543FDA390E3F31DB543F87
:1019200081920D3FA44A553FD0EA0C3F93B9553FF1
:10193000C9420C3FFE27563F6B9A0B3FE595563F39
:10194000B7F10A3F4803573FAD480A3F2670573F5B
:101950004E9F093F7FDC573F9BF5083F5348583F58
:10196000924B083FA1B3583F36A1073F6A1E593F2B
:1019700086F6063FAD88593F824B063F6AF2593FD3
:101980002CA0053FA05B5A3F84F4043F50C45A3F4B
:101990008948043F792C5B3F3D9C033F1A945B3F91
:1019A0009FEF023F34FB5B3FB142023FC7615C3FA8
:1019B0007395013FD1C75C3FE4E7003F532D5D3F86
:1019C000063A003F4D925D3FB217FF3EBEF65D3FC7
:1019D000BBBAFD3EA65A5E3F275DFC3E05BE5E3F9C
:1019E000F7FEFA3EDB205F3F2DA0F93E27835F3FE5
:1019F000C840F83EE9E45F3FCBE0F63E2146603F59
:101A00003580F53ECFA6603F071FF43EF206613FEA
:101A100043BDF23E8A66613FEA5AF13E98C5613F96
:101A2000FBF7EF3E1A24623F7994EE3E1082623F4C
:101A30006330ED3E7BDF623FBBCBEB3E5A3C633F06
:101A40008166EA3EAC98633FB700E93E73F4633FBA
:101A50005D9AE73EAC4F643F7533E63E59AA643F5A
:101A6000FECBE43E7904653FFA63E33E0B5E653FDF
:101A70006AFBE13E10B7653F4F92E03E880F663F3C
:101A8000A928DF3E7167663F79BEDD3ECCBE663F6A
:101A9000C153DC3E9915673F80E8DA3ED86B673F5B
:101AA000B97CD93E87C1673F6B10D83EA816683F06
:101AB00099A3D63E396B683F4136D53E3CBF683F5F
:101AC00067C8D33EAE12693F095AD23E9165693F5D
:101AD0002AEBD03EE4B7693FCA7BCF3EA7096A3FF5
:101AE000EA0BCE3ED95A6A3F8B9BCC3E7BAB6A3F1A
:101AF000AE2ACB3E8CFB6A3F53B9C93E0C4B6B3FC1
:101B00007C47C83EFB996B3F29D5C63E58E86B3FE2
:101B10005C62C53E24366C3F15EFC33E5E836C3F6E
:101B2000557BC23E07D06C3F1E07C13E1D1C6D3F5A
:101B30006F92BF3EA1676D3F4A1DBE3E93B26D3F9F
:101B4000AFA7BC3EF2FC6D3FA031BB3EBE466E3F30
:101B50001EBBB93EF88F6E3F2A44B83E9ED86E3FFA
:101B6000C3CCB63EB0206F3FEC54B53E30686F3FFB
:101B7000A5DCB33E1BAF6F3FEF63B23E73F56F3F23
:101B8000CBEAB03E373B703F3A71AF3E6680703F64
:101B90003CF7AD3E02C5703FD47CAC3E0809713FB6
:101BA0000102AB3E7A4C713FC486A93E578F713F0C
:101BB0001F0BA83E9FD1713F128FA63E5213723F5A
:101BC0009F12A53E7054723FC595A33EF894723F94
:101BD0008718A23EEBD4723FE59AA03E4714733FAC
:101BE000DF1C9F3E0E53733F789E9D3E3F91733F97
:101BF000AF1F9C3ED9CE733F86A09A3EDD0B743F4B
:101C0000FE20993E4B48743F17A1973E2284743FB3
:101C1000D220963E62BF743F31A0943E0BFA743FCF
:101C2000351F933E1D34753FDD9D913E976D753F89
:101C30002C1C903E7BA6753F229A8E3EC6DE753FD9
:101C4000C0178D3E7A16763F07958B3E974D763FAF
:101C5000F8118A3E1B84763F938E883E07BA763F02
:101C6000DA0A873E5BEF763FCE86853E1724773FC4
:101C70007002843E3A58773FC07D823EC58B773FE5
:101C8000C0F8803EB7BE773FE1E67E3E10F1773F79
:101C9000A4DB7B3ED122783FCCCF783EF853783F0F
:101CA0005AC3753E8684783F51B6723E7BB4783F06
:101CB000B2A86F3ED6E3783F7F9A6C3E9812793F88
:101CC000BA8B693EC040793F667C663E4E6E793F76
:101CD000836C633E439B793F135C603E9DC7793FB5
:101CE0001A4B5D3E5EF3793F97395A3E841E7A3F28
:101CF0008F27573E10497A3F0115543E02737A3FB1
:101D0000F101513E599C7A3F60EE4D3E16C57A3F37
:101D10004FDA4A3E37ED7A3FC2C5473EBE147B3F9D
:101D2000B9B0443EAB3B7B3F379B413EFC617B3FC0
:101D30003E853E3EB2877B3FCF6E3B3ECDAC7B3F88
:101D4000EC57383E4DD17B3F9840353E31F57B3FD7
:101D5000D428323E7A187C3FA2102F3E283B7C3F8D
:101D600004F82B3E3A5D7C3FFCDE283EB07E7C3F93
:101D70008CC5253E8A9F7C3FB6AB223EC9BF7C3FC7
:101D80007B911F3E6CDF7C3FDE761C3E73FE7C3F0A
:101D9000E05B193EDD1C7D3F8340163EAC3A7D3F43
:101DA000CA24133EDE577D3FB708103E74747D3F52
:101DB0004AEC0C3E6E907D3F86CF093ECCAB7D3F1A
:101DC0006EB2063E8CC67D3F0295033EB1E07D3F7C
:101DD0004577003E38FA7D3F73B2FA3D24137E3FCB
:101DE000C075F43D722B7E3F7638EE3D23437E3F37
:101DF0009AFAE73D385A7E3F2EBCE13DB0707E3FF7
:101E0000377DDB3D8B867E3FB93DD53DC99B7E3F0F
:101E1000B7FDCE3D69B07E3F36BDC83D6DC47E3F47
:101E2000397CC23DD4D77E3FC33ABC3D9DEA7E3F5C
:101E3000DAF8B53DC9FC7E3F80B6AF3D580E7F3F16
:101E4000BA73A93D491F7F3F8C30A33D9D2F7F3F33
:101E5000F9EC9C3D543F7F3F05A9963D6D4E7F3F79
:101E6000B464903DE95C7F3F0A208A3DC76A7F3FAA
:101E70000ADB833D08787F3F742B7B3DAB847F3F3B
:101E800038A06E3DB1907F3F6814623D189C7F3F43
:101E90000E88553DE3A67F3F2FFB483D0FB17F3FA6
:101EA000D56D3C3D9EBA7F3F07E02F3D8FC37F3FFE
:101EB000CC51233DE2CB7F3F2CC3163D98D37F3FCF
:101EC0002F340A3DAFDA7F3FB949FB3C29E17F3F20
:101ED0007B2AE23C05E77F3FB00AC93C43EC7F3FE9
:101EE00069EAAF3CE3F07F3FB6C9963CE6F47F3F3A
:101EF0004B517B3C4AF87F3F900E493C11FB7F3FA2
:101F000059CB163C39FD7F3F890FC93BC4FE7F3F4B
:101F1000C70F493BB1FF7F3F000000000000803F3A
:101F2000C70F49BBB1FF7F3F890FC9BBC4FE7F3FCD
:101F300059CB16BC39FD7F3F900E49BC11FB7F3F4A
:101F40004B517BBC4AF87F3FB6C996BCE6F47F3F55
:101F500069EAAFBCE3F07F3FB00AC9BC43EC7F3F06
:101F60007B2AE2BC05E77F3FB949FBBC29E17F3F03
:101F70002F340ABDAFDA7F3F2CC316BD98D37F3F05
:101F8000CC5123BDE2CB7F3F07E02FBD8FC37F3F06
:101F9000D56D3CBD9EBA7F3F2FFB48BD0FB17F3F43
:101FA0000E8855BDE3A67F3F681462BD189C7F3F35
:101FB00038A06EBDB1907F3F742B7BBDAB847F3F5B
:101FC0000ADB83BD08787F3F0A208ABDC76A7F3F4E
:101FD000B46490BDE95C7F3F05A996BD6D4E7F3F1F
:101FE000F9EC9CBD543F7F3F8C30A3BD9D2F7F3FBC
:101FF000BA73A9BD491F7F3F80B6AFBD580E7F3F62
:10200000DAF8B5BDC9FC7E3FC33ABCBD9DEA7E3F50
:10201000397CC2BDD4D77E3F36BDC8BD6DC47E3FBE
:10202000B7FDCEBD69B07E3FB93DD5BDC99B7E3FF2
:10203000377DDBBD8B867E3F2EBCE1BDB0707E3F21
:102040009AFAE7BD385A7E3F7638EEBD23437E3F8D
:10205000C075F4BD722B7E3F73B2FABD24137E3F70
:10206000457700BE38FA7D3F029503BEB1E07D3F63
:102070006EB206BE8CC67D3F86CF09BECCAB7D3F1F
:102080004AEC0CBE6E907D3FB70810BE74747D3F65
:10209000CA2413BEDE577D3F834016BEAC3A7D3F57
:1020A000E05B19BEDD1C7D3FDE761CBE73FE7C3F0F
:1020B0007B911FBE6CDF7C3FB6AB22BEC9BF7C3FAD
:1020C0008CC525BE8A9F7C3FFCDE28BEB07E7C3F4F
:1020D00004F82BBE3A5D7C3FA2102FBE283B7C3F0C
:1020E000D42832BE7A187C3F984035BE31F57B3F0C
:1020F000EC5738BE4DD17B3FCF6E3BBECDAC7B3F66
:102100003E853EBEB2877B3F379B41BEFC617B3F35
:10211000B9B044BEAB3B7B3FC2C547BEBE147B3F9C
:102120004FDA4ABE37ED7A3F60EE4DBE16C57A3FB4
:10213000F10151BE599C7A3F011554BE02737A3F9A
:102140008F2757BE10497A3F97395ABE841E7A3F6F
:102150001A4B5DBE5EF3793F135C60BE9DC7793F4D
:10216000836C63BE439B793F667C66BE4E6E793F4F
:10217000BA8B69BEC040793F7F9A6CBE9812793F96
:10218000B2A86FBED6E3783F51B672BE7BB4783F3B
:102190005AC375BE8684783FCCCF78BEF853783F5B
:1021A000A4DB7BBED122783FE1E67EBE10F1773F13
:1021B000C0F880BEB7BE773FC07D82BEC58B773F7B
:1021C000700284BE3A58773FCE8685BE1724773F8B
:1021D000DA0A87BE5BEF763F938E88BE07BA763FFA
:1021E000F8118ABE1B84763F07958BBE974D763FCC
:1021F000C0178DBE7A16763F229A8EBEC6DE753F18
:102200002C1C90BE7BA6753FDD9D91BE976D753FE2
:10221000351F93BE1D34753F31A094BE0BFA743F39
:10222000D22096BE62BF743F17A197BE2284743F2E
:10223000FE2099BE4B48743F86A09ABEDD0B743FCA
:10224000AF1F9CBED9CE733F789E9DBE3F91733F1A
:10225000DF1C9FBE0E53733FE59AA0BE4714733F29
:102260008718A2BEEBD4723FC595A3BEF894723F07
:102270009F12A5BE7054723F128FA6BE5213723FBA
:102280001F0BA8BE9FD1713FC486A9BE578F713F57
:102290000102ABBE7A4C713FD47CACBE0809713FE1
:1022A0003CF7ADBE02C5703F3A71AFBE6680703F6D
:1022B000CBEAB0BE373B703FEF63B2BE73F56F3F02
:1022C000A5DCB3BE1BAF6F3FEC54B5BE30686F3FAB
:1022D000C3CCB6BEB0206F3F2A44B8BE9ED86E3F76
:1022E0001EBBB9BEF88F6E3FA031BBBEBE466E3F6F
:1022F000AFA7BCBEF2FC6D3F4A1DBEBE93B26D3FA0
:102300006F92BFBEA1676D3F1E07C1BE1D1C6D3F12
:10231000557BC2BE07D06C3F15EFC3BE5E836C3FDA
:102320005C62C5BE24366C3F29D5C6BE58E86B3FFB
:102330007C47C8BEFB996B3F53B9C9BE0C4B6B3F82
:10234000AE2ACBBE8CFB6A3F8B9BCCBE7BAB6A3F7D
:10235000EA0BCEBED95A6A3FCA7BCFBEA7096A3FF5
:102360002AEBD0BEE4B7693F095AD2BE9165693FF6
:1023700067C8D3BEAE12693F4136D5BE3CBF683F89
:1023800099A3D6BE396B683F6B10D8BEA816683FBC
:10239000B97CD9BE87C1673F80E8DABED86B673F9A
:1023A000C153DCBE9915673F79BEDDBECCBE663F2A
:1023B000A928DFBE7167663F4F92E0BE880F663F77
:1023C0006AFBE1BE10B7653FFA63E3BE0B5E653F93
:1023D000FECBE4BE7904653F7533E6BE59AA643F7F
:1023E0005D9AE7BEAC4F643FB700E9BE73F4633F4C
:1023F0008166EABEAC98633FBBCBEBBE5A3C633F01
:102400006330EDBE7BDF623F7994EEBE1082623FA7
:10241000FBF7EFBE1A24623FEA5AF1BE98C5613F4E
:1024200043BDF2BE8A66613F071FF4BEF206613FFC
:102430003580F5BECFA6603FCBE0F6BE2146603FBB
:10244000C840F8BEE9E45F3F2DA0F9BE27835F3F97
:10245000F7FEFABEDB205F3F275DFCBE05BE5E3F98
:10246000BBBAFDBEA65A5E3FB217FFBEBEF65D3FC9
:10247000063A00BF4D925D3FE4E700BF532D5D3F3C
:10248000739501BFD1C75C3FB14202BFC7615C3FDA
:102490009FEF02BF34FB5B3F3D9C03BF1A945B3F41
:1024A000894804BF792C5B3F84F404BF50C45A3F71
:1024B0002CA005BFA05B5A3F824B06BF6AF2593F72
:1024C00086F606BFAD88593F36A107BF6A1E593F41
:1024D000924B08BFA1B3583F9BF508BF5348583FE4
:1024E0004E9F09BF7FDC573FAD480ABF2670573F5C
:1024F000B7F10ABF4803573F6B9A0BBFE595563FAC
:10250000C9420CBFFE27563FD0EA0CBF93B9553FD6
:1025100081920DBFA44A553FDA390EBF31DB543FDB
:10252000DBE00EBF3B6B543F84870FBFC3FA533FC2
:10253000D52D10BFC789533FCDD310BF4918533F86
:102540006B7911BF49A6523FB01E12BFC633523F2E
:102550009AC312BFC2C0513F2A6813BF3D4D513FBD
:102560005F0C14BF37D9503F39B014BFAF64503F30
:10257000B75315BFA8EF4F3FD9F615BF1F7A4F3F8E
:102580009F9916BF17044F3F073C17BF908D4E3FD2
:1025900012DE17BF89164E3FC07F18BF029F4D3F06
:1025A0000F2119BFFD264D3F00C219BF79AE4C3F28
:1025B00093621ABF78354C3FC6021BBFF8BB4B3F36
:1025C00099A21BBFFA414B3F0C421CBF7FC74A3F39
:1025D0001FE11CBF874C4A3FD17F1DBF12D1493F2D
:1025E000221E1EBF2155493F12BC1EBFB3D8483F13
:1025F0009F591FBFCA5B483FCBF61FBF65DE473FF1
:10260000939320BF8560473FF92F21BF2AE2463FC1
:10261000FBCB21BF5463463F996722BF03E4453F8C
:10262000D30223BF3964453FA99D23BFF5E3443F4F
:102630001A3824BF3763443F25D224BF00E2433F0A
:10264000CB6B25BF5160433F0A0526BF29DE423FC1
:10265000E39D26BF895B423F563627BF70D8413F76
:1026600061CE27BFE154413F056628BFDAD0403F25
:1026700041FD28BF5C4C403F159429BF67C73F3FD1
:10268000802A2ABFFC413F3F82C02ABF1BBC3E3F7D
:102690001B562BBFC5353E3F4AEB2BBFF9AE3D3F26
:1026A0000F802CBFB8273D3F69142DBF03A03C3FCE
:1026B00059A82DBFD9173C3FDE3B2EBF3B8F3B3F78
:1026C000F7CE2EBF29063B3FA5612FBFA47C3A3F22
:1026D000E6F32FBFACF2393FBB8530BF4268393FCC
:1026E000221731BF65DD383F1DA831BF1652383F74
:1026F000AA3832BF55C6373FC9C832BF233A373F21
:102700007A5833BF7FAD363FBCE733BF6C20363FCE
:102710008F7634BFE792353FF30435BFF304353F7E
:10272000E79235BF8F76343F6C2036BFBCE7333F2E
:102730007FAD36BF7A58333F233A37BFC9C8323FDF
:1027400055C637BFAA38323F165238BF1DA8313F91
:1027500065DD38BF2217313F426839BFBB85303F46
:10276000ACF239BFE6F32F3FA47C3ABFA5612F3FFF
:1027700029063BBFF7CE2E3F3B8F3BBFDE3B2E3FB4
:10278000D9173CBF59A82D3F03A03CBF69142D3F6A
:10279000B8273DBF0F802C3FF9AE3DBF4AEB2B3F22
:1027A000C5353EBF1B562B3F1BBC3EBF82C02A3FD8
:1027B000FC413FBF802A2A3F67C73FBF1594293F8E
:1027C0005C4C40BF41FD283FDAD040BF0566283F42
:1027D000E15441BF61CE273F70D841BF5636273FF5
:1027E000895B42BFE39D263F29DE42BF0A05263FA3
:1027F000516043BFCB6B253F00E243BF25D2243F4E
:10280000376344BF1A38243FF5E344BFA99D233FF3
:10281000396445BFD302233F03E445BF9967223F94
:10282000546346BFFBCB213F2AE246BFF92F213F2D
:10283000856047BF9393203F65DE47BFCBF61F3FC0
:10284000CA5B48BF9F591F3FB3D848BF12BC1E3F49
:10285000215549BF221E1E3F12D149BFD17F1D3FC6
:10286000874C4ABF1FE11C3F7FC74ABF0C421C3F39
:10287000FA414BBF99A21B3FF8BB4BBFC6021B3F9F
:1028800078354CBF93621A3F79AE4CBF00C2193FF6
:10289000FD264DBF0F21193F029F4DBFC07F183F3E
:1028A00089164EBF12DE173F908D4EBF073C173F73
:1028B00017044FBF9F99163F1F7A4FBFD9F6153F98
:1028C000A8EF4FBFB753153FAF6450BF39B0143FA7
:1028D00037D950BF5F0C143F3D4D51BF2A68133F9D
:1028E000C2C051BF9AC3123FC63352BFB01E123F7F
:1028F00049A652BF6B79113F491853BFCDD3103F42
:10290000C78953BFD52D103FC3FA53BF84870F3FEC
:102910003B6B54BFDBE00E3F31DB54BFDA390E3F77
:10292000A44A55BF81920D3F93B955BFD0EA0C3FE1
:10293000FE2756BFC9420C3FE59556BF6B9A0B3F29
:10294000480357BFB7F10A3F267057BFAD480A3F4B
:102950007FDC57BF4E9F093F534858BF9BF5083F48
:10296000A1B358BF924B083F6A1E59BF36A1073F1B
:10297000AD8859BF86F6063F6AF259BF824B063FC3
:10298000A05B5ABF2CA0053F50C45ABF84F4043F3B
:10299000792C5BBF8948043F1A945BBF3D9C033F81
:1029A00034FB5BBF9FEF023FC7615CBFB142023F98
:1029B000D1C75CBF7395013F532D5DBFE4E7003F76
:1029C0004D925DBF063A003FBEF65DBFB217FF3EB7
:1029D000A65A5EBFBBBAFD3E05BE5EBF275DFC3E8C
:1029E000DB205FBFF7FEFA3E27835FBF2DA0F93ED5
:1029F000E9E45FBFC840F83E214660BFCBE0F63E49
:102A0000CFA660BF3580F53EF20661BF071FF43EDA
:102A10008A6661BF43BDF23E98C561BFEA5AF13E86
:102A20001A2462BFFBF7EF3E108262BF7994EE3E3C
:102A30007BDF62BF6330ED3E5A3C63BFBBCBEB3EF6
:102A4000AC9863BF8166EA3E73F463BFB700E93EAA
:102A5000AC4F64BF5D9AE73E59AA64BF7533E63E4A
:102A6000790465BFFECBE43E0B5E65BFFA63E33ECF
:102A700010B765BF6AFBE13E880F66BF4F92E03E2C
:102A8000716766BFA928DF3ECCBE66BF79BEDD3E5A
:102A9000991567BFC153DC3ED86B67BF80E8DA3E4B
:102AA00087C167BFB97CD93EA81668BF6B10D83EF6
:102AB000396B68BF99A3D63E3CBF68BF4136D53E4F
:102AC000AE1269BF67C8D33E916569BF095AD23E4D
:102AD000E4B769BF2AEBD03EA7096ABFCA7BCF3EE5
:102AE000D95A6ABFEA0BCE3E7BAB6ABF8B9BCC3E0A
:102AF0008CFB6ABFAE2ACB3E0C4B6BBF53B9C93EB1
:102B0000FB996BBF7C47C83E58E86BBF29D5C63ED2
:102B100024366CBF5C62C53E5E836CBF15EFC33E5E
:102B200007D06CBF557BC23E1D1C6DBF1E07C13E4A
:102B3000A1676DBF6F92BF3E93B26DBF4A1DBE3E8F
:102B4000F2FC6DBFAFA7BC3EBE466EBFA031BB3E20
:102B5000F88F6EBF1EBBB93E9ED86EBF2A44B83EEA
:102B6000B0206FBFC3CCB63E30686FBFEC54B53EEB
:102B70001BAF6FBFA5DCB33E73F56FBFEF63B23E13
:102B8000373B70BFCBEAB03E668070BF3A71AF3E54
:102B900002C570BF3CF7AD3E080971BFD47CAC3EA6
:102BA0007A4C71BF0102AB3E578F71BFC486A93EFC
:102BB0009FD171BF1F0BA83E521372BF128FA63E4A
:102BC000705472BF9F12A53EF89472BFC595A33E84
:102BD000EBD472BF8718A23E471473BFE59AA03E9C
:102BE0000E5373BFDF1C9F3E3F9173BF789E9D3E87
:102BF000D9CE73BFAF1F9C3EDD0B74BF86A09A3E3B
:102C00004B4874BFFE20993E228474BF17A1973EA3
:102C100062BF74BFD220963E0BFA74BF31A0943EBF
:102C20001D3475BF351F933E976D75BFDD9D913E79
:102C30007BA675BF2C1C903EC6DE75BF229A8E3EC9
:102C40007A1676BFC0178D3E974D76BF07958B3E9F
:102C50001B8476BFF8118A3E07BA76BF938E883EF2
:102C60005BEF76BFDA0A873E172477BFCE86853EB4
:102C70003A5877BF7002843EC58B77BFC07D823ED5
:102C8000B7BE77BFC0F8803E10F177BFE1E67E3E69
:102C9000D12278BFA4DB7B3EF85378BFCCCF783EFF
:102CA000868478BF5AC3753E7BB478BF51B6723EF6
:102CB000D6E378BFB2A86F3E981279BF7F9A6C3E78
:102CC000C04079BFBA8B693E4E6E79BF667C663E66
:102CD000439B79BF836C633E9DC779BF135C603EA5
:102CE0005EF379BF1A4B5D3E841E7ABF97395A3E18
:102CF00010497ABF8F27573E02737ABF0115543EA1
:102D0000599C7ABFF101513E16C57ABF60EE4D3E27
:102D100037ED7ABF4FDA4A3EBE147BBFC2C5473E8D
:102D2000AB3B7BBFB9B0443EFC617BBF379B413EB0
:102D3000B2877BBF3E853E3ECDAC7BBFCF6E3B3E78
:102D40004DD17BBFEC57383E31F57BBF9840353EC7
:102D50007A187CBFD428323E283B7CBFA2102F3E7D
:102D60003A5D7CBF04F82B3EB07E7CBFFCDE283E83
:102D70008A9F7CBF8CC5253EC9BF7CBFB6AB223EB7
:102D80006CDF7CBF7B911F3E73FE7CBFDE761C3EFA
:102D9000DD1C7DBFE05B193EAC3A7DBF8340163E33
:102DA000DE577DBFCA24133E74747DBFB708103E42
:102DB0006E907DBF4AEC0C3ECCAB7DBF86CF093E0A
:102DC0008CC67DBF6EB2063EB1E07DBF0295033E6C
:102DD00038FA7DBF4577003E24137EBF73B2FA3DBB
:102DE000722B7EBFC075F43D23437EBF7638EE3D27
:102DF000385A7EBF9AFAE73DB0707EBF2EBCE13DE7
:102E00008B867EBF377DDB3DC99B7EBFB93DD53DFF
:102E100069B07EBFB7FDCE3D6DC47EBF36BDC83D37
:102E2000D4D77EBF397CC23D9DEA7EBFC33ABC3D4C
:102E3000C9FC7EBFDAF8B53D580E7FBF80B6AF3D06
:102E4000491F7FBFBA73A93D9D2F7FBF8C30A33D23
:102E5000543F7FBFF9EC9C3D6D4E7FBF05A9963D69
:102E6000E95C7FBFB464903DC76A7FBF0A208A3D9A
:102E700008787FBF0ADB833DAB847FBF742B7B3D2B
:102E8000B1907FBF38A06E3D189C7FBF6814623D33
:102E9000E3A67FBF0E88553D0FB17FBF2FFB483D96
:102EA0009EBA7FBFD56D3C3D8FC37FBF07E02F3DEE
:102EB000E2CB7FBFCC51233D98D37FBF2CC3163DBF
:102EC000AFDA7FBF2F340A3D29E17FBFB949FB3C10
:102ED00005E77FBF7B2AE23C43EC7FBFB00AC93CD9
:102EE000E3F07FBF69EAAF3CE6F47FBFB6C9963C2A
:102EF0004AF87FBF4B517B3C11FB7FBF900E493C92
:102F000039FD7FBF59CB163CC4FE7FBF890FC93B3B
:102F1000B1FF7FBFC70F493B000080BF000000002A
:102F2000B1FF7FBFC70F49BBC4FE7FBF890FC9BBBD
:102F300039FD7FBF59CB16BC11FB7FBF900E49BC3A
:102F40004AF87FBF4B517BBCE6F47FBFB6C996BC45
:102F5000E3F07FBF69EAAFBC43EC7FBFB00AC9BCF6
:102F600005E77FBF7B2AE2BC29E17FBFB949FBBCF3
:102F7000AFDA7FBF2F340ABD98D37FBF2CC316BDF5
:102F8000E2CB7FBFCC5123BD8FC37FBF07E02FBDF6
:102F90009EBA7FBFD56D3CBD0FB17FBF2FFB48BD33
:102FA000E3A67FBF0E8855BD189C7FBF681462BD25
:102FB000B1907FBF38A06EBDAB847FBF742B7BBD4B
:102FC00008787FBF0ADB83BDC76A7FBF0A208ABD3E
:102FD000E95C7FBFB46490BD6D4E7FBF05A996BD0F
:102FE000543F7FBFF9EC9CBD9D2F7FBF8C30A3BDAC
:102FF000491F7FBFBA73A9BD580E7FBF80B6AFBD52
:10300000C9FC7EBFDAF8B5BD9DEA7EBFC33ABCBD40
:10301000D4D77EBF397CC2BD6DC47EBF36BDC8BDAE
:1030200069B07EBFB7FDCEBDC99B7EBFB93DD5BDE2
:103030008B867EBF377DDBBDB0707EBF2EBCE1BD11
:10304000385A7EBF9AFAE7BD23437EBF7638EEBD7D
:10305000722B7EBFC075F4BD24137EBF73B2FABD60
:1030600038FA7DBF457700BEB1E07DBF029503BE53
:103070008CC67DBF6EB206BECCAB7DBF86CF09BE0F
:103080006E907DBF4AEC0CBE74747DBFB70810BE55
:10309000DE577DBFCA2413BEAC3A7DBF834016BE47
:1030A000DD1C7DBFE05B19BE73FE7CBFDE761CBEFF
:1030B0006CDF7CBF7B911FBEC9BF7CBFB6AB22BE9D
:1030C0008A9F7CBF8CC525BEB07E7CBFFCDE28BE3F
:1030D0003A5D7CBF04F82BBE283B7CBFA2102FBEFC
:1030E0007A187CBFD42832BE31F57BBF984035BEFC
:1030F0004DD17BBFEC5738BECDAC7BBFCF6E3BBE56
:10310000B2877BBF3E853EBEFC617BBF379B41BE25
:10311000AB3B7BBFB9B044BEBE147BBFC2C547BE8C
:1031200037ED7ABF4FDA4ABE16C57ABF60EE4DBEA4
:10313000599C7ABFF10151BE02737ABF011554BE8A
:1031400010497ABF8F2757BE841E7ABF97395ABE5F
:103150005EF379BF1A4B5DBE9DC779BF135C60BE3D
:10316000439B79BF836C63BE4E6E79BF667C66BE3F
:10317000C04079BFBA8B69BE981279BF7F9A6CBE86
:10318000D6E378BFB2A86FBE7BB478BF51B672BE2B
:10319000868478BF5AC375BEF85378BFCCCF78BE4B
:1031A000D12278BFA4DB7BBE10F177BFE1E67EBE03
:1031B000B7BE77BFC0F880BEC58B77BFC07D82BE6B
:1031C0003A5877BF700284BE172477BFCE8685BE7B
:1031D0005BEF76BFDA0A87BE07BA76BF938E88BEEA
:1031E0001B8476BFF8118ABE974D76BF07958BBEBC
:1031F0007A1676BFC0178DBEC6DE75BF229A8EBE08
:103200007BA675BF2C1C90BE976D75BFDD9D91BED2
:103210001D3475BF351F93BE0BFA74BF31A094BE29
:1032200062BF74BFD22096BE228474BF17A197BE1E
:103230004B4874BFFE2099BEDD0B74BF86A09ABEBA
:10324000D9CE73BFAF1F9CBE3F9173BF789E9DBE0A
:103250000E5373BFDF1C9FBE471473BFE59AA0BE19
:10326000EBD472BF8718A2BEF89472BFC595A3BEF7
:10327000705472BF9F12A5BE521372BF128FA6BEAA
:103280009FD171BF1F0BA8BE578F71BFC486A9BE47
:103290007A4C71BF0102ABBE080971BFD47CACBED1
:1032A00002C570BF3CF7ADBE668070BF3A71AFBE5D
:1032B000373B70BFCBEAB0BE73F56FBFEF63B2BEF2
:1032C0001BAF6FBFA5DCB3BE30686FBFEC54B5BE9B
:1032D000B0206FBFC3CCB6BE9ED86EBF2A44B8BE66
:1032E000F88F6EBF1EBBB9BEBE466EBFA031BBBE5F
:1032F000F2FC6DBFAFA7BCBE93B26DBF4A1DBEBE90
:10330000A1676DBF6F92BFBE1D1C6DBF1E07C1BE02
:1033100007D06CBF557BC2BE5E836CBF15EFC3BECA
:1033200024366CBF5C62C5BE58E86BBF29D5C6BEEB
:10333000FB996BBF7C47C8BE0C4B6BBF53B9C9BE72
:103340008CFB6ABFAE2ACBBE7BAB6ABF8B9BCCBE6D
:10335000D95A6ABFEA0BCEBEA7096ABFCA7BCFBEE5
:10336000E4B769BF2AEBD0BE916569BF095AD2BEE6
:10337000AE1269BF67C8D3BE3CBF68BF4136D5BE79
:10338000396B68BF99A3D6BEA81668BF6B10D8BEAC
:1033900087C167BFB97CD9BED86B67BF80E8DABE8A
:1033A000991567BFC153DCBECCBE66BF79BEDDBE1A
:1033B000716766BFA928DFBE880F66BF4F92E0BE67
:1033C00010B765BF6AFBE1BE0B5E65BFFA63E3BE83
:1033D000790465BFFECBE4BE59AA64BF7533E6BE6F
:1033E000AC4F64BF5D9AE7BE73F463BFB700E9BE3C
:1033F000AC9863BF8166EABE5A3C63BFBBCBEBBEF1
:103400007BDF62BF6330EDBE108262BF7994EEBE97
:103410001A2462BFFBF7EFBE98C561BFEA5AF1BE3E
:103420008A6661BF43BDF2BEF20661BF071FF4BEEC
:10343000CFA660BF3580F5BE214660BFCBE0F6BEAB
:10344000E9E45FBFC840F8BE27835FBF2DA0F9BE87
:10345000DB205FBFF7FEFABE05BE5EBF275DFCBE88
:10346000A65A5EBFBBBAFDBEBEF65DBFB217FFBEB9
:103470004D925DBF063A00BF532D5DBFE4E700BF2C
:10348000D1C75CBF739501BFC7615CBFB14202BFCA
:1034900034FB5BBF9FEF02BF1A945BBF3D9C03BF31
:1034A000792C5BBF894804BF50C45ABF84F404BF61
:1034B000A05B5ABF2CA005BF6AF259BF824B06BF62
:1034C000AD8859BF86F606BF6A1E59BF36A107BF31
:1034D000A1B358BF924B08BF534858BF9BF508BFD4
:1034E0007FDC57BF4E9F09BF267057BFAD480ABF4C
:1034F000480357BFB7F10ABFE59556BF6B9A0BBF9C
:10350000FE2756BFC9420CBF93B955BFD0EA0CBFC6
:10351000A44A55BF81920DBF31DB54BFDA390EBFCB
:103520003B6B54BFDBE00EBFC3FA53BF84870FBFB2
:10353000C78953BFD52D10BF491853BFCDD310BF76
:1035400049A652BF6B7911BFC63352BFB01E12BF1E
:10355000C2C051BF9AC312BF3D4D51BF2A6813BFAD
:1035600037D950BF5F0C14BFAF6450BF39B014BF20
:10357000A8EF4FBFB75315BF1F7A4FBFD9F615BF7E
:1035800017044FBF9F9916BF908D4EBF073C17BFC2
:1035900089164EBF12DE17BF029F4DBFC07F18BFF6
:1035A000FD264DBF0F2119BF79AE4CBF00C219BF18
:1035B00078354CBF93621ABFF8BB4BBFC6021BBF26
:1035C000FA414BBF99A21BBF7FC74ABF0C421CBF29
:1035D000874C4ABF1FE11CBF12D149BFD17F1DBF1D
:1035E000215549BF221E1EBFB3D848BF12BC1EBF03
:1035F000CA5B48BF9F591FBF65DE47BFCBF61FBFE1
:10360000856047BF939320BF2AE246BFF92F21BFB1
:10361000546346BFFBCB21BF03E445BF996722BF7C
:10362000396445BFD30223BFF5E344BFA99D23BF3F
:10363000376344BF1A3824BF00E243BF25D224BFFA
:10364000516043BFCB6B25BF29DE42BF0A0526BFB1
:10365000895B42BFE39D26BF70D841BF563627BF66
:10366000E15441BF61CE27BFDAD040BF056628BF15
:103670005C4C40BF41FD28BF67C73FBF159429BFC1
:10368000FC413FBF802A2ABF1BBC3EBF82C02ABF6D
:10369000C5353EBF1B562BBFF9AE3DBF4AEB2BBF16
:1036A000B8273DBF0F802CBF03A03CBF69142DBFBE
:1036B000D9173CBF59A82DBF3B8F3BBFDE3B2EBF68
:1036C00029063BBFF7CE2EBFA47C3ABFA5612FBF12
:1036D000ACF239BFE6F32FBF426839BFBB8530BFBC
:1036E00065DD38BF221731BF165238BF1DA831BF64
:1036F00055C637BFAA3832BF233A37BFC9C832BF11
:103700007FAD36BF7A5833BF6C2036BFBCE733BFBE
:10371000E79235BF8F7634BFF30435BFF30435BF6E
:103720008F7634BFE79235BFBCE733BF6C2036BF1E
:103730007A5833BF7FAD36BFC9C832BF233A37BFCF
:10374000AA3832BF55C637BF1DA831BF165238BF81
:10375000221731BF65DD38BFBB8530BF426839BF36
:10376000E6F32FBFACF239BFA5612FBFA47C3ABFEF
:10377000F7CE2EBF29063BBFDE3B2EBF3B8F3BBFA4
:1037800059A82DBFD9173CBF69142DBF03A03CBF5A
:103790000F802CBFB8273DBF4AEB2BBFF9AE3DBF12
:1037A0001B562BBFC5353EBF82C02ABF1BBC3EBFC8
:1037B000802A2ABFFC413FBF159429BF67C73FBF7E
:1037C00041FD28BF5C4C40BF056628BFDAD040BF32
:1037D00061CE27BFE15441BF563627BF70D841BFE5
:1037E000E39D26BF895B42BF0A0526BF29DE42BF93
:1037F000CB6B25BF516043BF25D224BF00E243BF3E
:103800001A3824BF376344BFA99D23BFF5E344BFE3
:10381000D30223BF396445BF996722BF03E445BF84
:10382000FBCB21BF546346BFF92F21BF2AE246BF1D
:10383000939320BF856047BFCBF61FBF65DE47BFB0
:103840009F591FBFCA5B48BF12BC1EBFB3D848BF39
:10385000221E1EBF215549BFD17F1DBF12D149BFB6
:103860001FE11CBF874C4ABF0C421CBF7FC74ABF29
:1038700099A21BBFFA414BBFC6021BBFF8BB4BBF8F
:1038800093621ABF78354CBF00C219BF79AE4CBFE6
:103890000F2119BFFD264DBFC07F18BF029F4DBF2E
:1038A00012DE17BF89164EBF073C17BF908D4EBF63
:1038B0009F9916BF17044FBFD9F615BF1F7A4FBF88
:1038C000B75315BFA8EF4FBF39B014BFAF6450BF97
:1038D0005F0C14BF37D950BF2A6813BF3D4D51BF8D
:1038E0009AC312BFC2C051BFB01E12BFC63352BF6F
:1038F0006B7911BF49A652BFCDD310BF491853BF32
:10390000D52D10BFC78953BF84870FBFC3FA53BFDC
:10391000DBE00EBF3B6B54BFDA390EBF31DB54BF67
:1039200081920DBFA44A55BFD0EA0CBF93B955BFD1
:10393000C9420CBFFE2756BF6B9A0BBFE59556BF19
:10394000B7F10ABF480357BFAD480ABF267057BF3B
:103950004E9F09BF7FDC57BF9BF508BF534858BF38
:10396000924B08BFA1B358BF36A107BF6A1E59BF0B
:1039700086F606BFAD8859BF824B06BF6AF259BFB3
:103980002CA005BFA05B5ABF84F404BF50C45ABF2B
:10399000894804BF792C5BBF3D9C03BF1A945BBF71
:1039A0009FEF02BF34FB5BBFB14202BFC7615CBF88
:1039B000739501BFD1C75CBFE4E700BF532D5DBF66
:1039C000063A00BF4D925DBFB217FFBEBEF65DBFA7
:1039D000BBBAFDBEA65A5EBF275DFCBE05BE5EBF7C
:1039E000F7FEFABEDB205FBF2DA0F9BE27835FBFC5
:1039F000C840F8BEE9E45FBFCBE0F6BE214660BF39
:103A00003580F5BECFA660BF071FF4BEF20661BFCA
:103A100043BDF2BE8A6661BFEA5AF1BE98C561BF76
:103A2000FBF7EFBE1A2462BF7994EEBE108262BF2C
:103A30006330EDBE7BDF62BFBBCBEBBE5A3C63BFE6
:103A40008166EABEAC9863BFB700E9BE73F463BF9A
:103A50005D9AE7BEAC4F64BF7533E6BE59AA64BF3A
:103A6000FECBE4BE790465BFFA63E3BE0B5E65BFBF
:103A70006AFBE1BE10B765BF4F92E0BE880F66BF1C
:103A8000A928DFBE716766BF79BEDDBECCBE66BF4A
:103A9000C153DCBE991567BF80E8DABED86B67BF3B
:103AA000B97CD9BE87C167BF6B10D8BEA81668BFE6
:103AB00099A3D6BE396B68BF4136D5BE3CBF68BF3F
:103AC00067C8D3BEAE1269BF095AD2BE916569BF3D
:103AD0002AEBD0BEE4B769BFCA7BCFBEA7096ABFD5
:103AE000EA0BCEBED95A6ABF8B9BCCBE7BAB6ABFFA
:103AF000AE2ACBBE8CFB6ABF53B9C9BE0C4B6BBFA1
:103B00007C47C8BEFB996BBF29D5C6BE58E86BBFC2
:103B10005C62C5BE24366CBF15EFC3BE5E836CBF4E
:103B2000557BC2BE07D06CBF1E07C1BE1D1C6DBF3A
:103B30006F92BFBEA1676DBF4A1DBEBE93B26DBF7F
:103B4000AFA7BCBEF2FC6DBFA031BBBEBE466EBF10
:103B50001EBBB9BEF88F6EBF2A44B8BE9ED86EBFDA
:103B6000C3CCB6BEB0206FBFEC54B5BE30686FBFDB
:103B7000A5DCB3BE1BAF6FBFEF63B2BE73F56FBF03
:103B8000CBEAB0BE373B70BF3A71AFBE668070BF44
:103B90003CF7ADBE02C570BFD47CACBE080971BF96
:103BA0000102ABBE7A4C71BFC486A9BE578F71BFEC
:103BB0001F0BA8BE9FD171BF128FA6BE521372BF3A
:103BC0009F12A5BE705472BFC595A3BEF89472BF74
:103BD0008718A2BEEBD472BFE59AA0BE471473BF8C
:103BE000DF1C9FBE0E5373BF789E9DBE3F9173BF77
:103BF000AF1F9CBED9CE73BF86A09ABEDD0B74BF2B
:103C0000FE2099BE4B4874BF17A197BE228474BF93
:103C1000D22096BE62BF74BF31A094BE0BFA74BFAF
:103C2000351F93BE1D3475BFDD9D91BE976D75BF69
:103C30002C1C90BE7BA675BF229A8EBEC6DE75BFB9
:103C4000C0178DBE7A1676BF07958BBE974D76BF8F
:103C5000F8118ABE1B8476BF938E88BE07BA76BFE2
:103C6000DA0A87BE5BEF76BFCE8685BE172477BFA4
:103C7000700284BE3A5877BFC07D82BEC58B77BFC5
:103C8000C0F880BEB7BE77BFE1E67EBE10F177BF59
:103C9000A4DB7BBED12278BFCCCF78BEF85378BFEF
:103CA0005AC375BE868478BF51B672BE7BB478BFE6
:103CB000B2A86FBED6E378BF7F9A6CBE981279BF68
:103CC000BA8B69BEC04079BF667C66BE4E6E79BF56
:103CD000836C63BE439B79BF135C60BE9DC779BF95
:103CE0001A4B5DBE5EF379BF97395ABE841E7ABF08
:103CF0008F2757BE10497ABF011554BE02737ABF91
:103D0000F10151BE599C7ABF60EE4DBE16C57ABF17
:103D10004FDA4ABE37ED7ABFC2C547BEBE147BBF7D
:103D2000B9B044BEAB3B7BBF379B41BEFC617BBFA0
:103D30003E853EBEB2877BBFCF6E3BBECDAC7BBF68
:103D4000EC5738BE4DD17BBF984035BE31F57BBFB7
:103D5000D42832BE7A187CBFA2102FBE283B7CBF6D
:103D600004F82BBE3A5D7CBFFCDE28BEB07E7CBF73
:103D70008CC525BE8A9F7CBFB6AB22BEC9BF7CBFA7
:103D80007B911FBE6CDF7CBFDE761CBE73FE7CBFEA
:103D9000E05B19BEDD1C7DBF834016BEAC3A7DBF23
:103DA000CA2413BEDE577DBFB70810BE74747DBF32
:103DB0004AEC0CBE6E907DBF86CF09BECCAB7DBFFA
:103DC0006EB206BE8CC67DBF029503BEB1E07DBF5C
:103DD000457700BE38FA7DBF73B2FABD24137EBFAB
:103DE000C075F4BD722B7EBF7638EEBD23437EBF17
:103DF0009AFAE7BD385A7EBF2EBCE1BDB0707EBFD7
:103E0000377DDBBD8B867EBFB93DD5BDC99B7EBFEF
:103E1000B7FDCEBD69B07EBF36BDC8BD6DC47EBF27
:103E2000397CC2BDD4D77EBFC33ABCBD9DEA7EBF3C
:103E3000DAF8B5BDC9FC7EBF80B6AFBD580E7FBFF6
:103E4000BA73A9BD491F7FBF8C30A3BD9D2F7FBF13
:103E5000F9EC9CBD543F7FBF05A996BD6D4E7FBF59
:103E6000B46490BDE95C7FBF0A208ABDC76A7FBF8A
:103E70000ADB83BD08787FBF742B7BBDAB847FBF1B
:103E800038A06EBDB1907FBF681462BD189C7FBF23
:103E90000E8855BDE3A67FBF2FFB48BD0FB17FBF86
:103EA000D56D3CBD9EBA7FBF07E02FBD8FC37FBFDE
:103EB000CC5123BDE2CB7FBF2CC316BD98D37FBFAF
:103EC0002F340ABDAFDA7FBFB949FBBC29E17FBF00
:103ED0007B2AE2BC05E77FBFB00AC9BC43EC7FBFC9
:103EE00069EAAFBCE3F07FBFB6C996BCE6F47FBF1A
:103EF0004B517BBC4AF87FBF900E49BC11FB7FBF82
:103F000059CB16BC39FD7FBF890FC9BBC4FE7FBF2B
:103F1000C70F49BBB1FF7FBF00000080000080BF1A
:103F2000C70F493BB1FF7FBF890FC93BC4FE7FBFAD
:103F300059CB163C39FD7FBF900E493C11FB7FBF2A
:103F40004B517B3C4AF87FBFB6C9963CE6F47FBF35
:103F500069EAAF3CE3F07FBFB00AC93C43EC7FBFE6
:103F60007B2AE23C05E77FBFB949FB3C29E17FBFE3
:103F70002F340A3DAFDA7FBF2CC3163D98D37FBFE5
:103F8000CC51233DE2CB7FBF07E02F3D8FC37FBFE6
:103F9000D56D3C3D9EBA7FBF2FFB483D0FB17FBF23
:103FA0000E88553DE3A67FBF6814623D189C7FBF15
:103FB00038A06E3DB1907FBF742B7B3DAB847FBF3B
:103FC0000ADB833D08787FBF0A208A3DC76A7FBF2E
:103FD000B464903DE95C7FBF05A9963D6D4E7FBFFF
:103FE000F9EC9C3D543F7FBF8C30A33D9D2F7FBF9C
:103FF000BA73A93D491F7FBF80B6AF3D580E7FBF42
:10400000DAF8B53DC9FC7EBFC33ABC3D9DEA7EBF30
:10401000397CC23DD4D77EBF36BDC83D6DC47EBF9E
:10402000B7FDCE3D69B07EBFB93DD53DC99B7EBFD2
:10403000377DDB3D8B867EBF2EBCE13DB0707EBF01
:104040009AFAE73D385A7EBF7638EE3D23437EBF6D
:10405000C075F43D722B7EBF73B2FA3D24137EBF50
:104060004577003E38FA7DBF0295033EB1E07DBF43
:104070006EB2063E8CC67DBF86CF093ECCAB7DBFFF
:104080004AEC0C3E6E907DBFB708103E74747DBF45
:10409000CA24133EDE577DBF8340163EAC3A7DBF37
:1040A000E05B193EDD1C7DBFDE761C3E73FE7CBFEF
:1040B0007B911F3E6CDF7CBFB6AB223EC9BF7CBF8D
:1040C0008CC5253E8A9F7CBFFCDE283EB07E7CBF2F
:1040D00004F82B3E3A5D7CBFA2102F3E283B7CBFEC
:1040E000D428323E7A187CBF9840353E31F57BBFEC
:1040F000EC57383E4DD17BBFCF6E3B3ECDAC7BBF46
:104100003E853E3EB2877BBF379B413EFC617BBF15
:10411000B9B0443EAB3B7BBFC2C5473EBE147BBF7C
:104120004FDA4A3E37ED7ABF60EE4D3E16C57ABF94
:10413000F101513E599C7ABF0115543E02737ABF7A
:104140008F27573E10497ABF97395A3E841E7ABF4F
:104150001A4B5D3E5EF379BF135C603E9DC779BF2D
:10416000836C633E439B79BF667C663E4E6E79BF2F
:10417000BA8B693EC04079BF7F9A6C3E981279BF76
:10418000B2A86F3ED6E378BF51B6723E7BB478BF1B
:104190005AC3753E868478BFCCCF783EF85378BF3B
:1041A000A4DB7B3ED12278BFE1E67E3E10F177BFF3
:1041B000C0F8803EB7BE77BFC07D823EC58B77BF5B
:1041C0007002843E3A5877BFCE86853E172477BF6B
:1041D000DA0A873E5BEF76BF938E883E07BA76BFDA
:1041E000F8118A3E1B8476BF07958B3E974D76BFAC
:1041F000C0178D3E7A1676BF229A8E3EC6DE75BFF8
:104200002C1C903E7BA675BFDD9D913E976D75BFC2
:10421000351F933E1D3475BF31A0943E0BFA74BF19
:10422000D220963E62BF74BF17A1973E228474BF0E
:10423000FE20993E4B4874BF86A09A3EDD0B74BFAA
:10424000AF1F9C3ED9CE73BF789E9D3E3F9173BFFA
:10425000DF1C9F3E0E5373BFE59AA03E471473BF09
:104260008718A23EEBD472BFC595A33EF89472BFE7
:104270009F12A53E705472BF128FA63E521372BF9A
:104280001F0BA83E9FD171BFC486A93E578F71BF37
:104290000102AB3E7A4C71BFD47CAC3E080971BFC1
:1042A0003CF7AD3E02C570BF3A71AF3E668070BF4D
:1042B000CBEAB03E373B70BFEF63B23E73F56FBFE2
:1042C000A5DCB33E1BAF6FBFEC54B53E30686FBF8B
:1042D000C3CCB63EB0206FBF2A44B83E9ED86EBF56
:1042E0001EBBB93EF88F6EBFA031BB3EBE466EBF4F
:1042F000AFA7BC3EF2FC6DBF4A1DBE3E93B26DBF80
:104300006F92BF3EA1676DBF1E07C13E1D1C6DBFF2
:10431000557BC23E07D06CBF15EFC33E5E836CBFBA
:104320005C62C53E24366CBF29D5C63E58E86BBFDB
:104330007C47C83EFB996BBF53B9C93E0C4B6BBF62
:10434000AE2ACB3E8CFB6ABF8B9BCC3E7BAB6ABF5D
:10435000EA0BCE3ED95A6ABFCA7BCF3EA7096ABFD5
:104360002AEBD03EE4B769BF095AD23E916569BFD6
:1043700067C8D33EAE1269BF4136D53E3CBF68BF69
:1043800099A3D63E396B68BF6B10D83EA81668BF9C
:10439000B97CD93E87C167BF80E8DA3ED86B67BF7A
:1043A000C153DC3E991567BF79BEDD3ECCBE66BF0A
:1043B000A928DF3E716766BF4F92E03E880F66BF57
:1043C0006AFBE13E10B765BFFA63E33E0B5E65BF73
:1043D000FECBE43E790465BF7533E63E59AA64BF5F
:1043E0005D9AE73EAC4F64BFB700E93E73F463BF2C
:1043F0008166EA3EAC9863BFBBCBEB3E5A3C63BFE1
:104400006330ED3E7BDF62BF7994EE3E108262BF87
:10441000FBF7EF3E1A2462BFEA5AF13E98C561BF2E
:1044200043BDF23E8A6661BF071FF43EF20661BFDC
:104430003580F53ECFA660BFCBE0F63E214660BF9B
:10444000C840F83EE9E45FBF2DA0F93E27835FBF77
:10445000F7FEFA3EDB205FBF275DFC3E05BE5EBF78
:10446000BBBAFD3EA65A5EBFB217FF3EBEF65DBFA9
:10447000063A003F4D925DBFE4E7003F532D5DBF1C
:104480007395013FD1C75CBFB142023FC7615CBFBA
:104490009FEF023F34FB5BBF3D9C033F1A945BBF21
:1044A0008948043F792C5BBF84F4043F50C45ABF51
:1044B0002CA0053FA05B5ABF824B063F6AF259BF52
:1044C00086F6063FAD8859BF36A1073F6A1E59BF21
:1044D000924B083FA1B358BF9BF5083F534858BFC4
:1044E0004E9F093F7FDC57BFAD480A3F267057BF3C
:1044F000B7F10A3F480357BF6B9A0B3FE59556BF8C
:10450000C9420C3FFE2756BFD0EA0C3F93B955BFB6
:1045100081920D3FA44A55BFDA390E3F31DB54BFBB
:10452000DBE00E3F3B6B54BF84870F3FC3FA53BFA2
:10453000D52D103FC78953BFCDD3103F491853BF66
:104540006B79113F49A652BFB01E123FC63352BF0E
:104550009AC3123FC2C051BF2A68133F3D4D51BF9D
:104560005F0C143F37D950BF39B0143FAF6450BF10
:10457000B753153FA8EF4FBFD9F6153F1F7A4FBF6E
:104580009F99163F17044FBF073C173F908D4EBFB2
:1045900012DE173F89164EBFC07F183F029F4DBFE6
:1045A0000F21193FFD264DBF00C2193F79AE4CBF08
:1045B00093621A3F78354CBFC6021B3FF8BB4BBF16
:1045C00099A21B3FFA414BBF0C421C3F7FC74ABF19
:1045D0001FE11C3F874C4ABFD17F1D3F12D149BF0D
:1045E000221E1E3F215549BF12BC1E3FB3D848BFF3
:1045F0009F591F3FCA5B48BFCBF61F3F65DE47BFD1
:104600009393203F856047BFF92F213F2AE246BFA1
:10461000FBCB213F546346BF9967223F03E445BF6C
:10462000D302233F396445BFA99D233FF5E344BF2F
:104630001A38243F376344BF25D2243F00E243BFEA
:10464000CB6B253F516043BF0A05263F29DE42BFA1
:10465000E39D263F895B42BF5636273F70D841BF56
:1046600061CE273FE15441BF0566283FDAD040BF05
:1046700041FD283F5C4C40BF1594293F67C73FBFB1
:10468000802A2A3FFC413FBF82C02A3F1BBC3EBF5D
:104690001B562B3FC5353EBF4AEB2B3FF9AE3DBF06
:1046A0000F802C3FB8273DBF69142D3F03A03CBFAE
:1046B00059A82D3FD9173CBFDE3B2E3F3B8F3BBF58
:1046C000F7CE2E3F29063BBFA5612F3FA47C3ABF02
:1046D000E6F32F3FACF239BFBB85303F426839BFAC
:1046E0002217313F65DD38BF1DA8313F165238BF54
:1046F000AA38323F55C637BFC9C8323F233A37BF01
:104700007A58333F7FAD36BFBCE7333F6C2036BFAE
:104710008F76343FE79235BFF304353FF30435BF5E
:10472000E792353F8F7634BF6C20363FBCE733BF0E
:104730007FAD363F7A5833BF233A373FC9C832BFBF
:1047400055C6373FAA3832BF1652383F1DA831BF71
:1047500065DD383F221731BF4268393FBB8530BF26
:10476000ACF2393FE6F32FBFA47C3A3FA5612FBFDF
:1047700029063B3FF7CE2EBF3B8F3B3FDE3B2EBF94
:10478000D9173C3F59A82DBF03A03C3F69142DBF4A
:10479000B8273D3F0F802CBFF9AE3D3F4AEB2BBF02
:1047A000C5353E3F1B562BBF1BBC3E3F82C02ABFB8
:1047B000FC413F3F802A2ABF67C73F3F159429BF6E
:1047C0005C4C403F41FD28BFDAD0403F056628BF22
:1047D000E154413F61CE27BF70D8413F563627BFD5
:1047E000895B423FE39D26BF29DE423F0A0526BF83
:1047F0005160433FCB6B25BF00E2433F25D224BF2E
:104800003763443F1A3824BFF5E3443FA99D23BFD3
:104810003964453FD30223BF03E4453F996722BF74
:104820005463463FFBCB21BF2AE2463FF92F21BF0D
:104830008560473F939320BF65DE473FCBF61FBFA0
:10484000CA5B483F9F591FBFB3D8483F12BC1EBF29
:104850002155493F221E1EBF12D1493FD17F1DBFA6
:10486000874C4A3F1FE11CBF7FC74A3F0C421CBF19
:10487000FA414B3F99A21BBFF8BB4B3FC6021BBF7F
:1048800078354C3F93621ABF79AE4C3F00C219BFD6
:10489000FD264D3F0F2119BF029F4D3FC07F18BF1E
:1048A00089164E3F12DE17BF908D4E3F073C17BF53
:1048B00017044F3F9F9916BF1F7A4F3FD9F615BF78
:1048C000A8EF4F3FB75315BFAF64503F39B014BF87
:1048D00037D9503F5F0C14BF3D4D513F2A6813BF7D
:1048E000C2C0513F9AC312BFC633523FB01E12BF5F
:1048F00049A6523F6B7911BF4918533FCDD310BF22
:10490000C789533FD52D10BFC3FA533F84870FBFCC
:104910003B6B543FDBE00EBF31DB543FDA390EBF57
:10492000A44A553F81920DBF93B9553FD0EA0CBFC1
:10493000FE27563FC9420CBFE595563F6B9A0BBF09
:104940004803573FB7F10ABF2670573FAD480ABF2B
:104950007FDC573F4E9F09BF5348583F9BF508BF28
:10496000A1B3583F924B08BF6A1E593F36A107BFFB
:10497000AD88593F86F606BF6AF2593F824B06BFA3
:10498000A05B5A3F2CA005BF50C45A3F84F404BF1B
:10499000792C5B3F894804BF1A945B3F3D9C03BF61
:1049A00034FB5B3F9FEF02BFC7615C3FB14202BF78
:1049B000D1C75C3F739501BF532D5D3FE4E700BF56
:1049C0004D925D3F063A00BFBEF65D3FB217FFBE97
:1049D000A65A5E3FBBBAFDBE05BE5E3F275DFCBE6C
:1049E000DB205F3FF7FEFABE27835F3F2DA0F9BEB5
:1049F000E9E45F3FC840F8BE2146603FCBE0F6BE29
:104A0000CFA6603F3580F5BEF206613F071FF4BEBA
:104A10008A66613F43BDF2BE98C5613FEA5AF1BE66
:104A20001A24623FFBF7EFBE1082623F7994EEBE1C
:104A30007BDF623F6330EDBE5A3C633FBBCBEBBED6
:104A4000AC98633F8166EABE73F4633FB700E9BE8A
:104A5000AC4F643F5D9AE7BE59AA643F7533E6BE2A
:104A60007904653FFECBE4BE0B5E653FFA63E3BEAF
:104A700010B7653F6AFBE1BE880F663F4F92E0BE0C
:104A80007167663FA928DFBECCBE663F79BEDDBE3A
:104A90009915673FC153DCBED86B673F80E8DABE2B
:104AA00087C1673FB97CD9BEA816683F6B10D8BED6
:104AB000396B683F99A3D6BE3CBF683F4136D5BE2F
:104AC000AE12693F67C8D3BE9165693F095AD2BE2D
:104AD000E4B7693F2AEBD0BEA7096A3FCA7BCFBEC5
:104AE000D95A6A3FEA0BCEBE7BAB6A3F8B9BCCBEEA
:104AF0008CFB6A3FAE2ACBBE0C4B6B3F53B9C9BE91
:104B0000FB996B3F7C47C8BE58E86B3F29D5C6BEB2
:104B100024366C3F5C62C5BE5E836C3F15EFC3BE3E
:104B200007D06C3F557BC2BE1D1C6D3F1E07C1BE2A
:104B3000A1676D3F6F92BFBE93B26D3F4A1DBEBE6F
:104B4000F2FC6D3FAFA7BCBEBE466E3FA031BBBE00
:104B5000F88F6E3F1EBBB9BE9ED86E3F2A44B8BECA
:104B6000B0206F3FC3CCB6BE30686F3FEC54B5BECB
:104B70001BAF6F3FA5DCB3BE73F56F3FEF63B2BEF3
:104B8000373B703FCBEAB0BE6680703F3A71AFBE34
:104B900002C5703F3CF7ADBE0809713FD47CACBE86
:104BA0007A4C713F0102ABBE578F713FC486A9BEDC
:104BB0009FD1713F1F0BA8BE5213723F128FA6BE2A
:104BC0007054723F9F12A5BEF894723FC595A3BE64
:104BD000EBD4723F8718A2BE4714733FE59AA0BE7C
:104BE0000E53733FDF1C9FBE3F91733F789E9DBE67
:104BF000D9CE733FAF1F9CBEDD0B743F86A09ABE1B
:104C00004B48743FFE2099BE2284743F17A197BE83
:104C100062BF743FD22096BE0BFA743F31A094BE9F
:104C20001D34753F351F93BE976D753FDD9D91BE59
:104C30007BA6753F2C1C90BEC6DE753F229A8EBEA9
:104C40007A16763FC0178DBE974D763F07958BBE7F
:104C50001B84763FF8118ABE07BA763F938E88BED2
:104C60005BEF763FDA0A87BE1724773FCE8685BE94
:104C70003A58773F700284BEC58B773FC07D82BEB5
:104C8000B7BE773FC0F880BE10F1773FE1E67EBE49
:104C9000D122783FA4DB7BBEF853783FCCCF78BEDF
:104CA0008684783F5AC375BE7BB4783F51B672BED6
:104CB000D6E3783FB2A86FBE9812793F7F9A6CBE58
:104CC000C040793FBA8B69BE4E6E793F667C66BE46
:104CD000439B793F836C63BE9DC7793F135C60BE85
:104CE0005EF3793F1A4B5DBE841E7A3F97395ABEF8
:104CF00010497A3F8F2757BE02737A3F011554BE81
:104D0000599C7A3FF10151BE16C57A3F60EE4DBE07
:104D100037ED7A3F4FDA4ABEBE147B3FC2C547BE6D
:104D2000AB3B7B3FB9B044BEFC617B3F379B41BE90
:104D3000B2877B3F3E853EBECDAC7B3FCF6E3BBE58
:104D40004DD17B3FEC5738BE31F57B3F984035BEA7
:104D50007A187C3FD42832BE283B7C3FA2102FBE5D
:104D60003A5D7C3F04F82BBEB07E7C3FFCDE28BE63
:104D70008A9F7C3F8CC525BEC9BF7C3FB6AB22BE97
:104D80006CDF7C3F7B911FBE73FE7C3FDE761CBEDA
:104D9000DD1C7D3FE05B19BEAC3A7D3F834016BE13
:104DA000DE577D3FCA2413BE74747D3FB70810BE22
:104DB0006E907D3F4AEC0CBECCAB7D3F86CF09BEEA
:104DC0008CC67D3F6EB206BEB1E07D3F029503BE4C
:104DD00038FA7D3F457700BE24137E3F73B2FABD9B
:104DE000722B7E3FC075F4BD23437E3F7638EEBD07
:104DF000385A7E3F9AFAE7BDB0707E3F2EBCE1BDC7
:104E00008B867E3F377DDBBDC99B7E3FB93DD5BDDF
:104E100069B07E3FB7FDCEBD6DC47E3F36BDC8BD17
:104E2000D4D77E3F397CC2BD9DEA7E3FC33ABCBD2C
:104E3000C9FC7E3FDAF8B5BD580E7F3F80B6AFBDE6
:104E4000491F7F3FBA73A9BD9D2F7F3F8C30A3BD03
:104E5000543F7F3FF9EC9CBD6D4E7F3F05A996BD49
:104E6000E95C7F3FB46490BDC76A7F3F0A208ABD7A
:104E700008787F3F0ADB83BDAB847F3F742B7BBD0B
:104E8000B1907F3F38A06EBD189C7F3F681462BD13
:104E9000E3A67F3F0E8855BD0FB17F3F2FFB48BD76
:104EA0009EBA7F3FD56D3CBD8FC37F3F07E02FBDCE
:104EB000E2CB7F3FCC5123BD98D37F3F2CC316BD9F
:104EC000AFDA7F3F2F340ABD29E17F3FB949FBBCF0
:104ED00005E77F3F7B2AE2BC43EC7F3FB00AC9BCB9
:104EE000E3F07F3F69EAAFBCE6F47F3FB6C996BC0A
:104EF0004AF87F3F4B517BBC11FB7F3F900E49BC72
:104F000039FD7F3F59CB16BCC4FE7F3F890FC9BB1B
:104F1000B1FF7F3FC70F49BB0000803F000000008A
:104F200043EC7F3FB00AC93C0FB17F3F2FFB483DA8
:104F30006D4E7F3F05A9963D6DC47E3F36BDC83D91
:104F400024137E3F73B2FA3DAC3A7D3F8340163E58
:104F5000283B7C3FA2102F3EBE147B3FC2C5473E7C
:104F60009DC7793F135C603EF853783FCCCF783EC5
:104F700007BA763F938E883E0BFA743F31A0943E79
:104F80004714733FE59AA03E0809713FD47CAC3EBC
:104F90009ED86E3F2A44B83E5E836C3F15EFC33EF9
:104FA000A7096A3FCA7BCF3ED86B673F80E8DA3EED
:104FB00059AA643F7533E63E98C5613FEA5AF13E0F
:104FC00005BE5E3F275DFC3E1A945B3F3D9C033F60
:104FD0005348583F9BF5083F31DB543FDA390E3FC9
:104FE0003D4D513F2A68133F029F4D3FC07F183F00
:104FF00012D1493FD17F1D3F03E4453F9967223FCE
:1050000070D8413F5636273FF9AE3D3F4AEB2B3F24
:105010004268393FBB85303FF304353FF304353FE9
:10502000BB85303F4268393F4AEB2B3FF9AE3D3FED
:105030005636273F70D8413F9967223F03E4453FEA
:10504000D17F1D3F12D1493FC07F183F029F4D3F86
:105050002A68133F3D4D513FDA390E3F31DB543F53
:105060009BF5083F5348583F3D9C033F1A945B3FD4
:10507000275DFC3E05BE5E3FEA5AF13E98C5613FA2
:105080007533E63E59AA643F80E8DA3ED86B673F45
:10509000CA7BCF3EA7096A3F15EFC33E5E836C3FD4
:1050A0002A44B83E9ED86E3FD47CAC3E0809713F7E
:1050B000E59AA03E4714733F31A0943E0BFA743F2B
:1050C000938E883E07BA763FCCCF783EF853783F30
:1050D000135C603E9DC7793FC2C5473EBE147B3F0F
:1050E000A2102F3E283B7C3F8340163EAC3A7D3FCA
:1050F00073B2FA3D24137E3F36BDC83D6DC47E3F7A
:1051000005A9963D6D4E7F3F2FFB483D0FB17F3F78
:10511000B00AC93C43EC7F3F000000000000803F24
:10512000B00AC9BC43EC7F3F2FFB48BD0FB17F3FA6
:1051300005A996BD6D4E7F3F36BDC8BD6DC47E3F8F
:1051400073B2FABD24137E3F834016BEAC3A7D3F56
:10515000A2102FBE283B7C3FC2C547BEBE147B3F7A
:10516000135C60BE9DC7793FCCCF78BEF853783FC3
:10517000938E88BE07BA763F31A094BE0BFA743F77
:10518000E59AA0BE4714733FD47CACBE0809713FBA
:105190002A44B8BE9ED86E3F15EFC3BE5E836C3FF7
:1051A000CA7BCFBEA7096A3F80E8DABED86B673FEB
:1051B0007533E6BE59AA643FEA5AF1BE98C5613F0D
:1051C000275DFCBE05BE5E3F3D9C03BF1A945B3F5E
:1051D0009BF508BF5348583FDA390EBF31DB543FC7
:1051E0002A6813BF3D4D513FC07F18BF029F4D3FFE
:1051F000D17F1DBF12D1493F996722BF03E4453FCC
:10520000563627BF70D8413F4AEB2BBFF9AE3D3F22
:10521000BB8530BF4268393FF30435BFF304353FE7
:10522000426839BFBB85303FF9AE3DBF4AEB2B3FEB
:1052300070D841BF5636273F03E445BF9967223FE8
:1052400012D149BFD17F1D3F029F4DBFC07F183F84
:105250003D4D51BF2A68133F31DB54BFDA390E3F51
:10526000534858BF9BF5083F1A945BBF3D9C033FD2
:1052700005BE5EBF275DFC3E98C561BFEA5AF13EA0
:1052800059AA64BF7533E63ED86B67BF80E8DA3E43
:10529000A7096ABFCA7BCF3E5E836CBF15EFC33ED2
:1052A0009ED86EBF2A44B83E080971BFD47CAC3E7C
:1052B000471473BFE59AA03E0BFA74BF31A0943E29
:1052C00007BA76BF938E883EF85378BFCCCF783E2E
:1052D0009DC779BF135C603EBE147BBFC2C5473E0D
:1052E000283B7CBFA2102F3EAC3A7DBF8340163EC8
:1052F00024137EBF73B2FA3D6DC47EBF36BDC83D78
:105300006D4E7FBF05A9963D0FB17FBF2FFB483D76
:1053100043EC7FBFB00AC93C000080BF0000000022
:1053200043EC7FBFB00AC9BC0FB17FBF2FFB48BDA4
:105330006D4E7FBF05A996BD6DC47EBF36BDC8BD8D
:1053400024137EBF73B2FABDAC3A7DBF834016BE54
:10535000283B7CBFA2102FBEBE147BBFC2C547BE78
:105360009DC779BF135C60BEF85378BFCCCF78BEC1
:1053700007BA76BF938E88BE0BFA74BF31A094BE75
:10538000471473BFE59AA0BE080971BFD47CACBEB8
:105390009ED86EBF2A44B8BE5E836CBF15EFC3BEF5
:1053A000A7096ABFCA7BCFBED86B67BF80E8DABEE9
:1053B00059AA64BF7533E6BE98C561BFEA5AF1BE0B
:1053C00005BE5EBF275DFCBE1A945BBF3D9C03BF5C
:1053D000534858BF9BF508BF31DB54BFDA390EBFC5
:1053E0003D4D51BF2A6813BF029F4DBFC07F18BFFC
:1053F00012D149BFD17F1DBF03E445BF996722BFCA
:1054000070D841BF563627BFF9AE3DBF4AEB2BBF20
:10541000426839BFBB8530BFF30435BFF30435BFE5
:10542000BB8530BF426839BF4AEB2BBFF9AE3DBFE9
:10543000563627BF70D841BF996722BF03E445BFE6
:10544000D17F1DBF12D149BFC07F18BF029F4DBF82
:105450002A6813BF3D4D51BFDA390EBF31DB54BF4F
:105460009BF508BF534858BF3D9C03BF1A945BBFD0
:10547000275DFCBE05BE5EBFEA5AF1BE98C561BF9E
:105480007533E6BE59AA64BF80E8DABED86B67BF41
:10549000CA7BCFBEA7096ABF15EFC3BE5E836CBFD0
:1054A0002A44B8BE9ED86EBFD47CACBE080971BF7A
:1054B000E59AA0BE471473BF31A094BE0BFA74BF27
:1054C000938E88BE07BA76BFCCCF78BEF85378BF2C
:1054D000135C60BE9DC779BFC2C547BEBE147BBF0B
:1054E000A2102FBE283B7CBF834016BEAC3A7DBFC6
:1054F00073B2FABD24137EBF36BDC8BD6DC47EBF76
:1055000005A996BD6D4E7FBF2FFB48BD0FB17FBF74
:10551000B00AC9BC43EC7FBF00000080000080BF20
:10552000B00AC93C43EC7FBF2FFB483D0FB17FBFA2
:1055300005A9963D6D4E7FBF36BDC83D6DC47EBF8B
:1055400073B2FA3D24137EBF8340163EAC3A7DBF52
:10555000A2102F3E283B7CBFC2C5473EBE147BBF76
:10556000135C603E9DC779BFCCCF783EF85378BFBF
:10557000938E883E07BA76BF31A0943E0BFA74BF73
:10558000E59AA03E471473BFD47CAC3E080971BFB6
:105590002A44B83E9ED86EBF15EFC33E5E836CBFF3
:1055A000CA7BCF3EA7096ABF80E8DA3ED86B67BFE7
:1055B0007533E63E59AA64BFEA5AF13E98C561BF09
:1055C000275DFC3E05BE5EBF3D9C033F1A945BBF5A
:1055D0009BF5083F534858BFDA390E3F31DB54BFC3
:1055E0002A68133F3D4D51BFC07F183F029F4DBFFA
:1055F000D17F1D3F12D149BF9967223F03E445BFC8
:105600005636273F70D841BF4AEB2B3FF9AE3DBF1E
:10561000BB85303F426839BFF304353FF30435BFE3
:105620004268393FBB8530BFF9AE3D3F4AEB2BBFE7
:1056300070D8413F563627BF03E4453F996722BFE4
:1056400012D1493FD17F1DBF029F4D3FC07F18BF80
:105650003D4D513F2A6813BF31DB543FDA390EBF4D
:105660005348583F9BF508BF1A945B3F3D9C03BFCE
:1056700005BE5E3F275DFCBE98C5613FEA5AF1BE9C
:1056800059AA643F7533E6BED86B673F80E8DABE3F
:10569000A7096A3FCA7BCFBE5E836C3F15EFC3BECE
:1056A0009ED86E3F2A44B8BE0809713FD47CACBE78
:1056B0004714733FE59AA0BE0BFA743F31A094BE25
:1056C00007BA763F938E88BEF853783FCCCF78BE2A
:1056D0009DC7793F135C60BEBE147B3FC2C547BE09
:1056E000283B7C3FA2102FBEAC3A7D3F834016BEC4
:1056F00024137E3F73B2FABD6DC47E3F36BDC8BD74
:105700006D4E7F3F05A996BD0FB17F3F2FFB48BD72
:1057100043EC7F3FB00AC9BC0000803F000000009E
:10572000BE147B3FC2C5473E5E836C3F15EFC33E50
:1057300031DB543FDA390E3FF304353FF304353F94
:10574000DA390E3F31DB543F15EFC33E5E836C3FC9
:10575000C2C5473EBE147B3F000000000000803FF2
:10576000C2C547BEBE147B3F15EFC3BE5E836C3F10
:10577000DA390EBF31DB543FF30435BFF304353F54
:1057800031DB54BFDA390E3F5E836CBF15EFC33E89
:10579000BE147BBFC2C5473E000080BF00000000B2
:1057A000BE147BBFC2C547BE5E836CBF15EFC3BED0
:1057B00031DB54BFDA390EBFF30435BFF30435BF14
:1057C000DA390EBF31DB54BF15EFC3BE5E836CBF49
:1057D000C2C547BEBE147BBF00000080000080BF72
:1057E000C2C5473EBE147BBF15EFC33E5E836CBF90
:1057F000DA390E3F31DB54BFF304353FF30435BFD4
:1058000031DB543FDA390EBF5E836C3F15EFC3BE08
:10581000BE147B3FC2C547BE0000803F00000000B1
:1058200011FB7F3F900E493C43EC7F3FB00AC93CDF
:1058300098D37F3F2CC3163D0FB17F3F2FFB483DD0
:10584000AB847F3F742B7B3D6D4E7F3F05A9963D1A
:10585000580E7F3F80B6AF3D6DC47E3F36BDC83D1C
:10586000B0707E3F2EBCE13D24137E3F73B2FA3D03
:10587000CCAB7D3F86CF093EAC3A7D3F8340163EA0
:10588000C9BF7C3FB6AB223E283B7C3FA2102F3ED7
:10589000CDAC7B3FCF6E3B3EBE147B3FC2C5473E87
:1058A00002737A3F0115543E9DC7793F135C603EF9
:1058B0009812793F7F9A6C3EF853783FCCCF783E70
:1058C000C58B773FC07D823E07BA763F938E883E78
:1058D000C6DE753F229A8E3E0BFA743F31A0943E8D
:1058E000DD0B743F86A09A3E4714733FE59AA03EB5
:1058F0005213723F128FA63E0809713FD47CAC3E12
:1059000073F56F3FEF63B23E9ED86E3F2A44B83EB8
:1059100093B26D3F4A1DBE3E5E836C3F15EFC33EA2
:105920000C4B6B3F53B9C93EA7096A3FCA7BCF3EB8
:105930003CBF683F4136D53ED86B673F80E8DA3ED2
:10594000880F663F4F92E03E59AA643F7533E63EAA
:105950005A3C633FBBCBEB3E98C5613FEA5AF13EF0
:105960002146603FCBE0F63E05BE5E3F275DFC3E34
:10597000532D5D3FE4E7003F1A945B3F3D9C033F9E
:105980006AF2593F824B063F5348583F9BF5083F08
:10599000E595563F6B9A0B3F31DB543FDA390E3FAA
:1059A0004918533FCDD3103F3D4D513F2A68133F17
:1059B0001F7A4F3FD9F6153F029F4D3FC07F183FDA
:1059C000F8BB4B3FC6021B3F12D1493FD17F1D3F61
:1059D00065DE473FCBF61F3F03E4453F9967223F13
:1059E00000E2433F25D2243F70D8413F5636273F3F
:1059F00067C73F3F1594293FF9AE3D3F4AEB2B3F28
:105A00003B8F3B3FDE3B2E3F4268393FBB85303FFB
:105A1000233A373FC9C8323FF304353FF304353FDB
:105A2000C9C8323F233A373FBB85303F4268393FD0
:105A3000DE3B2E3F3B8F3B3F4AEB2B3FF9AE3D3FDA
:105A40001594293F67C73F3F5636273F70D8413FDF
:105A500025D2243F00E2433F9967223F03E4453FBC
:105A6000CBF61F3F65DE473FD17F1D3F12D1493F37
:105A7000C6021B3FF8BB4B3FC07F183F029F4D3F04
:105A8000D9F6153F1F7A4F3F2A68133F3D4D513FCE
:105A9000CDD3103F4918533FDA390E3F31DB543F25
:105AA0006B9A0B3FE595563F9BF5083F5348583F8F
:105AB000824B063F6AF2593F3D9C033F1A945B3F7D
:105AC000E4E7003F532D5D3F275DFC3E05BE5E3F92
:105AD000CBE0F63E2146603FEA5AF13E98C5613F71
:105AE000BBCBEB3E5A3C633F7533E63E59AA643F5D
:105AF0004F92E03E880F663F80E8DA3ED86B673F02
:105B00004136D53E3CBF683FCA7BCF3EA7096A3FBE
:105B100053B9C93E0C4B6B3F15EFC33E5E836C3FE0
:105B20004A1DBE3E93B26D3F2A44B83E9ED86E3F9A
:105B3000EF63B23E73F56F3FD47CAC3E0809713F12
:105B4000128FA63E5213723FE59AA03E4714733F50
:105B500086A09A3EDD0B743F31A0943E0BFA743F51
:105B6000229A8E3EC6DE753F938E883E07BA763FF8
:105B7000C07D823EC58B773FCCCF783EF853783FCF
:105B80007F9A6C3E9812793F135C603E9DC7793FC7
:105B90000115543E02737A3FC2C5473EBE147B3F97
:105BA000CF6E3B3ECDAC7B3FA2102F3E283B7C3FCF
:105BB000B6AB223EC9BF7C3F8340163EAC3A7D3F28
:105BC00086CF093ECCAB7D3F73B2FA3D24137E3FB6
:105BD0002EBCE13DB0707E3F36BDC83D6DC47E3FFA
:105BE00080B6AF3D580E7F3F05A9963D6D4E7F3F75
:105BF000742B7B3DAB847F3F2FFB483D0FB17F3F34
:105C00002CC3163D98D37F3FB00AC93C43EC7F3F7D
:105C1000900E493C11FB7F3F000000000000803FD8
:105C2000900E49BC11FB7F3FB00AC9BC43EC7F3FDB
:105C30002CC316BD98D37F3F2FFB48BD0FB17F3FCC
:105C4000742B7BBDAB847F3F05A996BD6D4E7F3F16
:105C500080B6AFBD580E7F3F36BDC8BD6DC47E3F18
:105C60002EBCE1BDB0707E3F73B2FABD24137E3FFF
:105C700086CF09BECCAB7D3F834016BEAC3A7D3F9C
:105C8000B6AB22BEC9BF7C3FA2102FBE283B7C3FD3
:105C9000CF6E3BBECDAC7B3FC2C547BEBE147B3F83
:105CA000011554BE02737A3F135C60BE9DC7793FF5
:105CB0007F9A6CBE9812793FCCCF78BEF853783F6C
:105CC000C07D82BEC58B773F938E88BE07BA763F74
:105CD000229A8EBEC6DE753F31A094BE0BFA743F89
:105CE00086A09ABEDD0B743FE59AA0BE4714733FB1
:105CF000128FA6BE5213723FD47CACBE0809713F0E
:105D0000EF63B2BE73F56F3F2A44B8BE9ED86E3FB4
:105D10004A1DBEBE93B26D3F15EFC3BE5E836C3F9E
:105D200053B9C9BE0C4B6B3FCA7BCFBEA7096A3FB4
:105D30004136D5BE3CBF683F80E8DABED86B673FCE
:105D40004F92E0BE880F663F7533E6BE59AA643FA6
:105D5000BBCBEBBE5A3C633FEA5AF1BE98C5613FEC
:105D6000CBE0F6BE2146603F275DFCBE05BE5E3F30
:105D7000E4E700BF532D5D3F3D9C03BF1A945B3F9A
:105D8000824B06BF6AF2593F9BF508BF5348583F04
:105D90006B9A0BBFE595563FDA390EBF31DB543FA6
:105DA000CDD310BF4918533F2A6813BF3D4D513F13
:105DB000D9F615BF1F7A4F3FC07F18BF029F4D3FD6
:105DC000C6021BBFF8BB4B3FD17F1DBF12D1493F5D
:105DD000CBF61FBF65DE473F996722BF03E4453F0F
:105DE00025D224BF00E2433F563627BF70D8413F3B
:105DF000159429BF67C73F3F4AEB2BBFF9AE3D3F24
:105E0000DE3B2EBF3B8F3B3FBB8530BF4268393FF7
:105E1000C9C832BF233A373FF30435BFF304353FD7
:105E2000233A37BFC9C8323F426839BFBB85303FCC
:105E30003B8F3BBFDE3B2E3FF9AE3DBF4AEB2B3FD6
:105E400067C73FBF1594293F70D841BF5636273FDB
:105E500000E243BF25D2243F03E445BF9967223FB8
:105E600065DE47BFCBF61F3F12D149BFD17F1D3F33
:105E7000F8BB4BBFC6021B3F029F4DBFC07F183F00
:105E80001F7A4FBFD9F6153F3D4D51BF2A68133FCA
:105E9000491853BFCDD3103F31DB54BFDA390E3F21
:105EA000E59556BF6B9A0B3F534858BF9BF5083F8B
:105EB0006AF259BF824B063F1A945BBF3D9C033F79
:105EC000532D5DBFE4E7003F05BE5EBF275DFC3E8E
:105ED000214660BFCBE0F63E98C561BFEA5AF13E6D
:105EE0005A3C63BFBBCBEB3E59AA64BF7533E63E59
:105EF000880F66BF4F92E03ED86B67BF80E8DA3EFE
:105F00003CBF68BF4136D53EA7096ABFCA7BCF3EBA
:105F10000C4B6BBF53B9C93E5E836CBF15EFC33EDC
:105F200093B26DBF4A1DBE3E9ED86EBF2A44B83E96
:105F300073F56FBFEF63B23E080971BFD47CAC3E0E
:105F4000521372BF128FA63E471473BFE59AA03E4C
:105F5000DD0B74BF86A09A3E0BFA74BF31A0943E4D
:105F6000C6DE75BF229A8E3E07BA76BF938E883EF4
:105F7000C58B77BFC07D823EF85378BFCCCF783ECB
:105F8000981279BF7F9A6C3E9DC779BF135C603EC3
:105F900002737ABF0115543EBE147BBFC2C5473E93
:105FA000CDAC7BBFCF6E3B3E283B7CBFA2102F3ECB
:105FB000C9BF7CBFB6AB223EAC3A7DBF8340163E24
:105FC000CCAB7DBF86CF093E24137EBF73B2FA3DB2
:105FD000B0707EBF2EBCE13D6DC47EBF36BDC83DF6
:105FE000580E7FBF80B6AF3D6D4E7FBF05A9963D71
:105FF000AB847FBF742B7B3D0FB17FBF2FFB483D30
:1060000098D37FBF2CC3163D43EC7FBFB00AC93C79
:1060100011FB7FBF900E493C000080BF00000000D4
:1060200011FB7FBF900E49BC43EC7FBFB00AC9BCD7
:1060300098D37FBF2CC316BD0FB17FBF2FFB48BDC8
:10604000AB847FBF742B7BBD6D4E7FBF05A996BD12
:10605000580E7FBF80B6AFBD6DC47EBF36BDC8BD14
:10606000B0707EBF2EBCE1BD24137EBF73B2FABDFB
:10607000CCAB7DBF86CF09BEAC3A7DBF834016BE98
:10608000C9BF7CBFB6AB22BE283B7CBFA2102FBECF
:10609000CDAC7BBFCF6E3BBEBE147BBFC2C547BE7F
:1060A00002737ABF011554BE9DC779BF135C60BEF1
:1060B000981279BF7F9A6CBEF85378BFCCCF78BE68
:1060C000C58B77BFC07D82BE07BA76BF938E88BE70
:1060D000C6DE75BF229A8EBE0BFA74BF31A094BE85
:1060E000DD0B74BF86A09ABE471473BFE59AA0BEAD
:1060F000521372BF128FA6BE080971BFD47CACBE0A
:1061000073F56FBFEF63B2BE9ED86EBF2A44B8BEB0
:1061100093B26DBF4A1DBEBE5E836CBF15EFC3BE9A
:106120000C4B6BBF53B9C9BEA7096ABFCA7BCFBEB0
:106130003CBF68BF4136D5BED86B67BF80E8DABECA
:10614000880F66BF4F92E0BE59AA64BF7533E6BEA2
:106150005A3C63BFBBCBEBBE98C561BFEA5AF1BEE8
:10616000214660BFCBE0F6BE05BE5EBF275DFCBE2C
:10617000532D5DBFE4E700BF1A945BBF3D9C03BF96
:106180006AF259BF824B06BF534858BF9BF508BF00
:10619000E59556BF6B9A0BBF31DB54BFDA390EBFA2
:1061A000491853BFCDD310BF3D4D51BF2A6813BF0F
:1061B0001F7A4FBFD9F615BF029F4DBFC07F18BFD2
:1061C000F8BB4BBFC6021BBF12D149BFD17F1DBF59
:1061D00065DE47BFCBF61FBF03E445BF996722BF0B
:1061E00000E243BF25D224BF70D841BF563627BF37
:1061F00067C73FBF159429BFF9AE3DBF4AEB2BBF20
:106200003B8F3BBFDE3B2EBF426839BFBB8530BFF3
:10621000233A37BFC9C832BFF30435BFF30435BFD3
:10622000C9C832BF233A37BFBB8530BF426839BFC8
:10623000DE3B2EBF3B8F3BBF4AEB2BBFF9AE3DBFD2
:10624000159429BF67C73FBF563627BF70D841BFD7
:1062500025D224BF00E243BF996722BF03E445BFB4
:10626000CBF61FBF65DE47BFD17F1DBF12D149BF2F
:10627000C6021BBFF8BB4BBFC07F18BF029F4DBFFC
:10628000D9F615BF1F7A4FBF2A6813BF3D4D51BFC6
:10629000CDD310BF491853BFDA390EBF31DB54BF1D
:1062A0006B9A0BBFE59556BF9BF508BF534858BF87
:1062B000824B06BF6AF259BF3D9C03BF1A945BBF75
:1062C000E4E700BF532D5DBF275DFCBE05BE5EBF8A
:1062D000CBE0F6BE214660BFEA5AF1BE98C561BF69
:1062E000BBCBEBBE5A3C63BF7533E6BE59AA64BF55
:1062F0004F92E0BE880F66BF80E8DABED86B67BFFA
:106300004136D5BE3CBF68BFCA7BCFBEA7096ABFB6
:1063100053B9C9BE0C4B6BBF15EFC3BE5E836CBFD8
:106320004A1DBEBE93B26DBF2A44B8BE9ED86EBF92
:10633000EF63B2BE73F56FBFD47CACBE080971BF0A
:10634000128FA6BE521372BFE59AA0BE471473BF48
:1063500086A09ABEDD0B74BF31A094BE0BFA74BF49
:10636000229A8EBEC6DE75BF938E88BE07BA76BFF0
:10637000C07D82BEC58B77BFCCCF78BEF85378BFC7
:106380007F9A6CBE981279BF135C60BE9DC779BFBF
:10639000011554BE02737ABFC2C547BEBE147BBF8F
:1063A000CF6E3BBECDAC7BBFA2102FBE283B7CBFC7
:1063B000B6AB22BEC9BF7CBF834016BEAC3A7DBF20
:1063C00086CF09BECCAB7DBF73B2FABD24137EBFAE
:1063D0002EBCE1BDB0707EBF36BDC8BD6DC47EBFF2
:1063E00080B6AFBD580E7FBF05A996BD6D4E7FBF6D
:1063F000742B7BBDAB847FBF2FFB48BD0FB17FBF2C
:106400002CC316BD98D37FBFB00AC9BC43EC7FBF75
:10641000900E49BC11FB7FBF00000080000080BFD0
:10642000900E493C11FB7FBFB00AC93C43EC7FBFD3
:106430002CC3163D98D37FBF2FFB483D0FB17FBFC4
:10644000742B7B3DAB847FBF05A9963D6D4E7FBF0E
:1064500080B6AF3D580E7FBF36BDC83D6DC47EBF10
:106460002EBCE13DB0707EBF73B2FA3D24137EBFF7
:1064700086CF093ECCAB7DBF8340163EAC3A7DBF94
:10648000B6AB223EC9BF7CBFA2102F3E283B7CBFCB
:10649000CF6E3B3ECDAC7BBFC2C5473EBE147BBF7B
:1064A0000115543E02737ABF135C603E9DC779BFED
:1064B0007F9A6C3E981279BFCCCF783EF85378BF64
:1064C000C07D823EC58B77BF938E883E07BA76BF6C
:1064D000229A8E3EC6DE75BF31A0943E0BFA74BF81
:1064E00086A09A3EDD0B74BFE59AA03E471473BFA9
:1064F000128FA63E521372BFD47CAC3E080971BF06
:10650000EF63B23E73F56FBF2A44B83E9ED86EBFAC
:106510004A1DBE3E93B26DBF15EFC33E5E836CBF96
:1065200053B9C93E0C4B6BBFCA7BCF3EA7096ABFAC
:106530004136D53E3CBF68BF80E8DA3ED86B67BFC6
:106540004F92E03E880F66BF7533E63E59AA64BF9E
:10655000BBCBEB3E5A3C63BFEA5AF13E98C561BFE4
:10656000CBE0F63E214660BF275DFC3E05BE5EBF28
:10657000E4E7003F532D5DBF3D9C033F1A945BBF92
:10658000824B063F6AF259BF9BF5083F534858BFFC
:106590006B9A0B3FE59556BFDA390E3F31DB54BF9E
:1065A000CDD3103F491853BF2A68133F3D4D51BF0B
:1065B000D9F6153F1F7A4FBFC07F183F029F4DBFCE
:1065C000C6021B3FF8BB4BBFD17F1D3F12D149BF55
:1065D000CBF61F3F65DE47BF9967223F03E445BF07
:1065E00025D2243F00E243BF5636273F70D841BF33
:1065F0001594293F67C73FBF4AEB2B3FF9AE3DBF1C
:10660000DE3B2E3F3B8F3BBFBB85303F426839BFEF
:10661000C9C8323F233A37BFF304353FF30435BFCF
:10662000233A373FC9C832BF4268393FBB8530BFC4
:106630003B8F3B3FDE3B2EBFF9AE3D3F4AEB2BBFCE
:1066400067C73F3F159429BF70D8413F563627BFD3
:1066500000E2433F25D224BF03E4453F996722BFB0
:1066600065DE473FCBF61FBF12D1493FD17F1DBF2B
:10667000F8BB4B3FC6021BBF029F4D3FC07F18BFF8
:106680001F7A4F3FD9F615BF3D4D513F2A6813BFC2
:106690004918533FCDD310BF31DB543FDA390EBF19
:1066A000E595563F6B9A0BBF5348583F9BF508BF83
:1066B0006AF2593F824B06BF1A945B3F3D9C03BF71
:1066C000532D5D3FE4E700BF05BE5E3F275DFCBE86
:1066D0002146603FCBE0F6BE98C5613FEA5AF1BE65
:1066E0005A3C633FBBCBEBBE59AA643F7533E6BE51
:1066F000880F663F4F92E0BED86B673F80E8DABEF6
:106700003CBF683F4136D5BEA7096A3FCA7BCFBEB2
:106710000C4B6B3F53B9C9BE5E836C3F15EFC3BED4
:1067200093B26D3F4A1DBEBE9ED86E3F2A44B8BE8E
:1067300073F56F3FEF63B2BE0809713FD47CACBE06
:106740005213723F128FA6BE4714733FE59AA0BE44
:10675000DD0B743F86A09ABE0BFA743F31A094BE45
:10676000C6DE753F229A8EBE07BA763F938E88BEEC
:10677000C58B773FC07D82BEF853783FCCCF78BEC3
:106780009812793F7F9A6CBE9DC7793F135C60BEBB
:1067900002737A3F011554BEBE147B3FC2C547BE8B
:1067A000CDAC7B3FCF6E3BBE283B7C3FA2102FBEC3
:1067B000C9BF7C3FB6AB22BEAC3A7D3F834016BE1C
:1067C000CCAB7D3F86CF09BE24137E3F73B2FABDAA
:1067D000B0707E3F2EBCE1BD6DC47E3F36BDC8BDEE
:1067E000580E7F3F80B6AFBD6D4E7F3F05A996BD69
:1067F000AB847F3F742B7BBD0FB17F3F2FFB48BD28
:1068000098D37F3F2CC316BD43EC7F3FB00AC9BC71
:1068100011FB7F3F900E49BC000000000000803F4C
:10682000890FC93BC4FE7F3F900E493C11FB7F3F5F
:10683000B6C9963CE6F47F3FB00AC93C43EC7F3FC3
:10684000B949FB3C29E17F3F2CC3163D98D37F3FDC
:1068500007E02F3D8FC37F3F2FFB483D0FB17F3FA8
:106860006814623D189C7F3F742B7B3DAB847F3F57
:106870000A208A3DC76A7F3F05A9963D6D4E7F3F3E
:106880008C30A33D9D2F7F3F80B6AF3D580E7F3F9C
:10689000C33ABC3D9DEA7E3F36BDC83D6DC47E3FD8
:1068A000B93DD53DC99B7E3F2EBCE13DB0707E3FDA
:1068B0007638EE3D23437E3F73B2FA3D24137E3F8C
:1068C0000295033EB1E07D3F86CF093ECCAB7D3FD4
:1068D000B708103E74747D3F8340163EAC3A7D3F4E
:1068E000DE761C3E73FE7C3FB6AB223EC9BF7C3FCA
:1068F000FCDE283EB07E7C3FA2102F3E283B7C3F32
:106900009840353E31F57B3FCF6E3B3ECDAC7B3F73
:10691000379B413EFC617B3FC2C5473EBE147B3F77
:1069200060EE4D3E16C57A3F0115543E02737A3F24
:1069300097395A3E841E7A3F135C603E9DC7793F6B
:10694000667C663E4E6E793F7F9A6C3E9812793F28
:1069500051B6723E7BB4783FCCCF783EF853783F47
:10696000E1E67E3E10F1773FC07D823EC58B773FEA
:10697000CE86853E1724773F938E883E07BA763FB2
:1069800007958B3E974D763F229A8E3EC6DE753F29
:10699000DD9D913E976D753F31A0943E0BFA743F9B
:1069A00017A1973E2284743F86A09A3EDD0B743F68
:1069B000789E9D3E3F91733FE59AA03E4714733FFA
:1069C000C595A33EF894723F128FA63E5213723FB4
:1069D000C486A93E578F713FD47CAC3E0809713FF5
:1069E0003A71AF3E6680703FEF63B23E73F56F3F22
:1069F000EC54B53E30686F3F2A44B83E9ED86E3F97
:106A0000A031BB3EBE466E3F4A1DBE3E93B26D3FB7
:106A10001E07C13E1D1C6D3F15EFC33E5E836C3FDC
:106A200029D5C63E58E86B3F53B9C93E0C4B6B3F66
:106A30008B9BCC3E7BAB6A3FCA7BCF3EA7096A3FAC
:106A4000095AD23E9165693F4136D53E3CBF683F09
:106A50006B10D83EA816683F80E8DA3ED86B673FD7
:106A600079BEDD3ECCBE663F4F92E03E880F663F6A
:106A7000FA63E33E0B5E653F7533E63E59AA643F19
:106A8000B700E93E73F4633FBBCBEB3E5A3C633F38
:106A90007994EE3E1082623FEA5AF13E98C5613F1A
:106AA000071FF43EF206613FCBE0F63E2146603F11
:106AB0002DA0F93E27835F3F275DFC3E05BE5E3F6C
:106AC000B217FF3EBEF65D3FE4E7003F532D5D3F4A
:106AD000B142023FC7615C3F3D9C033F1A945B3F5C
:106AE00084F4043F50C45A3F824B063F6AF2593F38
:106AF00036A1073F6A1E593F9BF5083F5348583F50
:106B0000AD480A3F2670573F6B9A0B3FE595563FBD
:106B1000D0EA0C3F93B9553FDA390E3F31DB543F91
:106B200084870F3FC3FA533FCDD3103F4918533FDB
:106B3000B01E123FC633523F2A68133F3D4D513FAE
:106B400039B0143FAF64503FD9F6153F1F7A4F3F1D
:106B5000073C173F908D4E3FC07F183F029F4D3F2F
:106B600000C2193F79AE4C3FC6021B3FF8BB4B3FFA
:106B70000C421C3F7FC74A3FD17F1D3F12D1493F86
:106B800012BC1E3FB3D8483FCBF61F3F65DE473FE0
:106B9000F92F213F2AE2463F9967223F03E4453F10
:106BA000A99D233FF5E3443F25D2243F00E2433F24
:106BB0000A05263F29DE423F5636273F70D8413F1F
:106BC0000566283FDAD0403F1594293F67C73F3F0D
:106BD00082C02A3F1BBC3E3F4AEB2B3FF9AE3D3FF4
:106BE00069142D3F03A03C3FDE3B2E3F3B8F3B3FD4
:106BF000A5612F3FA47C3A3FBB85303F4268393FB7
:106C00001DA8313F1652383FC9C8323F233A373F9B
:106C1000BCE7333F6C20363FF304353FF304353F88
:106C20006C20363FBCE7333F233A373FC9C8323F79
:106C30001652383F1DA8313F4268393FBB85303F6F
:106C4000A47C3A3FA5612F3F3B8F3B3FDE3B2E3F6D
:106C500003A03C3F69142D3FF9AE3D3F4AEB2B3F6B
:106C60001BBC3E3F82C02A3F67C73F3F1594293F68
:106C7000DAD0403F0566283F70D8413F5636273F5F
:106C800029DE423F0A05263F00E2433F25D2243F4A
:106C9000F5E3443FA99D233F03E4453F9967223F25
:106CA0002AE2463FF92F213F65DE473FCBF61F3FE3
:106CB000B3D8483F12BC1E3F12D1493FD17F1D3F80
:106CC0007FC74A3F0C421C3FF8BB4B3FC6021B3FED
:106CD00079AE4C3F00C2193F029F4D3FC07F183F25
:106CE000908D4E3F073C173F1F7A4F3FD9F6153F17
:106CF000AF64503F39B0143F3D4D513F2A68133FB8
:106D0000C633523FB01E123F4918533FCDD3103FF8
:106D1000C3FA533F84870F3F31DB543FDA390E3FCC
:106D200093B9553FD0EA0C3FE595563F6B9A0B3F20
:106D30002670573FAD480A3F5348583F9BF5083FE0
:106D40006A1E593F36A1073F6AF2593F824B063F00
:106D500050C45A3F84F4043F1A945B3F3D9C033F68
:106D6000C7615C3FB142023F532D5D3FE4E7003F06
:106D7000BEF65D3FB217FF3E05BE5E3F275DFC3E9F
:106D800027835F3F2DA0F93E2146603FCBE0F63ED2
:106D9000F206613F071FF43E98C5613FEA5AF13E93
:106DA0001082623F7994EE3E5A3C633FBBCBEB3E90
:106DB00073F4633FB700E93E59AA643F7533E63E7A
:106DC0000B5E653FFA63E33E880F663F4F92E03EFD
:106DD000CCBE663F79BEDD3ED86B673F80E8DA3EC9
:106DE000A816683F6B10D83E3CBF683F4136D53E81
:106DF0009165693F095AD23EA7096A3FCA7BCF3ED7
:106E00007BAB6A3F8B9BCC3E0C4B6B3F53B9C93E6F
:106E100058E86B3F29D5C63E5E836C3F15EFC33EF5
:106E20001D1C6D3F1E07C13E93B26D3F4A1DBE3E05
:106E3000BE466E3FA031BB3E9ED86E3F2A44B83E50
:106E400030686F3FEC54B53E73F56F3FEF63B23E71
:106E50006680703F3A71AF3E0809713FD47CAC3E0A
:106E6000578F713FC486A93E5213723F128FA63EC0
:106E7000F894723FC595A33E4714733FE59AA03E30
:106E80003F91733F789E9D3EDD0B743F86A09A3EF6
:106E90002284743F17A1973E0BFA743F31A0943EB1
:106EA000976D753FDD9D913EC6DE753F229A8E3E01
:106EB000974D763F07958B3E07BA763F938E883E77
:106EC0001724773FCE86853EC58B773FC07D823EB7
:106ED00010F1773FE1E67E3EF853783FCCCF783E25
:106EE0007BB4783F51B6723E9812793F7F9A6C3EE0
:106EF0004E6E793F667C663E9DC7793F135C603E6F
:106F0000841E7A3F97395A3E02737A3F0115543EE8
:106F100016C57A3F60EE4D3EBE147B3FC2C5473E6C
:106F2000FC617B3F379B413ECDAC7B3FCF6E3B3E10
:106F300031F57B3F9840353E283B7C3FA2102F3EE9
:106F4000B07E7C3FFCDE283EC9BF7C3FB6AB223E14
:106F500073FE7C3FDE761C3EAC3A7D3F8340163E9E
:106F600074747D3FB708103ECCAB7D3F86CF093EA1
:106F7000B1E07D3F0295033E24137E3F73B2FA3D9C
:106F800023437E3F7638EE3DB0707E3F2EBCE13D20
:106F9000C99B7E3FB93DD53D6DC47E3F36BDC83DE2
:106FA0009DEA7E3FC33ABC3D580E7F3F80B6AF3D61
:106FB0009D2F7F3F8C30A33D6D4E7F3F05A9963DB1
:106FC000C76A7F3F0A208A3DAB847F3F742B7B3D9D
:106FD000189C7F3F6814623D0FB17F3F2FFB483DF7
:106FE0008FC37F3F07E02F3D98D37F3F2CC3163DD3
:106FF00029E17F3FB949FB3C43EC7F3FB00AC93CE4
:10700000E6F47F3FB6C9963C11FB7F3F900E493CAA
:10701000C4FE7F3F890FC93B0000803F0000000095
:10702000C4FE7F3F890FC9BB11FB7F3F900E49BC57
:10703000E6F47F3FB6C996BC43EC7F3FB00AC9BCBB
:1070400029E17F3FB949FBBC98D37F3F2CC316BDD4
:107050008FC37F3F07E02FBD0FB17F3F2FFB48BDA0
:10706000189C7F3F681462BDAB847F3F742B7BBD4F
:10707000C76A7F3F0A208ABD6D4E7F3F05A996BD36
:107080009D2F7F3F8C30A3BD580E7F3F80B6AFBD94
:107090009DEA7E3FC33ABCBD6DC47E3F36BDC8BDD0
:1070A000C99B7E3FB93DD5BDB0707E3F2EBCE1BDD2
:1070B00023437E3F7638EEBD24137E3F73B2FABD84
:1070C000B1E07D3F029503BECCAB7D3F86CF09BECC
:1070D00074747D3FB70810BEAC3A7D3F834016BE46
:1070E00073FE7C3FDE761CBEC9BF7C3FB6AB22BEC2
:1070F000B07E7C3FFCDE28BE283B7C3FA2102FBE2A
:1071000031F57B3F984035BECDAC7B3FCF6E3BBE6B
:10711000FC617B3F379B41BEBE147B3FC2C547BE6F
:1071200016C57A3F60EE4DBE02737A3F011554BE1C
:10713000841E7A3F97395ABE9DC7793F135C60BE63
:107140004E6E793F667C66BE9812793F7F9A6CBE20
:107150007BB4783F51B672BEF853783FCCCF78BE3F
:1071600010F1773FE1E67EBEC58B773FC07D82BEE2
:107170001724773FCE8685BE07BA763F938E88BEAA
:10718000974D763F07958BBEC6DE753F229A8EBE21
:10719000976D753FDD9D91BE0BFA743F31A094BE93
:1071A0002284743F17A197BEDD0B743F86A09ABE60
:1071B0003F91733F789E9DBE4714733FE59AA0BEF2
:1071C000F894723FC595A3BE5213723F128FA6BEAC
:1071D000578F713FC486A9BE0809713FD47CACBEED
:1071E0006680703F3A71AFBE73F56F3FEF63B2BE1A
:1071F00030686F3FEC54B5BE9ED86E3F2A44B8BE8F
:10720000BE466E3FA031BBBE93B26D3F4A1DBEBEAF
:107210001D1C6D3F1E07C1BE5E836C3F15EFC3BED4
:1072200058E86B3F29D5C6BE0C4B6B3F53B9C9BE5E
:107230007BAB6A3F8B9BCCBEA7096A3FCA7BCFBEA4
:107240009165693F095AD2BE3CBF683F4136D5BE01
:10725000A816683F6B10D8BED86B673F80E8DABECF
:10726000CCBE663F79BEDDBE880F663F4F92E0BE62
:107270000B5E653FFA63E3BE59AA643F7533E6BE11
:1072800073F4633FB700E9BE5A3C633FBBCBEBBE30
:107290001082623F7994EEBE98C5613FEA5AF1BE12
:1072A000F206613F071FF4BE2146603FCBE0F6BE09
:1072B00027835F3F2DA0F9BE05BE5E3F275DFCBE64
:1072C000BEF65D3FB217FFBE532D5D3FE4E700BF42
:1072D000C7615C3FB14202BF1A945B3F3D9C03BF54
:1072E00050C45A3F84F404BF6AF2593F824B06BF30
:1072F0006A1E593F36A107BF5348583F9BF508BF48
:107300002670573FAD480ABFE595563F6B9A0BBFB5
:1073100093B9553FD0EA0CBF31DB543FDA390EBF89
:10732000C3FA533F84870FBF4918533FCDD310BFD3
:10733000C633523FB01E12BF3D4D513F2A6813BFA6
:10734000AF64503F39B014BF1F7A4F3FD9F615BF15
:10735000908D4E3F073C17BF029F4D3FC07F18BF27
:1073600079AE4C3F00C219BFF8BB4B3FC6021BBFF2
:107370007FC74A3F0C421CBF12D1493FD17F1DBF7E
:10738000B3D8483F12BC1EBF65DE473FCBF61FBFD8
:107390002AE2463FF92F21BF03E4453F996722BF08
:1073A000F5E3443FA99D23BF00E2433F25D224BF1C
:1073B00029DE423F0A0526BF70D8413F563627BF17
:1073C000DAD0403F056628BF67C73F3F159429BF05
:1073D0001BBC3E3F82C02ABFF9AE3D3F4AEB2BBFEC
:1073E00003A03C3F69142DBF3B8F3B3FDE3B2EBFCC
:1073F000A47C3A3FA5612FBF4268393FBB8530BFAF
:107400001652383F1DA831BF233A373FC9C832BF93
:107410006C20363FBCE733BFF304353FF30435BF80
:10742000BCE7333F6C2036BFC9C8323F233A37BF71
:107430001DA8313F165238BFBB85303F426839BF67
:10744000A5612F3FA47C3ABFDE3B2E3F3B8F3BBF65
:1074500069142D3F03A03CBF4AEB2B3FF9AE3DBF63
:1074600082C02A3F1BBC3EBF1594293F67C73FBF60
:107470000566283FDAD040BF5636273F70D841BF57
:107480000A05263F29DE42BF25D2243F00E243BF42
:10749000A99D233FF5E344BF9967223F03E445BF1D
:1074A000F92F213F2AE246BFCBF61F3F65DE47BFDB
:1074B00012BC1E3FB3D848BFD17F1D3F12D149BF78
:1074C0000C421C3F7FC74ABFC6021B3FF8BB4BBFE5
:1074D00000C2193F79AE4CBFC07F183F029F4DBF1D
:1074E000073C173F908D4EBFD9F6153F1F7A4FBF0F
:1074F00039B0143FAF6450BF2A68133F3D4D51BFB0
:10750000B01E123FC63352BFCDD3103F491853BFF0
:1075100084870F3FC3FA53BFDA390E3F31DB54BFC4
:10752000D0EA0C3F93B955BF6B9A0B3FE59556BF18
:10753000AD480A3F267057BF9BF5083F534858BFD8
:1075400036A1073F6A1E59BF824B063F6AF259BFF8
:1075500084F4043F50C45ABF3D9C033F1A945BBF60
:10756000B142023FC7615CBFE4E7003F532D5DBFFE
:10757000B217FF3EBEF65DBF275DFC3E05BE5EBF97
:107580002DA0F93E27835FBFCBE0F63E214660BFCA
:10759000071FF43EF20661BFEA5AF13E98C561BF8B
:1075A0007994EE3E108262BFBBCBEB3E5A3C63BF88
:1075B000B700E93E73F463BF7533E63E59AA64BF72
:1075C000FA63E33E0B5E65BF4F92E03E880F66BFF5
:1075D00079BEDD3ECCBE66BF80E8DA3ED86B67BFC1
:1075E0006B10D83EA81668BF4136D53E3CBF68BF79
:1075F000095AD23E916569BFCA7BCF3EA7096ABFCF
:107600008B9BCC3E7BAB6ABF53B9C93E0C4B6BBF67
:1076100029D5C63E58E86BBF15EFC33E5E836CBFED
:107620001E07C13E1D1C6DBF4A1DBE3E93B26DBFFD
:10763000A031BB3EBE466EBF2A44B83E9ED86EBF48
:10764000EC54B53E30686FBFEF63B23E73F56FBF69
:107650003A71AF3E668070BFD47CAC3E080971BF02
:10766000C486A93E578F71BF128FA63E521372BFB8
:10767000C595A33EF89472BFE59AA03E471473BF28
:10768000789E9D3E3F9173BF86A09A3EDD0B74BFEE
:1076900017A1973E228474BF31A0943E0BFA74BFA9
:1076A000DD9D913E976D75BF229A8E3EC6DE75BFF9
:1076B00007958B3E974D76BF938E883E07BA76BF6F
:1076C000CE86853E172477BFC07D823EC58B77BFAF
:1076D000E1E67E3E10F177BFCCCF783EF85378BF1D
:1076E00051B6723E7BB478BF7F9A6C3E981279BFD8
:1076F000667C663E4E6E79BF135C603E9DC779BF67
:1077000097395A3E841E7ABF0115543E02737ABFE0
:1077100060EE4D3E16C57ABFC2C5473EBE147BBF64
:10772000379B413EFC617BBFCF6E3B3ECDAC7BBF08
:107730009840353E31F57BBFA2102F3E283B7CBFE1
:10774000FCDE283EB07E7CBFB6AB223EC9BF7CBF0C
:10775000DE761C3E73FE7CBF8340163EAC3A7DBF96
:10776000B708103E74747DBF86CF093ECCAB7DBF99
:107770000295033EB1E07DBF73B2FA3D24137EBF94
:107780007638EE3D23437EBF2EBCE13DB0707EBF18
:10779000B93DD53DC99B7EBF36BDC83D6DC47EBFDA
:1077A000C33ABC3D9DEA7EBF80B6AF3D580E7FBF59
:1077B0008C30A33D9D2F7FBF05A9963D6D4E7FBFA9
:1077C0000A208A3DC76A7FBF742B7B3DAB847FBF95
:1077D0006814623D189C7FBF2FFB483D0FB17FBFEF
:1077E00007E02F3D8FC37FBF2CC3163D98D37FBFCB
:1077F000B949FB3C29E17FBFB00AC93C43EC7FBFDC
:10780000B6C9963CE6F47FBF900E493C11FB7FBFA2
:10781000890FC93BC4FE7FBF000000000000803F0D
:10782000C70F493BB1FF7F3F890FC93BC4FE7F3F74
:1078300059CB163C39FD7F3F900E493C11FB7F3FF1
:107840004B517B3C4AF87F3FB6C9963CE6F47F3FFC
:1078500069EAAF3CE3F07F3FB00AC93C43EC7F3FAD
:107860007B2AE23C05E77F3FB949FB3C29E17F3FAA
:107870002F340A3DAFDA7F3F2CC3163D98D37F3FAC
:10788000CC51233DE2CB7F3F07E02F3D8FC37F3FAD
:10789000D56D3C3D9EBA7F3F2FFB483D0FB17F3FEA
:1078A0000E88553DE3A67F3F6814623D189C7F3FDC
:1078B00038A06E3DB1907F3F742B7B3DAB847F3F02
:1078C0000ADB833D08787F3F0A208A3DC76A7F3FF5
:1078D000B464903DE95C7F3F05A9963D6D4E7F3FC6
:1078E000F9EC9C3D543F7F3F8C30A33D9D2F7F3F63
:1078F000BA73A93D491F7F3F80B6AF3D580E7F3F09
:10790000DAF8B53DC9FC7E3FC33ABC3D9DEA7E3FF7
:10791000397CC23DD4D77E3F36BDC83D6DC47E3F65
:10792000B7FDCE3D69B07E3FB93DD53DC99B7E3F99
:10793000377DDB3D8B867E3F2EBCE13DB0707E3FC8
:107940009AFAE73D385A7E3F7638EE3D23437E3F34
:10795000C075F43D722B7E3F73B2FA3D24137E3F17
:107960004577003E38FA7D3F0295033EB1E07D3F0A
:107970006EB2063E8CC67D3F86CF093ECCAB7D3FC6
:107980004AEC0C3E6E907D3FB708103E74747D3F0C
:10799000CA24133EDE577D3F8340163EAC3A7D3FFE
:1079A000E05B193EDD1C7D3FDE761C3E73FE7C3FB6
:1079B0007B911F3E6CDF7C3FB6AB223EC9BF7C3F54
:1079C0008CC5253E8A9F7C3FFCDE283EB07E7C3FF6
:1079D00004F82B3E3A5D7C3FA2102F3E283B7C3FB3
:1079E000D428323E7A187C3F9840353E31F57B3FB3
:1079F000EC57383E4DD17B3FCF6E3B3ECDAC7B3F0D
:107A00003E853E3EB2877B3F379B413EFC617B3FDC
:107A1000B9B0443EAB3B7B3FC2C5473EBE147B3F43
:107A20004FDA4A3E37ED7A3F60EE4D3E16C57A3F5B
:107A3000F101513E599C7A3F0115543E02737A3F41
:107A40008F27573E10497A3F97395A3E841E7A3F16
:107A50001A4B5D3E5EF3793F135C603E9DC7793FF4
:107A6000836C633E439B793F667C663E4E6E793FF6
:107A7000BA8B693EC040793F7F9A6C3E9812793F3D
:107A8000B2A86F3ED6E3783F51B6723E7BB4783FE2
:107A90005AC3753E8684783FCCCF783EF853783F02
:107AA000A4DB7B3ED122783FE1E67E3E10F1773FBA
:107AB000C0F8803EB7BE773FC07D823EC58B773F22
:107AC0007002843E3A58773FCE86853E1724773F32
:107AD000DA0A873E5BEF763F938E883E07BA763FA1
:107AE000F8118A3E1B84763F07958B3E974D763F73
:107AF000C0178D3E7A16763F229A8E3EC6DE753FBF
:107B00002C1C903E7BA6753FDD9D913E976D753F89
:107B1000351F933E1D34753F31A0943E0BFA743FE0
:107B2000D220963E62BF743F17A1973E2284743FD5
:107B3000FE20993E4B48743F86A09A3EDD0B743F71
:107B4000AF1F9C3ED9CE733F789E9D3E3F91733FC1
:107B5000DF1C9F3E0E53733FE59AA03E4714733FD0
:107B60008718A23EEBD4723FC595A33EF894723FAE
:107B70009F12A53E7054723F128FA63E5213723F61
:107B80001F0BA83E9FD1713FC486A93E578F713FFE
:107B90000102AB3E7A4C713FD47CAC3E0809713F88
:107BA0003CF7AD3E02C5703F3A71AF3E6680703F14
:107BB000CBEAB03E373B703FEF63B23E73F56F3FA9
:107BC000A5DCB33E1BAF6F3FEC54B53E30686F3F52
:107BD000C3CCB63EB0206F3F2A44B83E9ED86E3F1D
:107BE0001EBBB93EF88F6E3FA031BB3EBE466E3F16
:107BF000AFA7BC3EF2FC6D3F4A1DBE3E93B26D3F47
:107C00006F92BF3EA1676D3F1E07C13E1D1C6D3FB9
:107C1000557BC23E07D06C3F15EFC33E5E836C3F81
:107C20005C62C53E24366C3F29D5C63E58E86B3FA2
:107C30007C47C83EFB996B3F53B9C93E0C4B6B3F29
:107C4000AE2ACB3E8CFB6A3F8B9BCC3E7BAB6A3F24
:107C5000EA0BCE3ED95A6A3FCA7BCF3EA7096A3F9C
:107C60002AEBD03EE4B7693F095AD23E9165693F9D
:107C700067C8D33EAE12693F4136D53E3CBF683F30
:107C800099A3D63E396B683F6B10D83EA816683F63
:107C9000B97CD93E87C1673F80E8DA3ED86B673F41
:107CA000C153DC3E9915673F79BEDD3ECCBE663FD1
:107CB000A928DF3E7167663F4F92E03E880F663F1E
:107CC0006AFBE13E10B7653FFA63E33E0B5E653F3A
:107CD000FECBE43E7904653F7533E63E59AA643F26
:107CE0005D9AE73EAC4F643FB700E93E73F4633FF3
:107CF0008166EA3EAC98633FBBCBEB3E5A3C633FA8
:107D00006330ED3E7BDF623F7994EE3E1082623F4E
:107D1000FBF7EF3E1A24623FEA5AF13E98C5613FF5
:107D200043BDF23E8A66613F071FF43EF206613FA3
:107D30003580F53ECFA6603FCBE0F63E2146603F62
:107D4000C840F83EE9E45F3F2DA0F93E27835F3F3E
:107D5000F7FEFA3EDB205F3F275DFC3E05BE5E3F3F
:107D6000BBBAFD3EA65A5E3FB217FF3EBEF65D3F70
:107D7000063A003F4D925D3FE4E7003F532D5D3FE3
:107D80007395013FD1C75C3FB142023FC7615C3F81
:107D90009FEF023F34FB5B3F3D9C033F1A945B3FE8
:107DA0008948043F792C5B3F84F4043F50C45A3F18
:107DB0002CA0053FA05B5A3F824B063F6AF2593F19
:107DC00086F6063FAD88593F36A1073F6A1E593FE8
:107DD000924B083FA1B3583F9BF5083F5348583F8B
:107DE0004E9F093F7FDC573FAD480A3F2670573F03
:107DF000B7F10A3F4803573F6B9A0B3FE595563F53
:107E0000C9420C3FFE27563FD0EA0C3F93B9553F7D
:107E100081920D3FA44A553FDA390E3F31DB543F82
:107E2000DBE00E3F3B6B543F84870F3FC3FA533F69
:107E3000D52D103FC789533FCDD3103F4918533F2D
:107E40006B79113F49A6523FB01E123FC633523FD5
:107E50009AC3123FC2C0513F2A68133F3D4D513F64
:107E60005F0C143F37D9503F39B0143FAF64503FD7
:107E7000B753153FA8EF4F3FD9F6153F1F7A4F3F35
:107E80009F99163F17044F3F073C173F908D4E3F79
:107E900012DE173F89164E3FC07F183F029F4D3FAD
:107EA0000F21193FFD264D3F00C2193F79AE4C3FCF
:107EB00093621A3F78354C3FC6021B3FF8BB4B3FDD
:107EC00099A21B3FFA414B3F0C421C3F7FC74A3FE0
:107ED0001FE11C3F874C4A3FD17F1D3F12D1493FD4
:107EE000221E1E3F2155493F12BC1E3FB3D8483FBA
:107EF0009F591F3FCA5B483FCBF61F3F65DE473F98
:107F00009393203F8560473FF92F213F2AE2463F68
:107F1000FBCB213F5463463F9967223F03E4453F33
:107F2000D302233F3964453FA99D233FF5E3443FF6
:107F30001A38243F3763443F25D2243F00E2433FB1
:107F4000CB6B253F5160433F0A05263F29DE423F68
:107F5000E39D263F895B423F5636273F70D8413F1D
:107F600061CE273FE154413F0566283FDAD0403FCC
:107F700041FD283F5C4C403F1594293F67C73F3F78
:107F8000802A2A3FFC413F3F82C02A3F1BBC3E3F24
:107F90001B562B3FC5353E3F4AEB2B3FF9AE3D3FCD
:107FA0000F802C3FB8273D3F69142D3F03A03C3F75
:107FB00059A82D3FD9173C3FDE3B2E3F3B8F3B3F1F
:107FC000F7CE2E3F29063B3FA5612F3FA47C3A3FC9
:107FD000E6F32F3FACF2393FBB85303F4268393F73
:107FE0002217313F65DD383F1DA8313F1652383F1B
:107FF000AA38323F55C6373FC9C8323F233A373FC8
:108000007A58333F7FAD363FBCE7333F6C20363F75
:108010008F76343FE792353FF304353FF304353F25
:10802000E792353F8F76343F6C20363FBCE7333FD5
:108030007FAD363F7A58333F233A373FC9C8323F86
:1080400055C6373FAA38323F1652383F1DA8313F38
:1080500065DD383F2217313F4268393FBB85303FED
:10806000ACF2393FE6F32F3FA47C3A3FA5612F3FA6
:1080700029063B3FF7CE2E3F3B8F3B3FDE3B2E3F5B
:10808000D9173C3F59A82D3F03A03C3F69142D3F11
:10809000B8273D3F0F802C3FF9AE3D3F4AEB2B3FC9
:1080A000C5353E3F1B562B3F1BBC3E3F82C02A3F7F
:1080B000FC413F3F802A2A3F67C73F3F1594293F35
:1080C0005C4C403F41FD283FDAD0403F0566283FE9
:1080D000E154413F61CE273F70D8413F5636273F9C
:1080E000895B423FE39D263F29DE423F0A05263F4A
:1080F0005160433FCB6B253F00E2433F25D2243FF5
:108100003763443F1A38243FF5E3443FA99D233F9A
:108110003964453FD302233F03E4453F9967223F3B
:108120005463463FFBCB213F2AE2463FF92F213FD4
:108130008560473F9393203F65DE473FCBF61F3F67
:10814000CA5B483F9F591F3FB3D8483F12BC1E3FF0
:108150002155493F221E1E3F12D1493FD17F1D3F6D
:10816000874C4A3F1FE11C3F7FC74A3F0C421C3FE0
:10817000FA414B3F99A21B3FF8BB4B3FC6021B3F46
:1081800078354C3F93621A3F79AE4C3F00C2193F9D
:10819000FD264D3F0F21193F029F4D3FC07F183FE5
:1081A00089164E3F12DE173F908D4E3F073C173F1A
:1081B00017044F3F9F99163F1F7A4F3FD9F6153F3F
:1081C000A8EF4F3FB753153FAF64503F39B0143F4E
:1081D00037D9503F5F0C143F3D4D513F2A68133F44
:1081E000C2C0513F9AC3123FC633523FB01E123F26
:1081F00049A6523F6B79113F4918533FCDD3103FE9
:10820000C789533FD52D103FC3FA533F84870F3F93
:108210003B6B543FDBE00E3F31DB543FDA390E3F1E
:10822000A44A553F81920D3F93B9553FD0EA0C3F88
:10823000FE27563FC9420C3FE595563F6B9A0B3FD0
:108240004803573FB7F10A3F2670573FAD480A3FF2
:108250007FDC573F4E9F093F5348583F9BF5083FEF
:10826000A1B3583F924B083F6A1E593F36A1073FC2
:10827000AD88593F86F6063F6AF2593F824B063F6A
:10828000A05B5A3F2CA0053F50C45A3F84F4043FE2
:10829000792C5B3F8948043F1A945B3F3D9C033F28
:1082A00034FB5B3F9FEF023FC7615C3FB142023F3F
:1082B000D1C75C3F7395013F532D5D3FE4E7003F1D
:1082C0004D925D3F063A003FBEF65D3FB217FF3E5E
:1082D000A65A5E3FBBBAFD3E05BE5E3F275DFC3E33
:1082E000DB205F3FF7FEFA3E27835F3F2DA0F93E7C
:1082F000E9E45F3FC840F83E2146603FCBE0F63EF0
:10830000CFA6603F3580F53EF206613F071FF43E81
:108310008A66613F43BDF23E98C5613FEA5AF13E2D
:108320001A24623FFBF7EF3E1082623F7994EE3EE3
:108330007BDF623F6330ED3E5A3C633FBBCBEB3E9D
:10834000AC98633F8166EA3E73F4633FB700E93E51
:10835000AC4F643F5D9AE73E59AA643F7533E63EF1
:108360007904653FFECBE43E0B5E653FFA63E33E76
:1083700010B7653F6AFBE13E880F663F4F92E03ED3
:108380007167663FA928DF3ECCBE663F79BEDD3E01
:108390009915673FC153DC3ED86B673F80E8DA3EF2
:1083A00087C1673FB97CD93EA816683F6B10D83E9D
:1083B000396B683F99A3D63E3CBF683F4136D53EF6
:1083C000AE12693F67C8D33E9165693F095AD23EF4
:1083D000E4B7693F2AEBD03EA7096A3FCA7BCF3E8C
:1083E000D95A6A3FEA0BCE3E7BAB6A3F8B9BCC3EB1
:1083F0008CFB6A3FAE2ACB3E0C4B6B3F53B9C93E58
:10840000FB996B3F7C47C83E58E86B3F29D5C63E79
:1084100024366C3F5C62C53E5E836C3F15EFC33E05
:1084200007D06C3F557BC23E1D1C6D3F1E07C13EF1
:10843000A1676D3F6F92BF3E93B26D3F4A1DBE3E36
:10844000F2FC6D3FAFA7BC3EBE466E3FA031BB3EC7
:10845000F88F6E3F1EBBB93E9ED86E3F2A44B83E91
:10846000B0206F3FC3CCB63E30686F3FEC54B53E92
:108470001BAF6F3FA5DCB33E73F56F3FEF63B23EBA
:10848000373B703FCBEAB03E6680703F3A71AF3EFB
:1084900002C5703F3CF7AD3E0809713FD47CAC3E4D
:1084A0007A4C713F0102AB3E578F713FC486A93EA3
:1084B0009FD1713F1F0BA83E5213723F128FA63EF1
:1084C0007054723F9F12A53EF894723FC595A33E2B
:1084D000EBD4723F8718A23E4714733FE59AA03E43
:1084E0000E53733FDF1C9F3E3F91733F789E9D3E2E
:1084F000D9CE733FAF1F9C3EDD0B743F86A09A3EE2
:108500004B48743FFE20993E2284743F17A1973E4A
:1085100062BF743FD220963E0BFA743F31A0943E66
:108520001D34753F351F933E976D753FDD9D913E20
:108530007BA6753F2C1C903EC6DE753F229A8E3E70
:108540007A16763FC0178D3E974D763F07958B3E46
:108550001B84763FF8118A3E07BA763F938E883E99
:108560005BEF763FDA0A873E1724773FCE86853E5B
:108570003A58773F7002843EC58B773FC07D823E7C
:10858000B7BE773FC0F8803E10F1773FE1E67E3E10
:10859000D122783FA4DB7B3EF853783FCCCF783EA6
:1085A0008684783F5AC3753E7BB4783F51B6723E9D
:1085B000D6E3783FB2A86F3E9812793F7F9A6C3E1F
:1085C000C040793FBA8B693E4E6E793F667C663E0D
:1085D000439B793F836C633E9DC7793F135C603E4C
:1085E0005EF3793F1A4B5D3E841E7A3F97395A3EBF
:1085F00010497A3F8F27573E02737A3F0115543E48
:10860000599C7A3FF101513E16C57A3F60EE4D3ECE
:1086100037ED7A3F4FDA4A3EBE147B3FC2C5473E34
:10862000AB3B7B3FB9B0443EFC617B3F379B413E57
:10863000B2877B3F3E853E3ECDAC7B3FCF6E3B3E1F
:108640004DD17B3FEC57383E31F57B3F9840353E6E
:108650007A187C3FD428323E283B7C3FA2102F3E24
:108660003A5D7C3F04F82B3EB07E7C3FFCDE283E2A
:108670008A9F7C3F8CC5253EC9BF7C3FB6AB223E5E
:108680006CDF7C3F7B911F3E73FE7C3FDE761C3EA1
:10869000DD1C7D3FE05B193EAC3A7D3F8340163EDA
:1086A000DE577D3FCA24133E74747D3FB708103EE9
:1086B0006E907D3F4AEC0C3ECCAB7D3F86CF093EB1
:1086C0008CC67D3F6EB2063EB1E07D3F0295033E13
:1086D00038FA7D3F4577003E24137E3F73B2FA3D62
:1086E000722B7E3FC075F43D23437E3F7638EE3DCE
:1086F000385A7E3F9AFAE73DB0707E3F2EBCE13D8E
:108700008B867E3F377DDB3DC99B7E3FB93DD53DA6
:1087100069B07E3FB7FDCE3D6DC47E3F36BDC83DDE
:10872000D4D77E3F397CC23D9DEA7E3FC33ABC3DF3
:10873000C9FC7E3FDAF8B53D580E7F3F80B6AF3DAD
:10874000491F7F3FBA73A93D9D2F7F3F8C30A33DCA
:10875000543F7F3FF9EC9C3D6D4E7F3F05A9963D10
:10876000E95C7F3FB464903DC76A7F3F0A208A3D41
:1087700008787F3F0ADB833DAB847F3F742B7B3DD2
:10878000B1907F3F38A06E3D189C7F3F6814623DDA
:10879000E3A67F3F0E88553D0FB17F3F2FFB483D3D
:1087A0009EBA7F3FD56D3C3D8FC37F3F07E02F3D95
:1087B000E2CB7F3FCC51233D98D37F3F2CC3163D66
:1087C000AFDA7F3F2F340A3D29E17F3FB949FB3CB7
:1087D00005E77F3F7B2AE23C43EC7F3FB00AC93C80
:1087E000E3F07F3F69EAAF3CE6F47F3FB6C9963CD1
:1087F0004AF87F3F4B517B3C11FB7F3F900E493C39
:1088000039FD7F3F59CB163CC4FE7F3F890FC93BE2
:10881000B1FF7F3FC70F493B0000803F00000000D1
:10882000B1FF7F3FC70F49BBC4FE7F3F890FC9BB64
:1088300039FD7F3F59CB16BC11FB7F3F900E49BCE1
:108840004AF87F3F4B517BBCE6F47F3FB6C996BCEC
:10885000E3F07F3F69EAAFBC43EC7F3FB00AC9BC9D
:1088600005E77F3F7B2AE2BC29E17F3FB949FBBC9A
:10887000AFDA7F3F2F340ABD98D37F3F2CC316BD9C
:10888000E2CB7F3FCC5123BD8FC37F3F07E02FBD9D
:108890009EBA7F3FD56D3CBD0FB17F3F2FFB48BDDA
:1088A000E3A67F3F0E8855BD189C7F3F681462BDCC
:1088B000B1907F3F38A06EBDAB847F3F742B7BBDF2
:1088C00008787F3F0ADB83BDC76A7F3F0A208ABDE5
:1088D000E95C7F3FB46490BD6D4E7F3F05A996BDB6
:1088E000543F7F3FF9EC9CBD9D2F7F3F8C30A3BD53
:1088F000491F7F3FBA73A9BD580E7F3F80B6AFBDF9
:10890000C9FC7E3FDAF8B5BD9DEA7E3FC33ABCBDE7
:10891000D4D77E3F397CC2BD6DC47E3F36BDC8BD55
:1089200069B07E3FB7FDCEBDC99B7E3FB93DD5BD89
:108930008B867E3F377DDBBDB0707E3F2EBCE1BDB8
:10894000385A7E3F9AFAE7BD23437E3F7638EEBD24
:10895000722B7E3FC075F4BD24137E3F73B2FABD07
:1089600038FA7D3F457700BEB1E07D3F029503BEFA
:108970008CC67D3F6EB206BECCAB7D3F86CF09BEB6
:108980006E907D3F4AEC0CBE74747D3FB70810BEFC
:10899000DE577D3FCA2413BEAC3A7D3F834016BEEE
:1089A000DD1C7D3FE05B19BE73FE7C3FDE761CBEA6
:1089B0006CDF7C3F7B911FBEC9BF7C3FB6AB22BE44
:1089C0008A9F7C3F8CC525BEB07E7C3FFCDE28BEE6
:1089D0003A5D7C3F04F82BBE283B7C3FA2102FBEA3
:1089E0007A187C3FD42832BE31F57B3F984035BEA3
:1089F0004DD17B3FEC5738BECDAC7B3FCF6E3BBEFD
:108A0000B2877B3F3E853EBEFC617B3F379B41BECC
:108A1000AB3B7B3FB9B044BEBE147B3FC2C547BE33
:108A200037ED7A3F4FDA4ABE16C57A3F60EE4DBE4B
:108A3000599C7A3FF10151BE02737A3F011554BE31
:108A400010497A3F8F2757BE841E7A3F97395ABE06
:108A50005EF3793F1A4B5DBE9DC7793F135C60BEE4
:108A6000439B793F836C63BE4E6E793F667C66BEE6
:108A7000C040793FBA8B69BE9812793F7F9A6CBE2D
:108A8000D6E3783FB2A86FBE7BB4783F51B672BED2
:108A90008684783F5AC375BEF853783FCCCF78BEF2
:108AA000D122783FA4DB7BBE10F1773FE1E67EBEAA
:108AB000B7BE773FC0F880BEC58B773FC07D82BE12
:108AC0003A58773F700284BE1724773FCE8685BE22
:108AD0005BEF763FDA0A87BE07BA763F938E88BE91
:108AE0001B84763FF8118ABE974D763F07958BBE63
:108AF0007A16763FC0178DBEC6DE753F229A8EBEAF
:108B00007BA6753F2C1C90BE976D753FDD9D91BE79
:108B10001D34753F351F93BE0BFA743F31A094BED0
:108B200062BF743FD22096BE2284743F17A197BEC5
:108B30004B48743FFE2099BEDD0B743F86A09ABE61
:108B4000D9CE733FAF1F9CBE3F91733F789E9DBEB1
:108B50000E53733FDF1C9FBE4714733FE59AA0BEC0
:108B6000EBD4723F8718A2BEF894723FC595A3BE9E
:108B70007054723F9F12A5BE5213723F128FA6BE51
:108B80009FD1713F1F0BA8BE578F713FC486A9BEEE
:108B90007A4C713F0102ABBE0809713FD47CACBE78
:108BA00002C5703F3CF7ADBE6680703F3A71AFBE04
:108BB000373B703FCBEAB0BE73F56F3FEF63B2BE99
:108BC0001BAF6F3FA5DCB3BE30686F3FEC54B5BE42
:108BD000B0206F3FC3CCB6BE9ED86E3F2A44B8BE0D
:108BE000F88F6E3F1EBBB9BEBE466E3FA031BBBE06
:108BF000F2FC6D3FAFA7BCBE93B26D3F4A1DBEBE37
:108C0000A1676D3F6F92BFBE1D1C6D3F1E07C1BEA9
:108C100007D06C3F557BC2BE5E836C3F15EFC3BE71
:108C200024366C3F5C62C5BE58E86B3F29D5C6BE92
:108C3000FB996B3F7C47C8BE0C4B6B3F53B9C9BE19
:108C40008CFB6A3FAE2ACBBE7BAB6A3F8B9BCCBE14
:108C5000D95A6A3FEA0BCEBEA7096A3FCA7BCFBE8C
:108C6000E4B7693F2AEBD0BE9165693F095AD2BE8D
:108C7000AE12693F67C8D3BE3CBF683F4136D5BE20
:108C8000396B683F99A3D6BEA816683F6B10D8BE53
:108C900087C1673FB97CD9BED86B673F80E8DABE31
:108CA0009915673FC153DCBECCBE663F79BEDDBEC1
:108CB0007167663FA928DFBE880F663F4F92E0BE0E
:108CC00010B7653F6AFBE1BE0B5E653FFA63E3BE2A
:108CD0007904653FFECBE4BE59AA643F7533E6BE16
:108CE000AC4F643F5D9AE7BE73F4633FB700E9BEE3
:108CF000AC98633F8166EABE5A3C633FBBCBEBBE98
:108D00007BDF623F6330EDBE1082623F7994EEBE3E
:108D10001A24623FFBF7EFBE98C5613FEA5AF1BEE5
:108D20008A66613F43BDF2BEF206613F071FF4BE93
:108D3000CFA6603F3580F5BE2146603FCBE0F6BE52
:108D4000E9E45F3FC840F8BE27835F3F2DA0F9BE2E
:108D5000DB205F3FF7FEFABE05BE5E3F275DFCBE2F
:108D6000A65A5E3FBBBAFDBEBEF65D3FB217FFBE60
:108D70004D925D3F063A00BF532D5D3FE4E700BFD3
:108D8000D1C75C3F739501BFC7615C3FB14202BF71
:108D900034FB5B3F9FEF02BF1A945B3F3D9C03BFD8
:108DA000792C5B3F894804BF50C45A3F84F404BF08
:108DB000A05B5A3F2CA005BF6AF2593F824B06BF09
:108DC000AD88593F86F606BF6A1E593F36A107BFD8
:108DD000A1B3583F924B08BF5348583F9BF508BF7B
:108DE0007FDC573F4E9F09BF2670573FAD480ABFF3
:108DF0004803573FB7F10ABFE595563F6B9A0BBF43
:108E0000FE27563FC9420CBF93B9553FD0EA0CBF6D
:108E1000A44A553F81920DBF31DB543FDA390EBF72
:108E20003B6B543FDBE00EBFC3FA533F84870FBF59
:108E3000C789533FD52D10BF4918533FCDD310BF1D
:108E400049A6523F6B7911BFC633523FB01E12BFC5
:108E5000C2C0513F9AC312BF3D4D513F2A6813BF54
:108E600037D9503F5F0C14BFAF64503F39B014BFC7
:108E7000A8EF4F3FB75315BF1F7A4F3FD9F615BF25
:108E800017044F3F9F9916BF908D4E3F073C17BF69
:108E900089164E3F12DE17BF029F4D3FC07F18BF9D
:108EA000FD264D3F0F2119BF79AE4C3F00C219BFBF
:108EB00078354C3F93621ABFF8BB4B3FC6021BBFCD
:108EC000FA414B3F99A21BBF7FC74A3F0C421CBFD0
:108ED000874C4A3F1FE11CBF12D1493FD17F1DBFC4
:108EE0002155493F221E1EBFB3D8483F12BC1EBFAA
:108EF000CA5B483F9F591FBF65DE473FCBF61FBF88
:108F00008560473F939320BF2AE2463FF92F21BF58
:108F10005463463FFBCB21BF03E4453F996722BF23
:108F20003964453FD30223BFF5E3443FA99D23BFE6
:108F30003763443F1A3824BF00E2433F25D224BFA1
:108F40005160433FCB6B25BF29DE423F0A0526BF58
:108F5000895B423FE39D26BF70D8413F563627BF0D
:108F6000E154413F61CE27BFDAD0403F056628BFBC
:108F70005C4C403F41FD28BF67C73F3F159429BF68
:108F8000FC413F3F802A2ABF1BBC3E3F82C02ABF14
:108F9000C5353E3F1B562BBFF9AE3D3F4AEB2BBFBD
:108FA000B8273D3F0F802CBF03A03C3F69142DBF65
:108FB000D9173C3F59A82DBF3B8F3B3FDE3B2EBF0F
:108FC00029063B3FF7CE2EBFA47C3A3FA5612FBFB9
:108FD000ACF2393FE6F32FBF4268393FBB8530BF63
:108FE00065DD383F221731BF1652383F1DA831BF0B
:108FF00055C6373FAA3832BF233A373FC9C832BFB8
:109000007FAD363F7A5833BF6C20363FBCE733BF65
:10901000E792353F8F7634BFF304353FF30435BF15
:109020008F76343FE79235BFBCE7333F6C2036BFC5
:109030007A58333F7FAD36BFC9C8323F233A37BF76
:10904000AA38323F55C637BF1DA8313F165238BF28
:109050002217313F65DD38BFBB85303F426839BFDD
:10906000E6F32F3FACF239BFA5612F3FA47C3ABF96
:10907000F7CE2E3F29063BBFDE3B2E3F3B8F3BBF4B
:1090800059A82D3FD9173CBF69142D3F03A03CBF01
:109090000F802C3FB8273DBF4AEB2B3FF9AE3DBFB9
:1090A0001B562B3FC5353EBF82C02A3F1BBC3EBF6F
:1090B000802A2A3FFC413FBF1594293F67C73FBF25
:1090C00041FD283F5C4C40BF0566283FDAD040BFD9
:1090D00061CE273FE15441BF5636273F70D841BF8C
:1090E000E39D263F895B42BF0A05263F29DE42BF3A
:1090F000CB6B253F516043BF25D2243F00E243BFE5
:109100001A38243F376344BFA99D233FF5E344BF8A
:10911000D302233F396445BF9967223F03E445BF2B
:10912000FBCB213F546346BFF92F213F2AE246BFC4
:109130009393203F856047BFCBF61F3F65DE47BF57
:109140009F591F3FCA5B48BF12BC1E3FB3D848BFE0
:10915000221E1E3F215549BFD17F1D3F12D149BF5D
:109160001FE11C3F874C4ABF0C421C3F7FC74ABFD0
:1091700099A21B3FFA414BBFC6021B3FF8BB4BBF36
:1091800093621A3F78354CBF00C2193F79AE4CBF8D
:109190000F21193FFD264DBFC07F183F029F4DBFD5
:1091A00012DE173F89164EBF073C173F908D4EBF0A
:1091B0009F99163F17044FBFD9F6153F1F7A4FBF2F
:1091C000B753153FA8EF4FBF39B0143FAF6450BF3E
:1091D0005F0C143F37D950BF2A68133F3D4D51BF34
:1091E0009AC3123FC2C051BFB01E123FC63352BF16
:1091F0006B79113F49A652BFCDD3103F491853BFD9
:10920000D52D103FC78953BF84870F3FC3FA53BF83
:10921000DBE00E3F3B6B54BFDA390E3F31DB54BF0E
:1092200081920D3FA44A55BFD0EA0C3F93B955BF78
:10923000C9420C3FFE2756BF6B9A0B3FE59556BFC0
:10924000B7F10A3F480357BFAD480A3F267057BFE2
:109250004E9F093F7FDC57BF9BF5083F534858BFDF
:10926000924B083FA1B358BF36A1073F6A1E59BFB2
:1092700086F6063FAD8859BF824B063F6AF259BF5A
:109280002CA0053FA05B5ABF84F4043F50C45ABFD2
:109290008948043F792C5BBF3D9C033F1A945BBF18
:1092A0009FEF023F34FB5BBFB142023FC7615CBF2F
:1092B0007395013FD1C75CBFE4E7003F532D5DBF0D
:1092C000063A003F4D925DBFB217FF3EBEF65DBF4E
:1092D000BBBAFD3EA65A5EBF275DFC3E05BE5EBF23
:1092E000F7FEFA3EDB205FBF2DA0F93E27835FBF6C
:1092F000C840F83EE9E45FBFCBE0F63E214660BFE0
:109300003580F53ECFA660BF071FF43EF20661BF71
:1093100043BDF23E8A6661BFEA5AF13E98C561BF1D
:10932000FBF7EF3E1A2462BF7994EE3E108262BFD3
:109330006330ED3E7BDF62BFBBCBEB3E5A3C63BF8D
:109340008166EA3EAC9863BFB700E93E73F463BF41
:109350005D9AE73EAC4F64BF7533E63E59AA64BFE1
:10936000FECBE43E790465BFFA63E33E0B5E65BF66
:109370006AFBE13E10B765BF4F92E03E880F66BFC3
:10938000A928DF3E716766BF79BEDD3ECCBE66BFF1
:10939000C153DC3E991567BF80E8DA3ED86B67BFE2
:1093A000B97CD93E87C167BF6B10D83EA81668BF8D
:1093B00099A3D63E396B68BF4136D53E3CBF68BFE6
:1093C00067C8D33EAE1269BF095AD23E916569BFE4
:1093D0002AEBD03EE4B769BFCA7BCF3EA7096ABF7C
:1093E000EA0BCE3ED95A6ABF8B9BCC3E7BAB6ABFA1
:1093F000AE2ACB3E8CFB6ABF53B9C93E0C4B6BBF48
:109400007C47C83EFB996BBF29D5C63E58E86BBF69
:109410005C62C53E24366CBF15EFC33E5E836CBFF5
:10942000557BC23E07D06CBF1E07C13E1D1C6DBFE1
:109430006F92BF3EA1676DBF4A1DBE3E93B26DBF26
:10944000AFA7BC3EF2FC6DBFA031BB3EBE466EBFB7
:109450001EBBB93EF88F6EBF2A44B83E9ED86EBF81
:10946000C3CCB63EB0206FBFEC54B53E30686FBF82
:10947000A5DCB33E1BAF6FBFEF63B23E73F56FBFAA
:10948000CBEAB03E373B70BF3A71AF3E668070BFEB
:109490003CF7AD3E02C570BFD47CAC3E080971BF3D
:1094A0000102AB3E7A4C71BFC486A93E578F71BF93
:1094B0001F0BA83E9FD171BF128FA63E521372BFE1
:1094C0009F12A53E705472BFC595A33EF89472BF1B
:1094D0008718A23EEBD472BFE59AA03E471473BF33
:1094E000DF1C9F3E0E5373BF789E9D3E3F9173BF1E
:1094F000AF1F9C3ED9CE73BF86A09A3EDD0B74BFD2
:10950000FE20993E4B4874BF17A1973E228474BF3A
:10951000D220963E62BF74BF31A0943E0BFA74BF56
:10952000351F933E1D3475BFDD9D913E976D75BF10
:109530002C1C903E7BA675BF229A8E3EC6DE75BF60
:10954000C0178D3E7A1676BF07958B3E974D76BF36
:10955000F8118A3E1B8476BF938E883E07BA76BF89
:10956000DA0A873E5BEF76BFCE86853E172477BF4B
:109570007002843E3A5877BFC07D823EC58B77BF6C
:10958000C0F8803EB7BE77BFE1E67E3E10F177BF00
:10959000A4DB7B3ED12278BFCCCF783EF85378BF96
:1095A0005AC3753E868478BF51B6723E7BB478BF8D
:1095B000B2A86F3ED6E378BF7F9A6C3E981279BF0F
:1095C000BA8B693EC04079BF667C663E4E6E79BFFD
:1095D000836C633E439B79BF135C603E9DC779BF3C
:1095E0001A4B5D3E5EF379BF97395A3E841E7ABFAF
:1095F0008F27573E10497ABF0115543E02737ABF38
:10960000F101513E599C7ABF60EE4D3E16C57ABFBE
:109610004FDA4A3E37ED7ABFC2C5473EBE147BBF24
:10962000B9B0443EAB3B7BBF379B413EFC617BBF47
:109630003E853E3EB2877BBFCF6E3B3ECDAC7BBF0F
:10964000EC57383E4DD17BBF9840353E31F57BBF5E
:10965000D428323E7A187CBFA2102F3E283B7CBF14
:1096600004F82B3E3A5D7CBFFCDE283EB07E7CBF1A
:109670008CC5253E8A9F7CBFB6AB223EC9BF7CBF4E
:109680007B911F3E6CDF7CBFDE761C3E73FE7CBF91
:10969000E05B193EDD1C7DBF8340163EAC3A7DBFCA
:1096A000CA24133EDE577DBFB708103E74747DBFD9
:1096B0004AEC0C3E6E907DBF86CF093ECCAB7DBFA1
:1096C0006EB2063E8CC67DBF0295033EB1E07DBF03
:1096D0004577003E38FA7DBF73B2FA3D24137EBF52
:1096E000C075F43D722B7EBF7638EE3D23437EBFBE
:1096F0009AFAE73D385A7EBF2EBCE13DB0707EBF7E
:10970000377DDB3D8B867EBFB93DD53DC99B7EBF96
:10971000B7FDCE3D69B07EBF36BDC83D6DC47EBFCE
:10972000397CC23DD4D77EBFC33ABC3D9DEA7EBFE3
:10973000DAF8B53DC9FC7EBF80B6AF3D580E7FBF9D
:10974000BA73A93D491F7FBF8C30A33D9D2F7FBFBA
:10975000F9EC9C3D543F7FBF05A9963D6D4E7FBF00
:10976000B464903DE95C7FBF0A208A3DC76A7FBF31
:109770000ADB833D08787FBF742B7B3DAB847FBFC2
:1097800038A06E3DB1907FBF6814623D189C7FBFCA
:109790000E88553DE3A67FBF2FFB483D0FB17FBF2D
:1097A000D56D3C3D9EBA7FBF07E02F3D8FC37FBF85
:1097B000CC51233DE2CB7FBF2CC3163D98D37FBF56
:1097C0002F340A3DAFDA7FBFB949FB3C29E17FBFA7
:1097D0007B2AE23C05E77FBFB00AC93C43EC7FBF70
:1097E00069EAAF3CE3F07FBFB6C9963CE6F47FBFC1
:1097F0004B517B3C4AF87FBF900E493C11FB7FBF29
:1098000059CB163C39FD7FBF890FC93BC4FE7FBFD2
:10981000C70F493BB1FF7FBF000000000000803F41
:10982000B00AC93C43EC7F3F2FFB483D0FB17F3F5F
:1098300005A9963D6D4E7F3F36BDC83D6DC47E3F48
:1098400073B2FA3D24137E3F8340163EAC3A7D3F0F
:10985000A2102F3E283B7C3FC2C5473EBE147B3F33
:10986000135C603E9DC7793FCCCF783EF853783F7C
:10987000938E883E07BA763F31A0943E0BFA743F30
:10988000E59AA03E4714733FD47CAC3E0809713F73
:109890002A44B83E9ED86E3F15EFC33E5E836C3FB0
:1098A000CA7BCF3EA7096A3F80E8DA3ED86B673FA4
:1098B0007533E63E59AA643FEA5AF13E98C5613FC6
:1098C000275DFC3E05BE5E3F3D9C033F1A945B3F17
:1098D0009BF5083F5348583FDA390E3F31DB543F80
:1098E0002A68133F3D4D513FC07F183F029F4D3FB7
:1098F000D17F1D3F12D1493F9967223F03E4453F85
:109900005636273F70D8413F4AEB2B3FF9AE3D3FDB
:10991000BB85303F4268393FF304353FF304353FA0
:109920004268393FBB85303FF9AE3D3F4AEB2B3FA4
:1099300070D8413F5636273F03E4453F9967223FA1
:1099400012D1493FD17F1D3F029F4D3FC07F183F3D
:109950003D4D513F2A68133F31DB543FDA390E3F0A
:109960005348583F9BF5083F1A945B3F3D9C033F8B
:1099700005BE5E3F275DFC3E98C5613FEA5AF13E59
:1099800059AA643F7533E63ED86B673F80E8DA3EFC
:10999000A7096A3FCA7BCF3E5E836C3F15EFC33E8B
:1099A0009ED86E3F2A44B83E0809713FD47CAC3E35
:1099B0004714733FE59AA03E0BFA743F31A0943EE2
:1099C00007BA763F938E883EF853783FCCCF783EE7
:1099D0009DC7793F135C603EBE147B3FC2C5473EC6
:1099E000283B7C3FA2102F3EAC3A7D3F8340163E81
:1099F00024137E3F73B2FA3D6DC47E3F36BDC83D31
:109A00006D4E7F3F05A9963D0FB17F3F2FFB483D2F
:109A100043EC7F3FB00AC93C0000803F00000000DB
:109A200043EC7F3FB00AC9BC0FB17F3F2FFB48BD5D
:109A30006D4E7F3F05A996BD6DC47E3F36BDC8BD46
:109A400024137E3F73B2FABDAC3A7D3F834016BE0D
:109A5000283B7C3FA2102FBEBE147B3FC2C547BE31
:109A60009DC7793F135C60BEF853783FCCCF78BE7A
:109A700007BA763F938E88BE0BFA743F31A094BE2E
:109A80004714733FE59AA0BE0809713FD47CACBE71
:109A90009ED86E3F2A44B8BE5E836C3F15EFC3BEAE
:109AA000A7096A3FCA7BCFBED86B673F80E8DABEA2
:109AB00059AA643F7533E6BE98C5613FEA5AF1BEC4
:109AC00005BE5E3F275DFCBE1A945B3F3D9C03BF15
:109AD0005348583F9BF508BF31DB543FDA390EBF7E
:109AE0003D4D513F2A6813BF029F4D3FC07F18BFB5
:109AF00012D1493FD17F1DBF03E4453F996722BF83
:109B000070D8413F563627BFF9AE3D3F4AEB2BBFD9
:109B10004268393FBB8530BFF304353FF30435BF9E
:109B2000BB85303F426839BF4AEB2B3FF9AE3DBFA2
:109B30005636273F70D841BF9967223F03E445BF9F
:109B4000D17F1D3F12D149BFC07F183F029F4DBF3B
:109B50002A68133F3D4D51BFDA390E3F31DB54BF08
:109B60009BF5083F534858BF3D9C033F1A945BBF89
:109B7000275DFC3E05BE5EBFEA5AF13E98C561BF57
:109B80007533E63E59AA64BF80E8DA3ED86B67BFFA
:109B9000CA7BCF3EA7096ABF15EFC33E5E836CBF89
:109BA0002A44B83E9ED86EBFD47CAC3E080971BF33
:109BB000E59AA03E471473BF31A0943E0BFA74BFE0
:109BC000938E883E07BA76BFCCCF783EF85378BFE5
:109BD000135C603E9DC779BFC2C5473EBE147BBFC4
:109BE000A2102F3E283B7CBF8340163EAC3A7DBF7F
:109BF00073B2FA3D24137EBF36BDC83D6DC47EBF2F
:109C000005A9963D6D4E7FBF2FFB483D0FB17FBF2D
:109C1000B00AC93C43EC7FBF000000000000803F59
:109C2000C2C5473EBE147B3F15EFC33E5E836C3F0B
:109C3000DA390E3F31DB543FF304353FF304353F4F
:109C400031DB543FDA390E3F5E836C3F15EFC33E84
:109C5000BE147B3FC2C5473E0000803F00000000AD
:109C6000BE147B3FC2C547BE5E836C3F15EFC3BECB
:109C700031DB543FDA390EBFF304353FF30435BF0F
:109C8000DA390E3F31DB54BF15EFC33E5E836CBF44
:109C9000C2C5473EBE147BBF000000000000803FED
:109CA000D40FC93AECFF7F3FC70F493BB1FF7F3F5D
:109CB000C1CB963B4EFF7F3F890FC93BC4FE7F3F20
:109CC0003053FB3B13FE7F3F59CB163C39FD7F3FA2
:109CD00002ED2F3C39FC7F3F900E493C11FB7F3F4A
:109CE0000030623CC1F97F3F4B517B3C4AF87F3FDB
:109CF00038398A3CACF67F3FB6C9963CE6F47F3FE4
:109D00001C5AA33CF8F27F3F69EAAF3CE3F07F3F87
:109D10009B7ABC3CA7EE7F3FB00AC93C43EC7F3F37
:109D2000A69AD53CB8E97F3F7B2AE23C05E77F3F16
:109D30002DBAEE3C2BE47F3FB949FB3C29E17F3F44
:109D400090EC033D00DE7F3F2F340A3DAFDA7F3FCA
:109D5000B87B103D37D77F3F2CC3163D98D37F3F4C
:109D6000880A1D3DD1CF7F3FCC51233DE2CB7F3FC1
:109D7000F698293DCCC77F3F07E02F3D8FC37F3F3B
:109D8000FC26363D2ABF7F3FD56D3C3D9EBA7F3FC6
:109D900091B4423DEAB57F3F2FFB483D0FB17F3F75
:109DA000AF414F3D0DAC7F3F0E88553DE3A67F3F51
:109DB0004CCE5B3D91A17F3F6814623D189C7F3F74
:109DC000625A683D78967F3F38A06E3DB1907F3FE4
:109DD000E9E5743DC28A7F3F742B7B3DAB847F3FB6
:109DE0006CB8803D6D7E7F3F0ADB833D08787F3F06
:109DF00094FD863D7B717F3F0A208A3DC76A7F3F85
:109E00006A428D3DEC637F3FB464903DE95C7F3FE7
:109E1000E786933DBF557F3F05A9963D6D4E7F3F39
:109E20000ACB993DF4467F3FF9EC9C3D543F7F3F80
:109E3000CF0EA03D8D377F3F8C30A33D9D2F7F3FC0
:109E40003052A63D87277F3FBA73A93D491F7F3F08
:109E50002B95AC3DE4167F3F80B6AF3D580E7F3F5B
:109E6000BBD7B23DA4057F3FDAF8B53DC9FC7E3FC4
:109E7000DD19B93DC7F37E3FC33ABC3D9DEA7E3F45
:109E80008D5BBF3D4CE17E3F397CC23DD4D77E3FE8
:109E9000C69CC53D34CE7E3F36BDC83D6DC47E3FB9
:109EA00086DDCB3D7FBA7E3FB7FDCE3D69B07E3FBC
:109EB000C81DD23D2DA67E3FB93DD53DC99B7E3FF5
:109EC000895DD83D3D917E3F377DDB3D8B867E3F72
:109ED000C49CDE3DB17B7E3F2EBCE13DB0707E3F39
:109EE00076DBE43D88657E3F9AFAE73D385A7E3F4F
:109EF0009A19EB3DC14E7E3F7638EE3D23437E3FBF
:109F00002E57F13D5E377E3FC075F43D722B7E3F8C
:109F10002C94F73D5E1F7E3F73B2FA3D24137E3FC3
:109F200092D0FD3DC2067E3F4577003E38FA7D3F28
:109F30002E06023E88ED7D3F0295033EB1E07D3F57
:109F4000C223053EB2D37D3F6EB2063E8CC67D3F36
:109F50000541083E40B97D3F86CF093ECCAB7D3FF1
:109F6000F35D0B3E309E7D3F4AEC0C3E6E907D3F94
:109F70008B7A0E3E85827D3FB708103E74747D3F1C
:109F8000CC96113E3D667D3FCA24133EDE577D3F91
:109F9000B2B2143E59497D3F8340163EAC3A7D3FF4
:109FA0003DCE173ED82B7D3FE05B193EDD1C7D3F4B
:109FB0006BE91A3EBC0D7D3FDE761C3E73FE7C3F96
:109FC00038041E3E03EF7C3F7B911F3E6CDF7C3FDD
:109FD000A51E213EAECF7C3FB6AB223EC9BF7C3F23
:109FE000AD38243EBDAF7C3F8CC5253E8A9F7C3F6B
:109FF0005152273E318F7C3FFCDE283EB07E7C3FB5
:10A000008D6B2A3E086E7C3F04F82B3E3A5D7C3F08
:10A0100061842D3E444C7C3FA2102F3E283B7C3F68
:10A02000C99C303EE5297C3FD428323E7A187C3FDB
:10A03000C4B4333EE9067C3F9840353E31F57B3F62
:10A0400050CC363E53E37B3FEC57383E4DD17B3FFF
:10A050006CE3393E20BF7B3FCF6E3B3ECDAC7B3FB8
:10A0600015FA3C3E539A7B3F3E853E3EB2877B3F8E
:10A070004910403EEA747B3F379B413EFC617B3F89
:10A080000726433EE74E7B3FB9B0443EAB3B7B3FA8
:10A090004D3B463E48287B3FC2C5473EBE147B3FF2
:10A0A0001850493E0E017B3F4FDA4A3E37ED7A3F6A
:10A0B00067644C3E3AD97A3F60EE4D3E16C57A3F12
:10A0C00038784F3ECBB07A3FF101513E599C7A3FF0
:10A0D000898B523EC1877A3F0115543E02737A3F05
:10A0E000589E553E1C5E7A3F8F27573E10497A3F57
:10A0F000A4B0583EDD337A3F97395A3E841E7A3FEA
:10A100006AC25B3E04097A3F1A4B5D3E5EF3793FBB
:10A11000A8D35E3E91DD793F135C603E9DC7793FD9
:10A120005CE4613E83B1793F836C633E439B793F3E
:10A1300086F4643EDC84793F667C663E4E6E793FF1
:10A140002204683E9A57793FBA8B693EC040793FF6
:10A150002F136B3EBF29793F7F9A6C3E9812793F4F
:10A16000AB216E3E4AFB783FB2A86F3ED6E3783F04
:10A17000942F713E3BCC783F51B6723E7BB4783F12
:10A18000E83C743E939C783F5AC3753E8684783F82
:10A19000A649773E526C783FCCCF783EF853783F53
:10A1A000CB557A3E773B783FA4DB7B3ED122783F8C
:10A1B00056617D3E040A783FE1E67E3E10F1773F2E
:10A1C0002236803EF7D7773FC0F8803EB7BE773F54
:10A1D0004ABB813E51A5773FC07D823EC58B773F0C
:10A1E0002240833E1372773F7002843E3A58773F95
:10A1F000AAC4843E3C3E773FCE86853E1724773FF7
:10A20000DF48863ECC09773FDA0A873E5BEF763F30
:10A21000C1CC873EC4D4763F938E883E07BA763F42
:10A220005050893E249F763FF8118A3E1B84763F2A
:10A230008AD38A3EEC68763F07958B3E974D763FF2
:10A240006E568C3E1B32763FC0178D3E7A16763F97
:10A25000FCD88D3EB3FA753F229A8E3EC6DE753F1E
:10A26000325B8F3EB3C2753F2C1C903E7BA6753F80
:10A2700010DD903E1C8A753FDD9D913E976D753FC8
:10A28000945E923EED50753F351F933E1D34753FF1
:10A29000BFDF933E2717753F31A0943E0BFA743F02
:10A2A0008D60953EC9DC743FD220963E62BF743FFC
:10A2B00000E1963ED5A1743F17A1973E2284743FDA
:10A2C0001661983E4966743FFE20993E4B48743FA4
:10A2D000CEE0993E272A743F86A09A3EDD0B743F5C
:10A2E00027609B3E6EED733FAF1F9C3ED9CE733F00
:10A2F00020DF9C3E1FB0733F789E9D3E3F91733F91
:10A30000B85D9E3E3972733FDF1C9F3E0E53733F14
:10A31000EEDB9F3EBE33733FE59AA03E4714733F8A
:10A32000C259A13EACF4723F8718A23EEBD4723FF3
:10A3300033D7A23E04B5723FC595A33EF894723F51
:10A340003F54A43EC774723F9F12A53E7054723FA3
:10A35000E5D0A53EF433723F128FA63E5213723FF2
:10A36000254DA73E8CF2713F1F0BA83E9FD1713F38
:10A37000FEC8A83E8EB0713FC486A93E578F713F7C
:10A380006F44AA3EFB6D713F0102AB3E7A4C713FB8
:10A3900077BFAB3ED42A713FD47CAC3E0809713FF5
:10A3A000153AAD3E17E7703F3CF7AD3E02C5703F32
:10A3B00049B4AE3EC6A2703F3A71AF3E6680703F70
:10A3C000102EB03EE15D703FCBEAB03E373B703FB0
:10A3D0006BA7B13E6718703FEF63B23E73F56F3FF6
:10A3E0005820B33E5AD26F3FA5DCB33E1BAF6F3F40
:10A3F000D698B43EB88B6F3FEC54B53E30686F3F93
:10A40000E610B63E83446F3FC3CCB63EB0206F3FEC
:10A410008488B73EBAFC6E3F2A44B83E9ED86E3F51
:10A42000B2FFB83E5DB46E3F1EBBB93EF88F6E3FC3
:10A430006E76BA3E6D6B6E3FA031BB3EBE466E3F40
:10A44000B6ECBB3EEB216E3FAFA7BC3EF2FC6D3FCE
:10A450008B62BD3ED5D76D3F4A1DBE3E93B26D3F68
:10A46000EBD7BE3E2D8D6D3F6F92BF3EA1676D3F16
:10A47000D54CC03EF2416D3F1E07C13E1D1C6D3FD5
:10A4800048C1C13E24F66C3F557BC23E07D06C3FAD
:10A490004435C33EC5A96C3F15EFC33E5E836C3F98
:10A4A000C8A8C43ED45C6C3F5C62C53E24366C3F99
:10A4B000D21BC63E500F6C3F29D5C63E58E86B3FB5
:10A4C000628EC73E3BC16B3F7C47C83EFB996B3FEA
:10A4D0007700C93E95726B3F53B9C93E0C4B6B3F39
:10A4E0001072CA3E5E236B3FAE2ACB3E8CFB6A3FA6
:10A4F0002CE3CB3E95D36A3F8B9BCC3E7BAB6A3F34
:10A50000CA53CD3E3C836A3FEA0BCE3ED95A6A3FDE
:10A51000EAC3CE3E52326A3FCA7BCF3EA7096A3FAA
:10A520008A33D03ED7E0693F2AEBD03EE4B7693F9B
:10A53000AAA2D13ECC8E693F095AD23E9165693FAD
:10A540004811D33E323C693F67C8D33EAE12693FE3
:10A55000647FD43E07E9683F4136D53E3CBF683F43
:10A56000FDECD53E4C95683F99A3D63E396B683FCC
:10A57000135AD73E0341683F6B10D83EA816683F78
:10A58000A3C6D83E2AEC673FB97CD93E87C1673F56
:10A59000AD32DA3EC196673F80E8DA3ED86B673F5E
:10A5A000319EDB3ECA40673FC153DC3E9915673F91
:10A5B0002E09DD3E45EA663F79BEDD3ECCBE663FF4
:10A5C000A273DE3E3093663FA928DF3E7167663F87
:10A5D0008DDDDF3E8E3B663F4F92E03E880F663F4B
:10A5E000EE46E13E5EE3653F6AFBE13E10B7653F44
:10A5F000C4AFE23EA08A653FFA63E33E0B5E653F6F
:10A600000E18E43E5431653FFECBE43E7904653FCD
:10A61000CB7FE53E7BD7643F7533E63E59AA643F66
:10A62000FBE6E63E147D643F5D9AE73EAC4F643F37
:10A630009C4DE83E2122643FB700E93E73F4633F3E
:10A64000AEB3E93EA1C6633F8166EA3EAC98633F84
:10A650003019EB3E956A633FBBCBEB3E5A3C633F00
:10A66000217EEC3EFC0D633F6330ED3E7BDF623FBD
:10A6700080E2ED3ED7B0623F7994EE3E1082623FB9
:10A680004C46EF3E2653623FFBF7EF3E1A24623FF3
:10A6900085A9F03EEAF4613FEA5AF13E98C5613F70
:10A6A000290CF23E2296613F43BDF23E8A66613F2D
:10A6B000386EF33ED036613F071FF43EF206613F2D
:10A6C000B1CFF43EF2D6603F3580F53ECFA6603F75
:10A6D0009330F63E8976603FCBE0F63E2146603F00
:10A6E000DC90F73E9615603FC840F83EE9E45F3FD6
:10A6F0008EF0F83E19B45F3F2DA0F93E27835F3FEF
:10A70000A54FFA3E12525F3FF7FEFA3EDB205F3F55
:10A7100022AEFB3E81EF5E3F275DFC3E05BE5E3F05
:10A72000040CFD3E678C5E3FBBBAFD3EA65A5E3F01
:10A730004A69FE3EC3285E3FB217FF3EBEF65D3F4C
:10A74000F3C5FF3E97C45D3F063A003F4D925D3F23
:10A75000FF90003FE15F5D3FE4E7003F532D5D3F29
:10A76000B53E013FA3FA5C3F7395013FD1C75C3F03
:10A770001CEC013FDD945C3FB142023FC7615C3F8E
:10A780003299023F8E2E5C3F9FEF023F34FB5B3FCE
:10A79000F845033FB8C75B3F3D9C033F1A945B3FBE
:10A7A0006DF2033F5A605B3F8948043F792C5B3F61
:10A7B000919E043F75F85A3F84F4043F50C45A3FB9
:10A7C000624A053F09905A3F2CA0053FA05B5A3FC3
:10A7D000E2F5053F16275A3F824B063F6AF2593F82
:10A7E0000EA1063F9CBD593F86F6063FAD88593FF6
:10A7F000E84B073F9C53593F36A1073F6A1E593F1C
:10A800006FF6073F17E9583F924B083FA1B3583FF7
:10A81000A1A0083F0B7E583F9BF5083F5348583F87
:10A820007F4A093F7912583F4E9F093F7FDC573FCF
:10A8300009F4093F63A6573FAD480A3F2670573FCA
:10A840003D9D0A3FC739573FB7F10A3F4803573F7D
:10A850001C460B3FA7CC563F6B9A0B3FE595563FE6
:10A86000A5EE0B3F025F563FC9420C3FFE27563F05
:10A87000D7960C3FD9F0553FD0EA0C3F93B9553FDE
:10A88000B33E0D3F2C82553F81920D3FA44A553F68
:10A8900038E60D3FFB12553FDA390E3F31DB543FAE
:10A8A000658D0E3F47A3543FDBE00E3F3B6B543FAB
:10A8B0003B340F3F0F33543F84870F3FC3FA533F5E
:10A8C000B8DA0F3F55C2533FD52D103FC789533FCC
:10A8D000DC80103F1851533FCDD3103F4918533FF0
:10A8E000A726113F59DF523F6B79113F49A6523FCE
:10A8F00019CC113F186D523FB01E123FC633523F64
:10A900003071123F54FA513F9AC3123FC2C0513FB7
:10A91000EE15133F1087513F2A68133F3D4D513FBD
:10A9200050BA133F4A13513F5F0C143F37D9503F81
:10A93000585E143F039F503F39B0143FAF64503FFF
:10A940000402153F3B2A503FB753153FA8EF4F3F36
:10A9500054A5153FF4B44F3FD9F6153F1F7A4F3F2A
:10A960004748163F2B3F4F3F9F99163F17044F3FD5
:10A97000DFEA163FE4C84E3F073C173F908D4E3F3D
:10A98000188D173F1C524E3F12DE173F89164E3F5F
:10A99000F52E183FD5DA4D3FC07F183F029F4D3F3F
:10A9A00073D0183F10634D3F0F21193FFD264D3FD7
:10A9B0009471193FCBEA4C3F00C2193F79AE4C3F2E
:10A9C00055121A3F08724C3F93621A3F78354C3F3C
:10A9D000B8B21A3FC7F84B3FC6021B3FF8BB4B3F0C
:10A9E000BB521B3F097F4B3F99A21B3FFA414B3F94
:10A9F0005FF21B3FCC044B3F0C421C3F7FC74A3FDA
:10AA0000A2911C3F138A4A3F1FE11C3F874C4A3FDB
:10AA100084301D3FDC0E4A3FD17F1D3F12D1493F9C
:10AA200006CF1D3F2993493F221E1E3F2155493F16
:10AA3000266D1E3FFA16493F12BC1E3FB3D8483F51
:10AA4000E50A1F3F4E9A483F9F591F3FCA5B483F48
:10AA500041A81F3F271D483FCBF61F3F65DE473FFC
:10AA60003B45203F849F473F9393203F8560473F6E
:10AA7000D2E1203F6721473FF92F213F2AE2463F9D
:10AA8000067E213FCEA2463FFBCB213F5463463F8B
:10AA9000D719223FBB23463F9967223F03E4453F36
:10AAA00043B5223F2DA4453FD302233F3964453FA0
:10AAB0004B50233F2624453FA99D233FF5E3443FC8
:10AAC000EEEA233FA5A3443F1A38243F3763443FAF
:10AAD0002C85243FAB22443F25D2243F00E2433F54
:10AAE000041F253F38A1433FCB6B253F5160433FB7
:10AAF00077B8253F4C1F433F0A05263F29DE423FDA
:10AB00008451263FE89C423FE39D263F895B423FBC
:10AB10002AEA263F0B1A423F5636273F70D8413F5C
:10AB20006882273FB796413F61CE273FE154413FBE
:10AB3000401A283FEC12413F0566283FDAD0403FDB
:10AB4000B0B1283FA98E403F41FD283F5C4C403FBB
:10AB5000B848293FF009403F1594293F67C73F3F58
:10AB600057DF293FC0843F3F802A2A3FFC413F3FB7
:10AB70008E752A3F1BFF3E3F82C02A3F1BBC3E3FD3
:10AB80005B0B2B3FFF783E3F1B562B3FC5353E3FAF
:10AB9000BFA02B3F6EF23D3F4AEB2B3FF9AE3D3F4E
:10ABA000B9352C3F676B3D3F0F802C3FB8273D3FA9
:10ABB00049CA2C3FECE33C3F69142D3F03A03C3FC6
:10ABC0006F5E2D3FFC5B3C3F59A82D3FD9173C3FA2
:10ABD00029F22D3F98D33B3FDE3B2E3F3B8F3B3F3F
:10ABE00078852E3FC14A3B3FF7CE2E3F29063B3F9B
:10ABF0005B182F3F75C13A3FA5612F3FA47C3A3FB8
:10AC0000D3AA2F3FB7373A3FE6F32F3FACF2393F95
:10AC1000DE3C303F85AD393FBB85303F4268393F30
:10AC20007CCE303FE122393F2217313F65DD383F8E
:10AC3000AD5F313FCB97383F1DA8313F1652383FAB
:10AC400071F0313F430C383FAA38323F55C6373F89
:10AC5000C780323F4A80373FC9C8323F233A373F27
:10AC6000AF10333FDFF3363F7A58333F7FAD363F87
:10AC700029A0333F0467363FBCE7333F6C20363FA3
:10AC8000342F343FB8D9353F8F76343FE792353F84
:10AC9000CFBD343FFB4B353FF304353FF304353F25
:10ACA000FB4B353FCFBD343FE792353F8F76343F86
:10ACB000B8D9353F342F343F6C20363FBCE7333FA3
:10ACC0000467363F29A0333F7FAD363F7A58333F84
:10ACD000DFF3363FAF10333F233A373FC9C8323F27
:10ACE0004A80373FC780323F55C6373FAA38323F88
:10ACF000430C383F71F0313F1652383F1DA8313FA9
:10AD0000CB97383FAD5F313F65DD383F2217313F8C
:10AD1000E122393F7CCE303F4268393FBB85303F2E
:10AD200085AD393FDE3C303FACF2393FE6F32F3F93
:10AD3000B7373A3FD3AA2F3FA47C3A3FA5612F3FB4
:10AD400075C13A3F5B182F3F29063B3FF7CE2E3F98
:10AD5000C14A3B3F78852E3F3B8F3B3FDE3B2E3F3A
:10AD600098D33B3F29F22D3FD9173C3F59A82D3F9F
:10AD7000FC5B3C3F6F5E2D3F03A03C3F69142D3FC1
:10AD8000ECE33C3F49CA2C3FB8273D3F0F802C3FA6
:10AD9000676B3D3FB9352C3FF9AE3D3F4AEB2B3F4A
:10ADA0006EF23D3FBFA02B3FC5353E3F1B562B3FAC
:10ADB000FF783E3F5B0B2B3F1BBC3E3F82C02A3FD0
:10ADC0001BFF3E3F8E752A3FFC413F3F802A2A3FB2
:10ADD000C0843F3F57DF293F67C73F3F1594293F56
:10ADE000F009403FB848293F5C4C403F41FD283FB7
:10ADF000A98E403FB0B1283FDAD0403F0566283FDA
:10AE0000EC12413F401A283FE154413F61CE273FB9
:10AE1000B796413F6882273F70D8413F5636273F5B
:10AE20000B1A423F2AEA263F895B423FE39D263FB9
:10AE3000E89C423F8451263F29DE423F0A05263FD7
:10AE40004C1F433F77B8253F5160433FCB6B253FB5
:10AE500038A1433F041F253F00E2433F25D2243F52
:10AE6000AB22443F2C85243F3763443F1A38243FAC
:10AE7000A5A3443FEEEA233FF5E3443FA99D233FCA
:10AE80002624453F4B50233F3964453FD302233F9F
:10AE90002DA4453F43B5223F03E4453F9967223F38
:10AEA000BB23463FD719223F5463463FFBCB213F8C
:10AEB000CEA2463F067E213F2AE2463FF92F213FA0
:10AEC0006721473FD2E1203F8560473F9393203F72
:10AED000849F473F3B45203F65DE473FCBF61F3F02
:10AEE000271D483F41A81F3FCA5B483F9F591F3F4E
:10AEF0004E9A483FE50A1F3FB3D8483F12BC1E3F59
:10AF0000FA16493F266D1E3F2155493F221E1E3F1E
:10AF10002993493F06CF1D3F12D1493FD17F1D3FA5
:10AF2000DC0E4A3F84301D3F874C4A3F1FE11C3FE7
:10AF3000138A4A3FA2911C3F7FC74A3F0C421C3FE5
:10AF4000CC044B3F5FF21B3FFA414B3F99A21B3FA2
:10AF5000097F4B3FBB521B3FF8BB4B3FC6021B3F19
:10AF6000C7F84B3FB8B21A3F78354C3F93621A3F4F
:10AF700008724C3F55121A3F79AE4C3F00C2193F40
:10AF8000CBEA4C3F9471193FFD264D3F0F21193FED
:10AF900010634D3F73D0183F029F4D3FC07F183F55
:10AFA000D5DA4D3FF52E183F89164E3F12DE173F7A
:10AFB0001C524E3F188D173F908D4E3F073C173F58
:10AFC000E4C84E3FDFEA163F17044F3F9F99163FF4
:10AFD0002B3F4F3F4748163F1F7A4F3FD9F6153F4B
:10AFE000F4B44F3F54A5153FA8EF4F3FB753153F5B
:10AFF0003B2A503F0402153FAF64503F39B0143F25
:10B00000039F503F585E143F37D9503F5F0C143FA9
:10B010004A13513F50BA133F3D4D513F2A68133FE9
:10B020001087513FEE15133FC2C0513F9AC3123FE4
:10B0300054FA513F3071123FC633523FB01E123F97
:10B04000186D523F19CC113F49A6523F6B79113F01
:10B0500059DF523FA726113F4918533FCDD3103F28
:10B060001851533FDC80103FC789533FD52D103F07
:10B0700055C2533FB8DA0F3FC3FA533F84870F3F9F
:10B080000F33543F3B340F3F3B6B543FDBE00E3FED
:10B0900047A3543F658D0E3F31DB543FDA390E3FF5
:10B0A000FB12553F38E60D3FA44A553F81920D3FB4
:10B0B0002C82553FB33E0D3F93B9553FD0EA0C3F2C
:10B0C000D9F0553FD7960C3FFE27563FC9420C3F5B
:10B0D000025F563FA5EE0B3FE595563F6B9A0B3F3F
:10B0E000A7CC563F1C460B3F4803573FB7F10A3FDA
:10B0F000C739573F3D9D0A3F2670573FAD480A3F2D
:10B1000063A6573F09F4093F7FDC573F4E9F093F35
:10B110007912583F7F4A093F5348583F9BF5083FF3
:10B120000B7E583FA1A0083FA1B3583F924B083F68
:10B1300017E9583F6FF6073F6A1E593F36A1073F90
:10B140009C53593FE84B073FAD88593F86F6063F71
:10B150009CBD593F0EA1063F6AF2593F824B063F04
:10B1600016275A3FE2F5053FA05B5A3F2CA0053F4A
:10B1700009905A3F624A053F50C45A3F84F4043F45
:10B1800075F85A3F919E043F792C5B3F8948043FF4
:10B190005A605B3F6DF2033F1A945B3F3D9C033F57
:10B1A000B8C75B3FF845033F34FB5B3F9FEF023F6F
:10B1B0008E2E5C3F3299023FC7615C3FB142023F35
:10B1C000DD945C3F1CEC013FD1C75C3F7395013FB0
:10B1D000A3FA5C3FB53E013F532D5D3FE4E7003FDE
:10B1E000E15F5D3FFF90003F4D925D3F063A003FBB
:10B1F00097C45D3FF3C5FF3EBEF65D3FB217FF3E0D
:10B20000C3285E3F4A69FE3EA65A5E3FBBBAFD3E7A
:10B21000678C5E3F040CFD3E05BE5E3F275DFC3E35
:10B2200081EF5E3F22AEFB3EDB205F3FF7FEFA3E42
:10B2300012525F3FA54FFA3E27835F3F2DA0F93E94
:10B2400019B45F3F8EF0F83EE9E45F3FC840F83E36
:10B250009615603FDC90F73E2146603FCBE0F63E1E
:10B260008976603F9330F63ECFA6603F3580F53E4D
:10B27000F2D6603FB1CFF43EF206613F071FF43EC5
:10B28000D036613F386EF33E8A66613F43BDF23E81
:10B290002296613F290CF23E98C5613FEA5AF13E81
:10B2A000EAF4613F85A9F03E1A24623FFBF7EF3EC6
:10B2B0002653623F4C46EF3E1082623F7994EE3E49
:10B2C000D7B0623F80E2ED3E7BDF623F6330ED3E10
:10B2D000FC0D633F217EEC3E5A3C633FBBCBEB3E13
:10B2E000956A633F3019EB3EAC98633F8166EA3E56
:10B2F000A1C6633FAEB3E93E73F4633FB700E93ED6
:10B300002122643F9C4DE83EAC4F643F5D9AE73E8E
:10B31000147D643FFBE6E63E59AA643F7533E63E82
:10B320007BD7643FCB7FE53E7904653FFECBE43EAF
:10B330005431653F0E18E43E0B5E653FFA63E33E11
:10B34000A08A653FC4AFE23E10B7653F6AFBE13EAD
:10B350005EE3653FEE46E13E880F663F4F92E03E7A
:10B360008E3B663F8DDDDF3E7167663FA928DF3E7D
:10B370003093663FA273DE3ECCBE663F79BEDD3EB3
:10B3800045EA663F2E09DD3E9915673FC153DC3E15
:10B39000CA40673F319EDB3ED86B673F80E8DA3EAC
:10B3A000C196673FAD32DA3E87C1673FB97CD93E6F
:10B3B0002AEC673FA3C6D83EA816683F6B10D83E5C
:10B3C0000341683F135AD73E396B683F99A3D63E75
:10B3D0004C95683FFDECD53E3CBF683F4136D53EBD
:10B3E00007E9683F647FD43EAE12693F67C8D33E29
:10B3F000323C693F4811D33E9165693F095AD23EBC
:10B40000CC8E693FAAA2D13EE4B7693F2AEBD03E79
:10B41000D7E0693F8A33D03EA7096A3FCA7BCF3E57
:10B4200052326A3FEAC3CE3ED95A6A3FEA0BCE3E59
:10B430003C836A3FCA53CD3E7BAB6A3F8B9BCC3E7D
:10B4400095D36A3F2CE3CB3E8CFB6A3FAE2ACB3EC2
:10B450005E236B3F1072CA3E0C4B6B3F53B9C93E23
:10B4600095726B3F7700C93EFB996B3F7C47C83EA6
:10B470003BC16B3F628EC73E58E86B3F29D5C63E45
:10B48000500F6C3FD21BC63E24366C3F5C62C53EFB
:10B49000D45C6C3FC8A8C43E5E836C3F15EFC33ECE
:10B4A000C5A96C3F4435C33E07D06C3F557BC23EB7
:10B4B00024F66C3F48C1C13E1D1C6D3F1E07C13EB6
:10B4C000F2416D3FD54CC03EA1676D3F6F92BF3ECC
:10B4D0002D8D6D3FEBD7BE3E93B26D3F4A1DBE3EF4
:10B4E000D5D76D3F8B62BD3EF2FC6D3FAFA7BC3E32
:10B4F000EB216E3FB6ECBB3EBE466E3FA031BB3E7D
:10B500006D6B6E3F6E76BA3EF88F6E3F1EBBB93ED6
:10B510005DB46E3FB2FFB83E9ED86E3F2A44B83E3F
:10B52000BAFC6E3F8488B73EB0206F3FC3CCB63EB6
:10B5300083446F3FE610B63E30686F3FEC54B53E33
:10B54000B88B6F3FD698B43E1BAF6F3FA5DCB33EC0
:10B550005AD26F3F5820B33E73F56F3FEF63B23E50
:10B560006718703F6BA7B13E373B703FCBEAB03EE8
:10B57000E15D703F102EB03E6680703F3A71AF3E85
:10B58000C6A2703F49B4AE3E02C5703F3CF7AD3E27
:10B5900017E7703F153AAD3E0809713FD47CAC3EC9
:10B5A000D42A713F77BFAB3E7A4C713F0102AB3E6C
:10B5B000FB6D713F6F44AA3E578F713FC486A93E11
:10B5C0008EB0713FFEC8A83E9FD1713F1F0BA83EB1
:10B5D0008CF2713F254DA73E5213723F128FA63E4B
:10B5E000F433723FE5D0A53E7054723F9F12A53EE2
:10B5F000C774723F3F54A43EF894723FC595A33E72
:10B6000004B5723F33D7A23EEBD4723F8718A23EF7
:10B61000ACF4723FC259A13E4714733FE59AA03E75
:10B62000BE33733FEEDB9F3E0E53733FDF1C9F3EE6
:10B630003972733FB85D9E3E3F91733F789E9D3E49
:10B640001FB0733F20DF9C3ED9CE733FAF1F9C3E9F
:10B650006EED733F27609B3EDD0B743F86A09A3EE4
:10B66000272A743FCEE0993E4B48743FFE20993E16
:10B670004966743F1661983E2284743F17A1973E35
:10B68000D5A1743F00E1963E62BF743FD220963E42
:10B69000C9DC743F8D60953E0BFA743F31A0943E37
:10B6A0002717753FBFDF933E1D34753F351F933E0F
:10B6B000ED50753F945E923E976D753FDD9D913ED6
:10B6C0001C8A753F10DD903E7BA6753F2C1C903E7A
:10B6D000B3C2753F325B8F3EC6DE753F229A8E3E07
:10B6E000B3FA753FFCD88D3E7A16763FC0178D3E73
:10B6F0001B32763F6E568C3E974D763F07958B3EBC
:10B70000EC68763F8AD38A3E1B84763FF8118A3EE6
:10B71000249F763F5050893E07BA763F938E883EED
:10B72000C4D4763FC1CC873E5BEF763FDA0A873ED2
:10B73000CC09773FDF48863E1724773FCE86853E8B
:10B740003C3E773FAAC4843E3A58773F7002843E1D
:10B750001372773F2240833EC58B773FC07D823E88
:10B7600051A5773F4ABB813EB7BE773FC0F8803EC8
:10B77000F7D7773F2236803E10F1773FE1E67E3EF5
:10B78000040A783F56617D3ED122783FA4DB7B3EA0
:10B79000773B783FCB557A3EF853783FCCCF783E15
:10B7A000526C783FA649773E8684783F5AC3753EEF
:10B7B000939C783FE83C743E7BB4783F51B6723E30
:10B7C0003BCC783F942F713ED6E3783FB2A86F3ED2
:10B7D0004AFB783FAB216E3E9812793F7F9A6C3ED0
:10B7E000BF29793F2F136B3EC040793FBA8B693E2A
:10B7F0009A57793F2204683E4E6E793F667C663EDA
:10B80000DC84793F86F4643E439B793F836C633EDE
:10B8100083B1793F5CE4613E9DC7793F135C603E34
:10B8200091DD793FA8D35E3E5EF3793F1A4B5D3ED2
:10B8300004097A3F6AC25B3E841E7A3F97395A3EBA
:10B84000DD337A3FA4B0583E10497A3F8F27573EE8
:10B850001C5E7A3F589E553E02737A3F0115543E56
:10B86000C1877A3F898B523E599C7A3FF101513E04
:10B87000CBB07A3F38784F3E16C57A3F60EE4D3EEA
:10B880003AD97A3F67644C3E37ED7A3F4FDA4A3E09
:10B890000E017B3F1850493EBE147B3FC2C5473E58
:10B8A00048287B3F4D3B463EAB3B7B3FB9B0443ED7
:10B8B000E74E7B3F0726433EFC617B3F379B413E83
:10B8C000EA747B3F4910403EB2877B3F3E853E3E57
:10B8D000539A7B3F15FA3C3ECDAC7B3FCF6E3B3E4F
:10B8E00020BF7B3F6CE3393E4DD17B3FEC57383E68
:10B8F00053E37B3F50CC363E31F57B3F9840353E9D
:10B90000E9067C3FC4B4333E7A187C3FD428323EEB
:10B91000E5297C3FC99C303E283B7C3FA2102F3E4E
:10B92000444C7C3F61842D3E3A5D7C3F04F82B3EC5
:10B93000086E7C3F8D6B2A3EB07E7C3FFCDE283E4D
:10B94000318F7C3F5152273E8A9F7C3F8CC5253EDC
:10B95000BDAF7C3FAD38243EC9BF7C3FB6AB223E75
:10B96000AECF7C3FA51E213E6CDF7C3F7B911F3E0E
:10B9700003EF7C3F38041E3E73FE7C3FDE761C3EA8
:10B98000BC0D7D3F6BE91A3EDD1C7D3FE05B193E3F
:10B99000D82B7D3F3DCE173EAC3A7D3F8340163ECF
:10B9A00059497D3FB2B2143EDE577D3FCA24133E53
:10B9B0003D667D3FCC96113E74747D3FB708103EC6
:10B9C00085827D3F8B7A0E3E6E907D3F4AEC0C3E29
:10B9D000309E7D3FF35D0B3ECCAB7D3F86CF093E75
:10B9E00040B97D3F0541083E8CC67D3F6EB2063EA4
:10B9F000B2D37D3FC223053EB1E07D3F0295033EB9
:10BA000088ED7D3F2E06023E38FA7D3F4577003EA9
:10BA1000C2067E3F92D0FD3D24137E3F73B2FA3DB5
:10BA20005E1F7E3F2C94F73D722B7E3FC075F43D28
:10BA30005E377E3F2E57F13D23437E3F7638EE3D05
:10BA4000C14E7E3F9A19EB3D385A7E3F9AFAE73D48
:10BA500088657E3F76DBE43DB0707E3F2EBCE13DE5
:10BA6000B17B7E3FC49CDE3D8B867E3F377DDB3DD8
:10BA70003D917E3F895DD83DC99B7E3FB93DD53D17
:10BA80002DA67E3FC81DD23D69B07E3FB7FDCE3D9D
:10BA90007FBA7E3F86DDCB3D6DC47E3F36BDC83D5F
:10BAA00034CE7E3FC69CC53DD4D77E3F397CC23D57
:10BAB0004CE17E3F8D5BBF3D9DEA7E3FC33ABC3D7E
:10BAC000C7F37E3FDD19B93DC9FC7E3FDAF8B53DCD
:10BAD000A4057F3FBBD7B23D580E7F3F80B6AF3D38
:10BAE000E4167F3F2B95AC3D491F7F3FBA73A93DBC
:10BAF00087277F3F3052A63D9D2F7F3F8C30A33D4F
:10BB00008D377F3FCF0EA03D543F7F3FF9EC9C3DEA
:10BB1000F4467F3F0ACB993D6D4E7F3F05A9963D88
:10BB2000BF557F3FE786933DE95C7F3FB464903D1E
:10BB3000EC637F3F6A428D3DC76A7F3F0A208A3DA2
:10BB40007B717F3F94FD863D08787F3F0ADB833D14
:10BB50006D7E7F3F6CB8803DAB847F3F742B7B3D17
:10BB6000C28A7F3FE9E5743DB1907F3F38A06E3DCA
:10BB700078967F3F625A683D189C7F3F6814623D0B
:10BB800091A17F3F4CCE5B3DE3A67F3F0E88553DA4
:10BB90000DAC7F3FAF414F3D0FB17F3F2FFB483D85
:10BBA000EAB57F3F91B4423D9EBA7F3FD56D3C3DA3
:10BBB0002ABF7F3FFC26363D8FC37F3F07E02F3DE6
:10BBC000CCC77F3FF698293DE2CB7F3FCC51233D48
:10BBD000D1CF7F3F880A1D3D98D37F3F2CC3163DB0
:10BBE00037D77F3FB87B103DAFDA7F3F2F340A3D18
:10BBF00000DE7F3F90EC033D29E17F3FB949FB3CEC
:10BC00002BE47F3F2DBAEE3C05E77F3F7B2AE23CE9
:10BC1000B8E97F3FA69AD53C43EC7F3FB00AC93CC8
:10BC2000A7EE7F3F9B7ABC3CE3F07F3F69EAAF3CE5
:10BC3000F8F27F3F1C5AA33CE6F47F3FB6C9963C1E
:10BC4000ACF67F3F38398A3C4AF87F3F4B517B3C0A
:10BC5000C1F97F3F0030623C11FB7F3F900E493CB1
:10BC600039FC7F3F02ED2F3C39FD7F3F59CB163C1D
:10BC700013FE7F3F3053FB3BC4FE7F3F890FC93B20
:10BC80004EFF7F3FC1CB963BB1FF7F3FC70F493B84
:10BC9000ECFF7F3FD40FC93A0000803F0000000056
:10BCA000ECFF7F3FD40FC9BAB1FF7F3FC70F49BB3D
:10BCB0004EFF7F3FC1CB96BBC4FE7F3F890FC9BB00
:10BCC00013FE7F3F3053FBBB39FD7F3F59CB16BC82
:10BCD00039FC7F3F02ED2FBC11FB7F3F900E49BC2A
:10BCE000C1F97F3F003062BC4AF87F3F4B517BBCBB
:10BCF000ACF67F3F38398ABCE6F47F3FB6C996BCC4
:10BD0000F8F27F3F1C5AA3BCE3F07F3F69EAAFBC67
:10BD1000A7EE7F3F9B7ABCBC43EC7F3FB00AC9BC17
:10BD2000B8E97F3FA69AD5BC05E77F3F7B2AE2BCF6
:10BD30002BE47F3F2DBAEEBC29E17F3FB949FBBC24
:10BD400000DE7F3F90EC03BDAFDA7F3F2F340ABDAA
:10BD500037D77F3FB87B10BD98D37F3F2CC316BD2C
:10BD6000D1CF7F3F880A1DBDE2CB7F3FCC5123BDA1
:10BD7000CCC77F3FF69829BD8FC37F3F07E02FBD1B
:10BD80002ABF7F3FFC2636BD9EBA7F3FD56D3CBDA6
:10BD9000EAB57F3F91B442BD0FB17F3F2FFB48BD55
:10BDA0000DAC7F3FAF414FBDE3A67F3F0E8855BD31
:10BDB00091A17F3F4CCE5BBD189C7F3F681462BD54
:10BDC00078967F3F625A68BDB1907F3F38A06EBDC4
:10BDD000C28A7F3FE9E574BDAB847F3F742B7BBD96
:10BDE0006D7E7F3F6CB880BD08787F3F0ADB83BDE6
:10BDF0007B717F3F94FD86BDC76A7F3F0A208ABD65
:10BE0000EC637F3F6A428DBDE95C7F3FB46490BDC7
:10BE1000BF557F3FE78693BD6D4E7F3F05A996BD19
:10BE2000F4467F3F0ACB99BD543F7F3FF9EC9CBD60
:10BE30008D377F3FCF0EA0BD9D2F7F3F8C30A3BDA0
:10BE400087277F3F3052A6BD491F7F3FBA73A9BDE8
:10BE5000E4167F3F2B95ACBD580E7F3F80B6AFBD3B
:10BE6000A4057F3FBBD7B2BDC9FC7E3FDAF8B5BDA4
:10BE7000C7F37E3FDD19B9BD9DEA7E3FC33ABCBD25
:10BE80004CE17E3F8D5BBFBDD4D77E3F397CC2BDC8
:10BE900034CE7E3FC69CC5BD6DC47E3F36BDC8BD99
:10BEA0007FBA7E3F86DDCBBD69B07E3FB7FDCEBD9C
:10BEB0002DA67E3FC81DD2BDC99B7E3FB93DD5BDD5
:10BEC0003D917E3F895DD8BD8B867E3F377DDBBD52
:10BED000B17B7E3FC49CDEBDB0707E3F2EBCE1BD19
:10BEE00088657E3F76DBE4BD385A7E3F9AFAE7BD2F
:10BEF000C14E7E3F9A19EBBD23437E3F7638EEBD9F
:10BF00005E377E3F2E57F1BD722B7E3FC075F4BD6C
:10BF10005E1F7E3F2C94F7BD24137E3F73B2FABDA3
:10BF2000C2067E3F92D0FDBD38FA7D3F457700BE08
:10BF300088ED7D3F2E0602BEB1E07D3F029503BE37
:10BF4000B2D37D3FC22305BE8CC67D3F6EB206BE16
:10BF500040B97D3F054108BECCAB7D3F86CF09BED1
:10BF6000309E7D3FF35D0BBE6E907D3F4AEC0CBE74
:10BF700085827D3F8B7A0EBE74747D3FB70810BEFC
:10BF80003D667D3FCC9611BEDE577D3FCA2413BE71
:10BF900059497D3FB2B214BEAC3A7D3F834016BED4
:10BFA000D82B7D3F3DCE17BEDD1C7D3FE05B19BE2B
:10BFB000BC0D7D3F6BE91ABE73FE7C3FDE761CBE76
:10BFC00003EF7C3F38041EBE6CDF7C3F7B911FBEBD
:10BFD000AECF7C3FA51E21BEC9BF7C3FB6AB22BE03
:10BFE000BDAF7C3FAD3824BE8A9F7C3F8CC525BE4B
:10BFF000318F7C3F515227BEB07E7C3FFCDE28BE95
:10C00000086E7C3F8D6B2ABE3A5D7C3F04F82BBEE8
:10C01000444C7C3F61842DBE283B7C3FA2102FBE48
:10C02000E5297C3FC99C30BE7A187C3FD42832BEBB
:10C03000E9067C3FC4B433BE31F57B3F984035BE42
:10C0400053E37B3F50CC36BE4DD17B3FEC5738BEDF
:10C0500020BF7B3F6CE339BECDAC7B3FCF6E3BBE98
:10C06000539A7B3F15FA3CBEB2877B3F3E853EBE6E
:10C07000EA747B3F491040BEFC617B3F379B41BE69
:10C08000E74E7B3F072643BEAB3B7B3FB9B044BE88
:10C0900048287B3F4D3B46BEBE147B3FC2C547BED2
:10C0A0000E017B3F185049BE37ED7A3F4FDA4ABE4A
:10C0B0003AD97A3F67644CBE16C57A3F60EE4DBEF2
:10C0C000CBB07A3F38784FBE599C7A3FF10151BED0
:10C0D000C1877A3F898B52BE02737A3F011554BEE5
:10C0E0001C5E7A3F589E55BE10497A3F8F2757BE37
:10C0F000DD337A3FA4B058BE841E7A3F97395ABECA
:10C1000004097A3F6AC25BBE5EF3793F1A4B5DBE9B
:10C1100091DD793FA8D35EBE9DC7793F135C60BEB9
:10C1200083B1793F5CE461BE439B793F836C63BE1E
:10C13000DC84793F86F464BE4E6E793F667C66BED1
:10C140009A57793F220468BEC040793FBA8B69BED6
:10C15000BF29793F2F136BBE9812793F7F9A6CBE2F
:10C160004AFB783FAB216EBED6E3783FB2A86FBEE4
:10C170003BCC783F942F71BE7BB4783F51B672BEF2
:10C18000939C783FE83C74BE8684783F5AC375BE62
:10C19000526C783FA64977BEF853783FCCCF78BE33
:10C1A000773B783FCB557ABED122783FA4DB7BBE6C
:10C1B000040A783F56617DBE10F1773FE1E67EBE0E
:10C1C000F7D7773F223680BEB7BE773FC0F880BE34
:10C1D00051A5773F4ABB81BEC58B773FC07D82BEEC
:10C1E0001372773F224083BE3A58773F700284BE75
:10C1F0003C3E773FAAC484BE1724773FCE8685BED7
:10C20000CC09773FDF4886BE5BEF763FDA0A87BE10
:10C21000C4D4763FC1CC87BE07BA763F938E88BE22
:10C22000249F763F505089BE1B84763FF8118ABE0A
:10C23000EC68763F8AD38ABE974D763F07958BBED2
:10C240001B32763F6E568CBE7A16763FC0178DBE77
:10C25000B3FA753FFCD88DBEC6DE753F229A8EBEFE
:10C26000B3C2753F325B8FBE7BA6753F2C1C90BE60
:10C270001C8A753F10DD90BE976D753FDD9D91BEA8
:10C28000ED50753F945E92BE1D34753F351F93BED1
:10C290002717753FBFDF93BE0BFA743F31A094BEE2
:10C2A000C9DC743F8D6095BE62BF743FD22096BEDC
:10C2B000D5A1743F00E196BE2284743F17A197BEBA
:10C2C0004966743F166198BE4B48743FFE2099BE84
:10C2D000272A743FCEE099BEDD0B743F86A09ABE3C
:10C2E0006EED733F27609BBED9CE733FAF1F9CBEE0
:10C2F0001FB0733F20DF9CBE3F91733F789E9DBE71
:10C300003972733FB85D9EBE0E53733FDF1C9FBEF4
:10C31000BE33733FEEDB9FBE4714733FE59AA0BE6A
:10C32000ACF4723FC259A1BEEBD4723F8718A2BED3
:10C3300004B5723F33D7A2BEF894723FC595A3BE31
:10C34000C774723F3F54A4BE7054723F9F12A5BE83
:10C35000F433723FE5D0A5BE5213723F128FA6BED2
:10C360008CF2713F254DA7BE9FD1713F1F0BA8BE18
:10C370008EB0713FFEC8A8BE578F713FC486A9BE5C
:10C38000FB6D713F6F44AABE7A4C713F0102ABBE98
:10C39000D42A713F77BFABBE0809713FD47CACBED5
:10C3A00017E7703F153AADBE02C5703F3CF7ADBE12
:10C3B000C6A2703F49B4AEBE6680703F3A71AFBE50
:10C3C000E15D703F102EB0BE373B703FCBEAB0BE90
:10C3D0006718703F6BA7B1BE73F56F3FEF63B2BED6
:10C3E0005AD26F3F5820B3BE1BAF6F3FA5DCB3BE20
:10C3F000B88B6F3FD698B4BE30686F3FEC54B5BE73
:10C4000083446F3FE610B6BEB0206F3FC3CCB6BECC
:10C41000BAFC6E3F8488B7BE9ED86E3F2A44B8BE31
:10C420005DB46E3FB2FFB8BEF88F6E3F1EBBB9BEA3
:10C430006D6B6E3F6E76BABEBE466E3FA031BBBE20
:10C44000EB216E3FB6ECBBBEF2FC6D3FAFA7BCBEAE
:10C45000D5D76D3F8B62BDBE93B26D3F4A1DBEBE48
:10C460002D8D6D3FEBD7BEBEA1676D3F6F92BFBEF6
:10C47000F2416D3FD54CC0BE1D1C6D3F1E07C1BEB5
:10C4800024F66C3F48C1C1BE07D06C3F557BC2BE8D
:10C49000C5A96C3F4435C3BE5E836C3F15EFC3BE78
:10C4A000D45C6C3FC8A8C4BE24366C3F5C62C5BE79
:10C4B000500F6C3FD21BC6BE58E86B3F29D5C6BE95
:10C4C0003BC16B3F628EC7BEFB996B3F7C47C8BECA
:10C4D00095726B3F7700C9BE0C4B6B3F53B9C9BE19
:10C4E0005E236B3F1072CABE8CFB6A3FAE2ACBBE86
:10C4F00095D36A3F2CE3CBBE7BAB6A3F8B9BCCBE14
:10C500003C836A3FCA53CDBED95A6A3FEA0BCEBEBE
:10C5100052326A3FEAC3CEBEA7096A3FCA7BCFBE8A
:10C52000D7E0693F8A33D0BEE4B7693F2AEBD0BE7B
:10C53000CC8E693FAAA2D1BE9165693F095AD2BE8D
:10C54000323C693F4811D3BEAE12693F67C8D3BEC3
:10C5500007E9683F647FD4BE3CBF683F4136D5BE23
:10C560004C95683FFDECD5BE396B683F99A3D6BEAC
:10C570000341683F135AD7BEA816683F6B10D8BE58
:10C580002AEC673FA3C6D8BE87C1673FB97CD9BE36
:10C59000C196673FAD32DABED86B673F80E8DABE3E
:10C5A000CA40673F319EDBBE9915673FC153DCBE71
:10C5B00045EA663F2E09DDBECCBE663F79BEDDBED4
:10C5C0003093663FA273DEBE7167663FA928DFBE67
:10C5D0008E3B663F8DDDDFBE880F663F4F92E0BE2B
:10C5E0005EE3653FEE46E1BE10B7653F6AFBE1BE24
:10C5F000A08A653FC4AFE2BE0B5E653FFA63E3BE4F
:10C600005431653F0E18E4BE7904653FFECBE4BEAD
:10C610007BD7643FCB7FE5BE59AA643F7533E6BE46
:10C62000147D643FFBE6E6BEAC4F643F5D9AE7BE17
:10C630002122643F9C4DE8BE73F4633FB700E9BE1E
:10C64000A1C6633FAEB3E9BEAC98633F8166EABE64
:10C65000956A633F3019EBBE5A3C633FBBCBEBBEE0
:10C66000FC0D633F217EECBE7BDF623F6330EDBE9D
:10C67000D7B0623F80E2EDBE1082623F7994EEBE99
:10C680002653623F4C46EFBE1A24623FFBF7EFBED3
:10C69000EAF4613F85A9F0BE98C5613FEA5AF1BE50
:10C6A0002296613F290CF2BE8A66613F43BDF2BE0D
:10C6B000D036613F386EF3BEF206613F071FF4BE0D
:10C6C000F2D6603FB1CFF4BECFA6603F3580F5BE55
:10C6D0008976603F9330F6BE2146603FCBE0F6BEE0
:10C6E0009615603FDC90F7BEE9E45F3FC840F8BEB6
:10C6F00019B45F3F8EF0F8BE27835F3F2DA0F9BECF
:10C7000012525F3FA54FFABEDB205F3FF7FEFABE35
:10C7100081EF5E3F22AEFBBE05BE5E3F275DFCBEE5
:10C72000678C5E3F040CFDBEA65A5E3FBBBAFDBEE1
:10C73000C3285E3F4A69FEBEBEF65D3FB217FFBE2C
:10C7400097C45D3FF3C5FFBE4D925D3F063A00BF03
:10C75000E15F5D3FFF9000BF532D5D3FE4E700BF09
:10C76000A3FA5C3FB53E01BFD1C75C3F739501BFE3
:10C77000DD945C3F1CEC01BFC7615C3FB14202BF6E
:10C780008E2E5C3F329902BF34FB5B3F9FEF02BFAE
:10C79000B8C75B3FF84503BF1A945B3F3D9C03BF9E
:10C7A0005A605B3F6DF203BF792C5B3F894804BF41
:10C7B00075F85A3F919E04BF50C45A3F84F404BF99
:10C7C00009905A3F624A05BFA05B5A3F2CA005BFA3
:10C7D00016275A3FE2F505BF6AF2593F824B06BF62
:10C7E0009CBD593F0EA106BFAD88593F86F606BFD6
:10C7F0009C53593FE84B07BF6A1E593F36A107BFFC
:10C8000017E9583F6FF607BFA1B3583F924B08BFD7
:10C810000B7E583FA1A008BF5348583F9BF508BF67
:10C820007912583F7F4A09BF7FDC573F4E9F09BFAF
:10C8300063A6573F09F409BF2670573FAD480ABFAA
:10C84000C739573F3D9D0ABF4803573FB7F10ABF5D
:10C85000A7CC563F1C460BBFE595563F6B9A0BBFC6
:10C86000025F563FA5EE0BBFFE27563FC9420CBFE5
:10C87000D9F0553FD7960CBF93B9553FD0EA0CBFBE
:10C880002C82553FB33E0DBFA44A553F81920DBF48
:10C89000FB12553F38E60DBF31DB543FDA390EBF8E
:10C8A00047A3543F658D0EBF3B6B543FDBE00EBF8B
:10C8B0000F33543F3B340FBFC3FA533F84870FBF3E
:10C8C00055C2533FB8DA0FBFC789533FD52D10BFAC
:10C8D0001851533FDC8010BF4918533FCDD310BFD0
:10C8E00059DF523FA72611BF49A6523F6B7911BFAE
:10C8F000186D523F19CC11BFC633523FB01E12BF44
:10C9000054FA513F307112BFC2C0513F9AC312BF97
:10C910001087513FEE1513BF3D4D513F2A6813BF9D
:10C920004A13513F50BA13BF37D9503F5F0C14BF61
:10C93000039F503F585E14BFAF64503F39B014BFDF
:10C940003B2A503F040215BFA8EF4F3FB75315BF16
:10C95000F4B44F3F54A515BF1F7A4F3FD9F615BF0A
:10C960002B3F4F3F474816BF17044F3F9F9916BFB5
:10C97000E4C84E3FDFEA16BF908D4E3F073C17BF1D
:10C980001C524E3F188D17BF89164E3F12DE17BF3F
:10C99000D5DA4D3FF52E18BF029F4D3FC07F18BF1F
:10C9A00010634D3F73D018BFFD264D3F0F2119BFB7
:10C9B000CBEA4C3F947119BF79AE4C3F00C219BF0E
:10C9C00008724C3F55121ABF78354C3F93621ABF1C
:10C9D000C7F84B3FB8B21ABFF8BB4B3FC6021BBFEC
:10C9E000097F4B3FBB521BBFFA414B3F99A21BBF74
:10C9F000CC044B3F5FF21BBF7FC74A3F0C421CBFBA
:10CA0000138A4A3FA2911CBF874C4A3F1FE11CBFBB
:10CA1000DC0E4A3F84301DBF12D1493FD17F1DBF7C
:10CA20002993493F06CF1DBF2155493F221E1EBFF6
:10CA3000FA16493F266D1EBFB3D8483F12BC1EBF31
:10CA40004E9A483FE50A1FBFCA5B483F9F591FBF28
:10CA5000271D483F41A81FBF65DE473FCBF61FBFDC
:10CA6000849F473F3B4520BF8560473F939320BF4E
:10CA70006721473FD2E120BF2AE2463FF92F21BF7D
:10CA8000CEA2463F067E21BF5463463FFBCB21BF6B
:10CA9000BB23463FD71922BF03E4453F996722BF16
:10CAA0002DA4453F43B522BF3964453FD30223BF80
:10CAB0002624453F4B5023BFF5E3443FA99D23BFA8
:10CAC000A5A3443FEEEA23BF3763443F1A3824BF8F
:10CAD000AB22443F2C8524BF00E2433F25D224BF34
:10CAE00038A1433F041F25BF5160433FCB6B25BF97
:10CAF0004C1F433F77B825BF29DE423F0A0526BFBA
:10CB0000E89C423F845126BF895B423FE39D26BF9C
:10CB10000B1A423F2AEA26BF70D8413F563627BF3C
:10CB2000B796413F688227BFE154413F61CE27BF9E
:10CB3000EC12413F401A28BFDAD0403F056628BFBB
:10CB4000A98E403FB0B128BF5C4C403F41FD28BF9B
:10CB5000F009403FB84829BF67C73F3F159429BF38
:10CB6000C0843F3F57DF29BFFC413F3F802A2ABF97
:10CB70001BFF3E3F8E752ABF1BBC3E3F82C02ABFB3
:10CB8000FF783E3F5B0B2BBFC5353E3F1B562BBF8F
:10CB90006EF23D3FBFA02BBFF9AE3D3F4AEB2BBF2E
:10CBA000676B3D3FB9352CBFB8273D3F0F802CBF89
:10CBB000ECE33C3F49CA2CBF03A03C3F69142DBFA6
:10CBC000FC5B3C3F6F5E2DBFD9173C3F59A82DBF82
:10CBD00098D33B3F29F22DBF3B8F3B3FDE3B2EBF1F
:10CBE000C14A3B3F78852EBF29063B3FF7CE2EBF7B
:10CBF00075C13A3F5B182FBFA47C3A3FA5612FBF98
:10CC0000B7373A3FD3AA2FBFACF2393FE6F32FBF75
:10CC100085AD393FDE3C30BF4268393FBB8530BF10
:10CC2000E122393F7CCE30BF65DD383F221731BF6E
:10CC3000CB97383FAD5F31BF1652383F1DA831BF8B
:10CC4000430C383F71F031BF55C6373FAA3832BF69
:10CC50004A80373FC78032BF233A373FC9C832BF07
:10CC6000DFF3363FAF1033BF7FAD363F7A5833BF67
:10CC70000467363F29A033BF6C20363FBCE733BF83
:10CC8000B8D9353F342F34BFE792353F8F7634BF64
:10CC9000FB4B353FCFBD34BFF304353FF30435BF05
:10CCA000CFBD343FFB4B35BF8F76343FE79235BF66
:10CCB000342F343FB8D935BFBCE7333F6C2036BF83
:10CCC00029A0333F046736BF7A58333F7FAD36BF64
:10CCD000AF10333FDFF336BFC9C8323F233A37BF07
:10CCE000C780323F4A8037BFAA38323F55C637BF68
:10CCF00071F0313F430C38BF1DA8313F165238BF89
:10CD0000AD5F313FCB9738BF2217313F65DD38BF6C
:10CD10007CCE303FE12239BFBB85303F426839BF0E
:10CD2000DE3C303F85AD39BFE6F32F3FACF239BF73
:10CD3000D3AA2F3FB7373ABFA5612F3FA47C3ABF94
:10CD40005B182F3F75C13ABFF7CE2E3F29063BBF78
:10CD500078852E3FC14A3BBFDE3B2E3F3B8F3BBF1A
:10CD600029F22D3F98D33BBF59A82D3FD9173CBF7F
:10CD70006F5E2D3FFC5B3CBF69142D3F03A03CBFA1
:10CD800049CA2C3FECE33CBF0F802C3FB8273DBF86
:10CD9000B9352C3F676B3DBF4AEB2B3FF9AE3DBF2A
:10CDA000BFA02B3F6EF23DBF1B562B3FC5353EBF8C
:10CDB0005B0B2B3FFF783EBF82C02A3F1BBC3EBFB0
:10CDC0008E752A3F1BFF3EBF802A2A3FFC413FBF92
:10CDD00057DF293FC0843FBF1594293F67C73FBF36
:10CDE000B848293FF00940BF41FD283F5C4C40BF97
:10CDF000B0B1283FA98E40BF0566283FDAD040BFBA
:10CE0000401A283FEC1241BF61CE273FE15441BF99
:10CE10006882273FB79641BF5636273F70D841BF3B
:10CE20002AEA263F0B1A42BFE39D263F895B42BF99
:10CE30008451263FE89C42BF0A05263F29DE42BFB7
:10CE400077B8253F4C1F43BFCB6B253F516043BF95
:10CE5000041F253F38A143BF25D2243F00E243BF32
:10CE60002C85243FAB2244BF1A38243F376344BF8C
:10CE7000EEEA233FA5A344BFA99D233FF5E344BFAA
:10CE80004B50233F262445BFD302233F396445BF7F
:10CE900043B5223F2DA445BF9967223F03E445BF18
:10CEA000D719223FBB2346BFFBCB213F546346BF6C
:10CEB000067E213FCEA246BFF92F213F2AE246BF80
:10CEC000D2E1203F672147BF9393203F856047BF52
:10CED0003B45203F849F47BFCBF61F3F65DE47BFE2
:10CEE00041A81F3F271D48BF9F591F3FCA5B48BF2E
:10CEF000E50A1F3F4E9A48BF12BC1E3FB3D848BF39
:10CF0000266D1E3FFA1649BF221E1E3F215549BFFE
:10CF100006CF1D3F299349BFD17F1D3F12D149BF85
:10CF200084301D3FDC0E4ABF1FE11C3F874C4ABFC7
:10CF3000A2911C3F138A4ABF0C421C3F7FC74ABFC5
:10CF40005FF21B3FCC044BBF99A21B3FFA414BBF82
:10CF5000BB521B3F097F4BBFC6021B3FF8BB4BBFF9
:10CF6000B8B21A3FC7F84BBF93621A3F78354CBF2F
:10CF700055121A3F08724CBF00C2193F79AE4CBF20
:10CF80009471193FCBEA4CBF0F21193FFD264DBFCD
:10CF900073D0183F10634DBFC07F183F029F4DBF35
:10CFA000F52E183FD5DA4DBF12DE173F89164EBF5A
:10CFB000188D173F1C524EBF073C173F908D4EBF38
:10CFC000DFEA163FE4C84EBF9F99163F17044FBFD4
:10CFD0004748163F2B3F4FBFD9F6153F1F7A4FBF2B
:10CFE00054A5153FF4B44FBFB753153FA8EF4FBF3B
:10CFF0000402153F3B2A50BF39B0143FAF6450BF05
:10D00000585E143F039F50BF5F0C143F37D950BF89
:10D0100050BA133F4A1351BF2A68133F3D4D51BFC9
:10D02000EE15133F108751BF9AC3123FC2C051BFC4
:10D030003071123F54FA51BFB01E123FC63352BF77
:10D0400019CC113F186D52BF6B79113F49A652BFE1
:10D05000A726113F59DF52BFCDD3103F491853BF08
:10D06000DC80103F185153BFD52D103FC78953BFE7
:10D07000B8DA0F3F55C253BF84870F3FC3FA53BF7F
:10D080003B340F3F0F3354BFDBE00E3F3B6B54BFCD
:10D09000658D0E3F47A354BFDA390E3F31DB54BFD5
:10D0A00038E60D3FFB1255BF81920D3FA44A55BF94
:10D0B000B33E0D3F2C8255BFD0EA0C3F93B955BF0C
:10D0C000D7960C3FD9F055BFC9420C3FFE2756BF3B
:10D0D000A5EE0B3F025F56BF6B9A0B3FE59556BF1F
:10D0E0001C460B3FA7CC56BFB7F10A3F480357BFBA
:10D0F0003D9D0A3FC73957BFAD480A3F267057BF0D
:10D1000009F4093F63A657BF4E9F093F7FDC57BF15
:10D110007F4A093F791258BF9BF5083F534858BFD3
:10D12000A1A0083F0B7E58BF924B083FA1B358BF48
:10D130006FF6073F17E958BF36A1073F6A1E59BF70
:10D14000E84B073F9C5359BF86F6063FAD8859BF51
:10D150000EA1063F9CBD59BF824B063F6AF259BFE4
:10D16000E2F5053F16275ABF2CA0053FA05B5ABF2A
:10D17000624A053F09905ABF84F4043F50C45ABF25
:10D18000919E043F75F85ABF8948043F792C5BBFD4
:10D190006DF2033F5A605BBF3D9C033F1A945BBF37
:10D1A000F845033FB8C75BBF9FEF023F34FB5BBF4F
:10D1B0003299023F8E2E5CBFB142023FC7615CBF15
:10D1C0001CEC013FDD945CBF7395013FD1C75CBF90
:10D1D000B53E013FA3FA5CBFE4E7003F532D5DBFBE
:10D1E000FF90003FE15F5DBF063A003F4D925DBF9B
:10D1F000F3C5FF3E97C45DBFB217FF3EBEF65DBFED
:10D200004A69FE3EC3285EBFBBBAFD3EA65A5EBF5A
:10D21000040CFD3E678C5EBF275DFC3E05BE5EBF15
:10D2200022AEFB3E81EF5EBFF7FEFA3EDB205FBF22
:10D23000A54FFA3E12525FBF2DA0F93E27835FBF74
:10D240008EF0F83E19B45FBFC840F83EE9E45FBF16
:10D25000DC90F73E961560BFCBE0F63E214660BFFE
:10D260009330F63E897660BF3580F53ECFA660BF2D
:10D27000B1CFF43EF2D660BF071FF43EF20661BFA5
:10D28000386EF33ED03661BF43BDF23E8A6661BF61
:10D29000290CF23E229661BFEA5AF13E98C561BF61
:10D2A00085A9F03EEAF461BFFBF7EF3E1A2462BFA6
:10D2B0004C46EF3E265362BF7994EE3E108262BF29
:10D2C00080E2ED3ED7B062BF6330ED3E7BDF62BFF0
:10D2D000217EEC3EFC0D63BFBBCBEB3E5A3C63BFF3
:10D2E0003019EB3E956A63BF8166EA3EAC9863BF36
:10D2F000AEB3E93EA1C663BFB700E93E73F463BFB6
:10D300009C4DE83E212264BF5D9AE73EAC4F64BF6E
:10D31000FBE6E63E147D64BF7533E63E59AA64BF62
:10D32000CB7FE53E7BD764BFFECBE43E790465BF8F
:10D330000E18E43E543165BFFA63E33E0B5E65BFF1
:10D34000C4AFE23EA08A65BF6AFBE13E10B765BF8D
:10D35000EE46E13E5EE365BF4F92E03E880F66BF5A
:10D360008DDDDF3E8E3B66BFA928DF3E716766BF5D
:10D37000A273DE3E309366BF79BEDD3ECCBE66BF93
:10D380002E09DD3E45EA66BFC153DC3E991567BFF5
:10D39000319EDB3ECA4067BF80E8DA3ED86B67BF8C
:10D3A000AD32DA3EC19667BFB97CD93E87C167BF4F
:10D3B000A3C6D83E2AEC67BF6B10D83EA81668BF3C
:10D3C000135AD73E034168BF99A3D63E396B68BF55
:10D3D000FDECD53E4C9568BF4136D53E3CBF68BF9D
:10D3E000647FD43E07E968BF67C8D33EAE1269BF09
:10D3F0004811D33E323C69BF095AD23E916569BF9C
:10D40000AAA2D13ECC8E69BF2AEBD03EE4B769BF59
:10D410008A33D03ED7E069BFCA7BCF3EA7096ABF37
:10D42000EAC3CE3E52326ABFEA0BCE3ED95A6ABF39
:10D43000CA53CD3E3C836ABF8B9BCC3E7BAB6ABF5D
:10D440002CE3CB3E95D36ABFAE2ACB3E8CFB6ABFA2
:10D450001072CA3E5E236BBF53B9C93E0C4B6BBF03
:10D460007700C93E95726BBF7C47C83EFB996BBF86
:10D47000628EC73E3BC16BBF29D5C63E58E86BBF25
:10D48000D21BC63E500F6CBF5C62C53E24366CBFDB
:10D49000C8A8C43ED45C6CBF15EFC33E5E836CBFAE
:10D4A0004435C33EC5A96CBF557BC23E07D06CBF97
:10D4B00048C1C13E24F66CBF1E07C13E1D1C6DBF96
:10D4C000D54CC03EF2416DBF6F92BF3EA1676DBFAC
:10D4D000EBD7BE3E2D8D6DBF4A1DBE3E93B26DBFD4
:10D4E0008B62BD3ED5D76DBFAFA7BC3EF2FC6DBF12
:10D4F000B6ECBB3EEB216EBFA031BB3EBE466EBF5D
:10D500006E76BA3E6D6B6EBF1EBBB93EF88F6EBFB6
:10D51000B2FFB83E5DB46EBF2A44B83E9ED86EBF1F
:10D520008488B73EBAFC6EBFC3CCB63EB0206FBF96
:10D53000E610B63E83446FBFEC54B53E30686FBF13
:10D54000D698B43EB88B6FBFA5DCB33E1BAF6FBFA0
:10D550005820B33E5AD26FBFEF63B23E73F56FBF30
:10D560006BA7B13E671870BFCBEAB03E373B70BFC8
:10D57000102EB03EE15D70BF3A71AF3E668070BF65
:10D5800049B4AE3EC6A270BF3CF7AD3E02C570BF07
:10D59000153AAD3E17E770BFD47CAC3E080971BFA9
:10D5A00077BFAB3ED42A71BF0102AB3E7A4C71BF4C
:10D5B0006F44AA3EFB6D71BFC486A93E578F71BFF1
:10D5C000FEC8A83E8EB071BF1F0BA83E9FD171BF91
:10D5D000254DA73E8CF271BF128FA63E521372BF2B
:10D5E000E5D0A53EF43372BF9F12A53E705472BFC2
:10D5F0003F54A43EC77472BFC595A33EF89472BF52
:10D6000033D7A23E04B572BF8718A23EEBD472BFD7
:10D61000C259A13EACF472BFE59AA03E471473BF55
:10D62000EEDB9F3EBE3373BFDF1C9F3E0E5373BFC6
:10D63000B85D9E3E397273BF789E9D3E3F9173BF29
:10D6400020DF9C3E1FB073BFAF1F9C3ED9CE73BF7F
:10D6500027609B3E6EED73BF86A09A3EDD0B74BFC4
:10D66000CEE0993E272A74BFFE20993E4B4874BFF6
:10D670001661983E496674BF17A1973E228474BF15
:10D6800000E1963ED5A174BFD220963E62BF74BF22
:10D690008D60953EC9DC74BF31A0943E0BFA74BF17
:10D6A000BFDF933E271775BF351F933E1D3475BFEF
:10D6B000945E923EED5075BFDD9D913E976D75BFB6
:10D6C00010DD903E1C8A75BF2C1C903E7BA675BF5A
:10D6D000325B8F3EB3C275BF229A8E3EC6DE75BFE7
:10D6E000FCD88D3EB3FA75BFC0178D3E7A1676BF53
:10D6F0006E568C3E1B3276BF07958B3E974D76BF9C
:10D700008AD38A3EEC6876BFF8118A3E1B8476BFC6
:10D710005050893E249F76BF938E883E07BA76BFCD
:10D72000C1CC873EC4D476BFDA0A873E5BEF76BFB2
:10D73000DF48863ECC0977BFCE86853E172477BF6B
:10D74000AAC4843E3C3E77BF7002843E3A5877BFFD
:10D750002240833E137277BFC07D823EC58B77BF68
:10D760004ABB813E51A577BFC0F8803EB7BE77BFA8
:10D770002236803EF7D777BFE1E67E3E10F177BFD5
:10D7800056617D3E040A78BFA4DB7B3ED12278BF80
:10D79000CB557A3E773B78BFCCCF783EF85378BFF5
:10D7A000A649773E526C78BF5AC3753E868478BFCF
:10D7B000E83C743E939C78BF51B6723E7BB478BF10
:10D7C000942F713E3BCC78BFB2A86F3ED6E378BFB2
:10D7D000AB216E3E4AFB78BF7F9A6C3E981279BFB0
:10D7E0002F136B3EBF2979BFBA8B693EC04079BF0A
:10D7F0002204683E9A5779BF667C663E4E6E79BFBA
:10D8000086F4643EDC8479BF836C633E439B79BFBE
:10D810005CE4613E83B179BF135C603E9DC779BF14
:10D82000A8D35E3E91DD79BF1A4B5D3E5EF379BFB2
:10D830006AC25B3E04097ABF97395A3E841E7ABF9A
:10D84000A4B0583EDD337ABF8F27573E10497ABFC8
:10D85000589E553E1C5E7ABF0115543E02737ABF36
:10D86000898B523EC1877ABFF101513E599C7ABFE4
:10D8700038784F3ECBB07ABF60EE4D3E16C57ABFCA
:10D8800067644C3E3AD97ABF4FDA4A3E37ED7ABFE9
:10D890001850493E0E017BBFC2C5473EBE147BBF38
:10D8A0004D3B463E48287BBFB9B0443EAB3B7BBFB7
:10D8B0000726433EE74E7BBF379B413EFC617BBF63
:10D8C0004910403EEA747BBF3E853E3EB2877BBF37
:10D8D00015FA3C3E539A7BBFCF6E3B3ECDAC7BBF2F
:10D8E0006CE3393E20BF7BBFEC57383E4DD17BBF48
:10D8F00050CC363E53E37BBF9840353E31F57BBF7D
:10D90000C4B4333EE9067CBFD428323E7A187CBFCB
:10D91000C99C303EE5297CBFA2102F3E283B7CBF2E
:10D9200061842D3E444C7CBF04F82B3E3A5D7CBFA5
:10D930008D6B2A3E086E7CBFFCDE283EB07E7CBF2D
:10D940005152273E318F7CBF8CC5253E8A9F7CBFBC
:10D95000AD38243EBDAF7CBFB6AB223EC9BF7CBF55
:10D96000A51E213EAECF7CBF7B911F3E6CDF7CBFEE
:10D9700038041E3E03EF7CBFDE761C3E73FE7CBF88
:10D980006BE91A3EBC0D7DBFE05B193EDD1C7DBF1F
:10D990003DCE173ED82B7DBF8340163EAC3A7DBFAF
:10D9A000B2B2143E59497DBFCA24133EDE577DBF33
:10D9B000CC96113E3D667DBFB708103E74747DBFA6
:10D9C0008B7A0E3E85827DBF4AEC0C3E6E907DBF09
:10D9D000F35D0B3E309E7DBF86CF093ECCAB7DBF55
:10D9E0000541083E40B97DBF6EB2063E8CC67DBF84
:10D9F000C223053EB2D37DBF0295033EB1E07DBF99
:10DA00002E06023E88ED7DBF4577003E38FA7DBF89
:10DA100092D0FD3DC2067EBF73B2FA3D24137EBF95
:10DA20002C94F73D5E1F7EBFC075F43D722B7EBF08
:10DA30002E57F13D5E377EBF7638EE3D23437EBFE5
:10DA40009A19EB3DC14E7EBF9AFAE73D385A7EBF28
:10DA500076DBE43D88657EBF2EBCE13DB0707EBFC5
:10DA6000C49CDE3DB17B7EBF377DDB3D8B867EBFB8
:10DA7000895DD83D3D917EBFB93DD53DC99B7EBFF7
:10DA8000C81DD23D2DA67EBFB7FDCE3D69B07EBF7D
:10DA900086DDCB3D7FBA7EBF36BDC83D6DC47EBF3F
:10DAA000C69CC53D34CE7EBF397CC23DD4D77EBF37
:10DAB0008D5BBF3D4CE17EBFC33ABC3D9DEA7EBF5E
:10DAC000DD19B93DC7F37EBFDAF8B53DC9FC7EBFAD
:10DAD000BBD7B23DA4057FBF80B6AF3D580E7FBF18
:10DAE0002B95AC3DE4167FBFBA73A93D491F7FBF9C
:10DAF0003052A63D87277FBF8C30A33D9D2F7FBF2F
:10DB0000CF0EA03D8D377FBFF9EC9C3D543F7FBFCA
:10DB10000ACB993DF4467FBF05A9963D6D4E7FBF68
:10DB2000E786933DBF557FBFB464903DE95C7FBFFE
:10DB30006A428D3DEC637FBF0A208A3DC76A7FBF82
:10DB400094FD863D7B717FBF0ADB833D08787FBFF4
:10DB50006CB8803D6D7E7FBF742B7B3DAB847FBFF7
:10DB6000E9E5743DC28A7FBF38A06E3DB1907FBFAA
:10DB7000625A683D78967FBF6814623D189C7FBFEB
:10DB80004CCE5B3D91A17FBF0E88553DE3A67FBF84
:10DB9000AF414F3D0DAC7FBF2FFB483D0FB17FBF65
:10DBA00091B4423DEAB57FBFD56D3C3D9EBA7FBF83
:10DBB000FC26363D2ABF7FBF07E02F3D8FC37FBFC6
:10DBC000F698293DCCC77FBFCC51233DE2CB7FBF28
:10DBD000880A1D3DD1CF7FBF2CC3163D98D37FBF90
:10DBE000B87B103D37D77FBF2F340A3DAFDA7FBFF8
:10DBF00090EC033D00DE7FBFB949FB3C29E17FBFCC
:10DC00002DBAEE3C2BE47FBF7B2AE23C05E77FBFC9
:10DC1000A69AD53CB8E97FBFB00AC93C43EC7FBFA8
:10DC20009B7ABC3CA7EE7FBF69EAAF3CE3F07FBFC5
:10DC30001C5AA33CF8F27FBFB6C9963CE6F47FBFFE
:10DC400038398A3CACF67FBF4B517B3C4AF87FBFEA
:10DC50000030623CC1F97FBF900E493C11FB7FBF91
:10DC600002ED2F3C39FC7FBF59CB163C39FD7FBFFD
:10DC70003053FB3B13FE7FBF890FC93BC4FE7FBF00
:10DC8000C1CB963B4EFF7FBFC70F493BB1FF7FBF64
:10DC9000D40FC93AECFF7FBF000000000000803FB6
:10DCA000900E493C11FB7F3FB00AC93C43EC7F3FDB
:10DCB0002CC3163D98D37F3F2FFB483D0FB17F3FCC
:10DCC000742B7B3DAB847F3F05A9963D6D4E7F3F16
:10DCD00080B6AF3D580E7F3F36BDC83D6DC47E3F18
:10DCE0002EBCE13DB0707E3F73B2FA3D24137E3FFF
:10DCF00086CF093ECCAB7D3F8340163EAC3A7D3F9C
:10DD0000B6AB223EC9BF7C3FA2102F3E283B7C3FD2
:10DD1000CF6E3B3ECDAC7B3FC2C5473EBE147B3F82
:10DD20000115543E02737A3F135C603E9DC7793FF4
:10DD30007F9A6C3E9812793FCCCF783EF853783F6B
:10DD4000C07D823EC58B773F938E883E07BA763F73
:10DD5000229A8E3EC6DE753F31A0943E0BFA743F88
:10DD600086A09A3EDD0B743FE59AA03E4714733FB0
:10DD7000128FA63E5213723FD47CAC3E0809713F0D
:10DD8000EF63B23E73F56F3F2A44B83E9ED86E3FB4
:10DD90004A1DBE3E93B26D3F15EFC33E5E836C3F9E
:10DDA00053B9C93E0C4B6B3FCA7BCF3EA7096A3FB4
:10DDB0004136D53E3CBF683F80E8DA3ED86B673FCE
:10DDC0004F92E03E880F663F7533E63E59AA643FA6
:10DDD000BBCBEB3E5A3C633FEA5AF13E98C5613FEC
:10DDE000CBE0F63E2146603F275DFC3E05BE5E3F30
:10DDF000E4E7003F532D5D3F3D9C033F1A945B3F9A
:10DE0000824B063F6AF2593F9BF5083F5348583F03
:10DE10006B9A0B3FE595563FDA390E3F31DB543FA5
:10DE2000CDD3103F4918533F2A68133F3D4D513F12
:10DE3000D9F6153F1F7A4F3FC07F183F029F4D3FD5
:10DE4000C6021B3FF8BB4B3FD17F1D3F12D1493F5C
:10DE5000CBF61F3F65DE473F9967223F03E4453F0E
:10DE600025D2243F00E2433F5636273F70D8413F3A
:10DE70001594293F67C73F3F4AEB2B3FF9AE3D3F23
:10DE8000DE3B2E3F3B8F3B3FBB85303F4268393FF7
:10DE9000C9C8323F233A373FF304353FF304353FD7
:10DEA000233A373FC9C8323F4268393FBB85303FCC
:10DEB0003B8F3B3FDE3B2E3FF9AE3D3F4AEB2B3FD6
:10DEC00067C73F3F1594293F70D8413F5636273FDB
:10DED00000E2433F25D2243F03E4453F9967223FB8
:10DEE00065DE473FCBF61F3F12D1493FD17F1D3F33
:10DEF000F8BB4B3FC6021B3F029F4D3FC07F183F00
:10DF00001F7A4F3FD9F6153F3D4D513F2A68133FC9
:10DF10004918533FCDD3103F31DB543FDA390E3F20
:10DF2000E595563F6B9A0B3F5348583F9BF5083F8A
:10DF30006AF2593F824B063F1A945B3F3D9C033F78
:10DF4000532D5D3FE4E7003F05BE5E3F275DFC3E8D
:10DF50002146603FCBE0F63E98C5613FEA5AF13E6C
:10DF60005A3C633FBBCBEB3E59AA643F7533E63E58
:10DF7000880F663F4F92E03ED86B673F80E8DA3EFD
:10DF80003CBF683F4136D53EA7096A3FCA7BCF3EBA
:10DF90000C4B6B3F53B9C93E5E836C3F15EFC33EDC
:10DFA00093B26D3F4A1DBE3E9ED86E3F2A44B83E96
:10DFB00073F56F3FEF63B23E0809713FD47CAC3E0E
:10DFC0005213723F128FA63E4714733FE59AA03E4C
:10DFD000DD0B743F86A09A3E0BFA743F31A0943E4D
:10DFE000C6DE753F229A8E3E07BA763F938E883EF4
:10DFF000C58B773FC07D823EF853783FCCCF783ECB
:10E000009812793F7F9A6C3E9DC7793F135C603EC2
:10E0100002737A3F0115543EBE147B3FC2C5473E92
:10E02000CDAC7B3FCF6E3B3E283B7C3FA2102F3ECA
:10E03000C9BF7C3FB6AB223EAC3A7D3F8340163E23
:10E04000CCAB7D3F86CF093E24137E3F73B2FA3DB1
:10E05000B0707E3F2EBCE13D6DC47E3F36BDC83DF5
:10E06000580E7F3F80B6AF3D6D4E7F3F05A9963D70
:10E07000AB847F3F742B7B3D0FB17F3F2FFB483D2F
:10E0800098D37F3F2CC3163D43EC7F3FB00AC93C79
:10E0900011FB7F3F900E493C0000803F00000000D4
:10E0A00011FB7F3F900E49BC43EC7F3FB00AC9BCD7
:10E0B00098D37F3F2CC316BD0FB17F3F2FFB48BDC8
:10E0C000AB847F3F742B7BBD6D4E7F3F05A996BD12
:10E0D000580E7F3F80B6AFBD6DC47E3F36BDC8BD14
:10E0E000B0707E3F2EBCE1BD24137E3F73B2FABDFB
:10E0F000CCAB7D3F86CF09BEAC3A7D3F834016BE98
:10E10000C9BF7C3FB6AB22BE283B7C3FA2102FBECE
:10E11000CDAC7B3FCF6E3BBEBE147B3FC2C547BE7E
:10E1200002737A3F011554BE9DC7793F135C60BEF0
:10E130009812793F7F9A6CBEF853783FCCCF78BE67
:10E14000C58B773FC07D82BE07BA763F938E88BE6F
:10E15000C6DE753F229A8EBE0BFA743F31A094BE84
:10E16000DD0B743F86A09ABE4714733FE59AA0BEAC
:10E170005213723F128FA6BE0809713FD47CACBE09
:10E1800073F56F3FEF63B2BE9ED86E3F2A44B8BEB0
:10E1900093B26D3F4A1DBEBE5E836C3F15EFC3BE9A
:10E1A0000C4B6B3F53B9C9BEA7096A3FCA7BCFBEB0
:10E1B0003CBF683F4136D5BED86B673F80E8DABECA
:10E1C000880F663F4F92E0BE59AA643F7533E6BEA2
:10E1D0005A3C633FBBCBEBBE98C5613FEA5AF1BEE8
:10E1E0002146603FCBE0F6BE05BE5E3F275DFCBE2C
:10E1F000532D5D3FE4E700BF1A945B3F3D9C03BF96
:10E200006AF2593F824B06BF5348583F9BF508BFFF
:10E21000E595563F6B9A0BBF31DB543FDA390EBFA1
:10E220004918533FCDD310BF3D4D513F2A6813BF0E
:10E230001F7A4F3FD9F615BF029F4D3FC07F18BFD1
:10E24000F8BB4B3FC6021BBF12D1493FD17F1DBF58
:10E2500065DE473FCBF61FBF03E4453F996722BF0A
:10E2600000E2433F25D224BF70D8413F563627BF36
:10E2700067C73F3F159429BFF9AE3D3F4AEB2BBF1F
:10E280003B8F3B3FDE3B2EBF4268393FBB8530BFF3
:10E29000233A373FC9C832BFF304353FF30435BFD3
:10E2A000C9C8323F233A37BFBB85303F426839BFC8
:10E2B000DE3B2E3F3B8F3BBF4AEB2B3FF9AE3DBFD2
:10E2C0001594293F67C73FBF5636273F70D841BFD7
:10E2D00025D2243F00E243BF9967223F03E445BFB4
:10E2E000CBF61F3F65DE47BFD17F1D3F12D149BF2F
:10E2F000C6021B3FF8BB4BBFC07F183F029F4DBFFC
:10E30000D9F6153F1F7A4FBF2A68133F3D4D51BFC5
:10E31000CDD3103F491853BFDA390E3F31DB54BF1C
:10E320006B9A0B3FE59556BF9BF5083F534858BF86
:10E33000824B063F6AF259BF3D9C033F1A945BBF74
:10E34000E4E7003F532D5DBF275DFC3E05BE5EBF89
:10E35000CBE0F63E214660BFEA5AF13E98C561BF68
:10E36000BBCBEB3E5A3C63BF7533E63E59AA64BF54
:10E370004F92E03E880F66BF80E8DA3ED86B67BFF9
:10E380004136D53E3CBF68BFCA7BCF3EA7096ABFB6
:10E3900053B9C93E0C4B6BBF15EFC33E5E836CBFD8
:10E3A0004A1DBE3E93B26DBF2A44B83E9ED86EBF92
:10E3B000EF63B23E73F56FBFD47CAC3E080971BF0A
:10E3C000128FA63E521372BFE59AA03E471473BF48
:10E3D00086A09A3EDD0B74BF31A0943E0BFA74BF49
:10E3E000229A8E3EC6DE75BF938E883E07BA76BFF0
:10E3F000C07D823EC58B77BFCCCF783EF85378BFC7
:10E400007F9A6C3E981279BF135C603E9DC779BFBE
:10E410000115543E02737ABFC2C5473EBE147BBF8E
:10E42000CF6E3B3ECDAC7BBFA2102F3E283B7CBFC6
:10E43000B6AB223EC9BF7CBF8340163EAC3A7DBF1F
:10E4400086CF093ECCAB7DBF73B2FA3D24137EBFAD
:10E450002EBCE13DB0707EBF36BDC83D6DC47EBFF1
:10E4600080B6AF3D580E7FBF05A9963D6D4E7FBF6C
:10E47000742B7B3DAB847FBF2FFB483D0FB17FBF2B
:10E480002CC3163D98D37FBFB00AC93C43EC7FBF75
:10E49000900E493C11FB7FBF000000000000803F50
:10E4A00036BDC83D6DC47E3FC2C5473EBE147B3FEE
:10E4B00031A0943E0BFA743F15EFC33E5E836C3F70
:10E4C000EA5AF13E98C5613FDA390E3F31DB543FDD
:10E4D0009967223F03E4453FF304353FF304353F9A
:10E4E00003E4453F9967223F31DB543FDA390E3F61
:10E4F00098C5613FEA5AF13E5E836C3F15EFC33E1B
:10E500000BFA743F31A0943EBE147B3FC2C5473E18
:10E510006DC47E3F36BDC83D0000803F0000000056
:10E520006DC47E3F36BDC8BDBE147B3FC2C547BE6D
:10E530000BFA743F31A094BE5E836C3F15EFC3BEEF
:10E5400098C5613FEA5AF1BE31DB543FDA390EBF5C
:10E5500003E4453F996722BFF304353FF30435BF19
:10E560009967223F03E445BFDA390E3F31DB54BFE0
:10E57000EA5AF13E98C561BF15EFC33E5E836CBF9A
:10E5800031A0943E0BFA74BFC2C5473EBE147BBF98
:10E5900036BDC83D6DC47EBF65256C64002E006E1F
:10E5A0006600696E69747900616E000034000000D5
:10E5B000CEFBFFFFCB0300000100000000000000C5
:10E5C00035000000CEFBFFFFCB0300000100000080
:10E5D0000000000000000000BC89D897B2D29C3C2B
:10E5E00033A7A8D523F649393DA7F444FD0FA5323A
:10E5F0009D978CCF08BA5B25436FAC6428066811E1
:10E600000020202020202020202028282828282002
:10E6100020202020202020202020202020202020FA
:10E620002088101010101010101010101010101062
:10E630001004040404040404040404101010101052
:10E64000101041414141414101010101010101011C
:10E65000010101010101010101010101101010106E
:10E6600010104242424242420202020202020202EE
:10E670000202020202020202020202021010101042
:10E68000200000000000000000000000000000006A
:10E69000000000000000000000000000000000007A
:10E6A000000000000000000000000000000000006A
:10E6B000000000000000000000000000000000005A
:10E6C000000000000000000000000000000000004A
:10E6D000000000000000000000000000000000003A
:10E6E000000000000000000000000000000000002A
:10E6F000000000000000000000000000000000001A
:10E7000000232D302B2000686C4C00656667454661
:10E71000470030313233343536373839414243449B
:10E72000454600303132333435363738396162632B
:10E73000646566004300504F5349580042616C6C59
:10E740006F6320737563636565646564002F62752C
:10E75000696C642F676E752D746F6F6C732D666FA7
:10E76000722D73746D33325F31322E332E72656CBD
:10E77000312E32303234303932362D313731352F77
:10E780007372632F6E65776C69622F6E65776C6943
:10E79000622F6C6962632F7374646C69622F6764A3
:10E7A000746F612D6765746865782E630052454506
:10E7B0004E54206D616C6C6F632073756363656587
:10E7C000646564002F6275696C642F676E752D74C3
:10E7D0006F6F6C732D666F722D73746D33325F3192
:10E7E000322E332E72656C312E3230323430393263
:10E7F000362D313731352F7372632F6E65776C6923
:10E80000622F6E65776C69622F6C6962632F737417
:10E81000646C69622F6D707265632E630000000086
:10E8200005000000190000007D000000000000004D
:10E830000080E03779C34143176E05B5B5B89346FC
:10E84000F5F93FE9034F384D321D30F94877825AC8
:10E850003CBF737FDD4F1575000000000000F03FE6
:10E8600000000000000024400000000000005940AB
:10E870000000000000408F40000000000088C340FE
:10E8800000000000006AF8400000000080842E4173
:10E8900000000000D01263410000000084D79741BF
:10E8A0000000000065CDCD41000000205FA00242C5
:10E8B000000000E876483742000000A2941A6D423A
:10E8C000000040E59C30A2420000901EC4BCD6422D
:10E8D00000003426F56B0C430080E03779C34143D8
:10E8E00000A0D8855734764300C84E676DC1AB434E
:10E8F000003D9160E458E143408CB5781DAF15446C
:10E9000050EFE2D6E41A4B4492D54D06CFF0804446
:10E91000F64AE1C7022DB544B49DD9794378EA445B
:10E920002C2066756E6374696F6E3A200061737394
:10E93000657274696F6E2022257322206661696C8E
:10E9400065643A2066696C6520222573222C206C50
:10E95000696E65202564257325730A000000000098
:10E96000000000000000F03F748515D3B0D9EF3FE0
:10E970000F89F96C58B5EF3F515B12D00193EF3F0F
:10E980007B517D3CB872EF3FAAB968318754EF3FA5
:10E990003862756E7A38EF3FE1DE1FF59D1EEF3F5E
:10E9A00015B7310AFE06EF3FCBA93A37A7F1EE3F84
:10E9B0002234124CA6DEEE3F2D89616008CEEE3F78
:10E9C000272A36D5DABFEE3F824F9D562BB4EE3F55
:10E9D000295448DD07ABEE3F85553AB07EA4EE3FA3
:10E9E000CD3B7F669EA0EE3F745FECE8759FEE3FE7
:10E9F0008701EB7314A1EE3F13CE4C9989A5EE3F2E
:10EA0000DBA02A42E5ACEE3FE5C5CDB037B7EE3F1F
:10EA100090F0A38291C4EE3F5D253EB203D5EE3F58
:10EA2000ADD35A999FE8EE3F475EFBF276FFEE3F8B
:10EA30009C5285DD9B19EF3F6990EFDC2037EF3F5B
:10EA400087A4FBDC1858EF3F5F9B7B33977CEF3F3D
:10EA5000DA90A4A2AFA4EF3F40456E5B76D0EF3FC3
:10EA6000000000000000E8429423914BF86AAC3F9C
:10EA7000F3C4FA50CEBFCE3FD6520CFF422EE63F33
:10EA80000000000000003843FE822B654715474018
:10EA90009423914BF86ABC3EF3C4FA50CEBF2E3F8C
:10EAA000D6520CFF422E963FBEF3F879EC61F63F4A
:10EAB000DEAA8C80F77BD5BF3D88AF4AED71F53F6C
:10EAC000DB6DC0A7F0BED2BFB010F0F03995F43FB7
:10EAD000673A517FAE1ED0BF8503B8B095C9F33FEA
:10EAE000E92482A6D831CBBFA564880C190DF33F69
:10EAF0005877C00A4F57C6BFA08E0B7B225EF23FED
:10EB000000819CC72BAAC1BF3F341A4A4ABBF13FC0
:10EB10005E0E8CCE764EBABFBAE58AF05823F13F2E
:10EB2000CC1C615A3C97B1BFA70099413F95F03F7B
:10EB30001E0CE138F452A2BF000000000000F03FBC
:10EB40000000000000000000AC479AFD8C60EE3F22
:10EB50008459F25DAAA5AA3FA06A021FB3A4EC3FA4
:10EB6000B42E36AA535EBC3FE6FC6A573620EB3F14
:10EB700008DB2077E526C53F2DAAA163D1C2E93F76
:10EB80007047220D86C2CB3FED417803E686E83F11
:10EB9000E17EA0C88B05D13F624853F5DC67E73FB3
:10EBA00009EEB6573004D43FEF39FAFE422EE63F65
:10EBB0003483B848A30ED0BF6A0BE00B5B57D53F38
:10EBC00023410AF2FEFFDFBFFB21F93FFB21094091
:10EBD0007CD91240FB2119407A6A1F407CD922401F
:10EBE000BBFD2540FB2129403A462C407A6A2F4044
:10EBF0005C4731407CD932409C6B3440BBFD354092
:10EC0000DB8F3740FB2139401BB43A403A463C4049
:10EC10005AD83D407A6A3F404C7E40405C47414074
:10EC20006C1042407CD942408CA243409C6B4440D3
:10EC3000AC344540BBFD4540CBC64640DB8F47402A
:10EC4000EB584840FB21494083F9A200444E6E0036
:10EC5000FC291500D1572700DD34F50062DBC00028
:10EC60003C999500419043006351FE00BBDEAB0030
:10EC7000B761C5003A6E2400D24D42004906E0005B
:10EC800009EA2E001C92D100EB1DFE0029B11C00E8
:10EC9000E83EA700F535820044BB2E009CE98400C5
:10ECA000B4267000417E5F00D6913900538339004D
:10ECB0009CF439008B5F840028F9BD00F81F3B00ED
:10ECC000DEFF97000F980500112FEF000A5A8B0006
:10ECD0006D1F6D00CF7E360009CB2700464FB70071
:10ECE0009E663F002DEA5F00BA277500E5EBC7007E
:10ECF0003D7BF100F739070092528A00FB6BEA0076
:10ED00001FB15F00085D8D00300356007BFC46009C
:10ED1000F0AB6B0020BCCF0036F49A00E3A91D00D5
:10ED20005E619100081BE60085996500A0145F00F4
:10ED30008D40680080D8FF0027734D000606310023
:10ED4000CA561500C9A873007BE260006B8CC00036
:10ED500000000040FB21F93F000000002D44743EFC
:10ED6000000000809846F83C0000006051CC783BE1
:10ED700000000080831BF0390000004020257A3815
:10ED8000000000802282E336000000001DF3693598
:10ED90000200000003000000040000000600000064
:08EDA0004015FD7F0100000099
:04EDA800C502000898
:04EDAC00A1020008B8
:10EDB0000000803F000000400000803FA395FE3F20
:10EDC000902F7DBF0000803F000000C00000803F0A
:10EDD0003F39D83FFCDA3BBF0090D0030090D0030E
:10EDE0001000000001000000800002244010820892
:10EDF000BB32000000000000000000004010820054
:10EE0000BB32000000000000000000004010820043
:10EE10006068000000000000000000004010820058
:10EE20006068000000000000000000004010820048
:10EE3000401A0000000000000000000040108200A6
:10EE4000803400000000000000000000401082003C
:10EE5000803400000000000000000000401082002C
:10EE6000200D0000000000000000000040108200A3
:10EE7000401A000000000000000000004010820066
:10EE8000401A000000000000000000004010820056
:10EE9000401A000000000000000000004010820046
:10EEA0006027000000000000000000004010820009
:10EEB00060270000000000000000000040108200F9
:10EEC00060270000000000000000000040108200E9
:10EED00080340000000000000000000040108200AC
:10EEE000803400000000000000000000401082009C
:10EEF000803400000000000000000000401082008C
:10EF000040000000000000000000000040108200EF
:10EF100040000000000000000000000040108200DF
:10EF20000800000000000000000000004010820007
:10EF300008000000000000000000000040108200F7
:10EF400040000000000000000000000040108200AF
:10EF5000400000000000000000000000401082009F
:10EF6000803400000000000000000000401082001B
:10EF7000400000000000000000000000401082007F
:10EF80004000000000000000000000004010820867
:10EF9000020000000000000000000000401082009D
:10EFA0004800000000000000000000004010820047
:10EFB0000800000000000000000000004010820077
:10EFC0004800000000000000000000004010820027
:10EFD0000800000000000000000000004010820057
:10EFE00080000000000000000000000040108200CF
:10EFF000100000000000000000000000401082002F
:10F00000900000000000000000000000401082009E
:10F01000100000000000000000000000401082000E
:10F02000000200000000000000000000401082000C
:10F0300020000000000000000000000040108200DE
:10F0400020010000000000000000000040108200CD
:10F0500020000000000000000000000040108200BE
:10F0600000060000000000000000000040108200C8
:10F07000300000000000000000000000401082008E
:10F08000B0010000000000000000000040108200FD
:10F09000300000000000000000000000401082006E
:10F0A000000C000000000000000000004010820082
:10F0B000400000000000000000000000401082003E
:10F0C000010000000000000000000000401082006D
:10F0D000010000000000000000000000401082005D
:10F0E000000200000000000000000000401082004C
:10F0F0000800000000000000000000004010820036
:10F10000000200000000000000000000401082002B
:10F1100040000000000000000000000040108200DD
:10F12000800000000000000000000000401082008D
:10F1300002000000000000000000000040108200FB
:10F1400009000000000000000000000040108200E4
:10F1500008000000000000000000000040108200D5
:10F1600010000000000000000000000040108200BD
:10F17000200000000000000000000000401082009D
:10F18000300000000000000000000000010000004E
:10F190002000000001000000010000000400000049
:10F1A000040000008000000080000000000000005B
:10F1B0000000000101040000DC0300240204000040
:10F1C000EC0300249C020024010000002000000049
:10F1D0002A000000050000000400000004000000F8
:10F1E0008000000000150000000000000100000188
:10F1F0000104000018040024020400002804002474
:10F20000DC000024010000000300000003000000F7
:10F21000200000000100000020000000200000008D
:10F2200020000000000000000200000101040000B6
:10F230005404002402040000640400248C0200240E
:10F24000010000003000000001000000010000008B
:10F250000400000004000000C0000000C000000026
:10F2600000000000030000010104000090040024DD
:10F2700002040000A0040024BC02002401000000DD
:10F28000300000002A00000005000000040000001B
:10F2900004000000C0000000801F0000000000000B
:10F2A0000400000101040000CC040024020400005A
:10F2B000DC040024EC000024010000002000000019
:10F2C0000100000001000000040000000400000034
:10F2D0008000000080000000000000000500000128
:10F2E00001040000080500240204000018050024A1
:10F2F000BC03002420000000010000000100000009
:10F300003000000004000000800000000018000031
:10F3100000180000000000000600000101040000C9
:10F32000440500240204000054050024AC0200241B
:10F33000010000003000000001000000010000009A
:10F340000400000004000000C0000000C000000035
:10F3500000000000070000010104000080050024F7
:10F360000204000090050024DC02002401000000DB
:10F37000300000002A00000005000000040000002A
:10F3800004000000C0000000801F0000000000001A
:10F390000800000101040000BC0500240204000074
:10F3A000CC0500240C010024010000000300000033
:10F3B00003000000300000000100000030000000E9
:10F3C00030000000300000000000000009000001D3
:10F3D00001040000F80500240204000008060024CF
:10F3E000CC020024010000004000000001000000E9
:10F3F0000100000004000000040000000001000003
:10F4000000010000000000000A00000101040000EB
:10F41000340600240204000044060024FC020024F8
:10F4200001000000400000002A000000050000006C
:10F43000040000000400000000010000002A000099
:10F44000000000000B000001010400007006002411
:10F4500002040000800600241C01002401000000BA
:10F460003000000001000000010000000400000066
:10F4700004000000C0000000C00000000000000008
:10F480000C00000101040000AC060024020400008E
:10F49000BC060024CC030024300000000100000062
:10F4A000010000004000000004000000C000000057
:10F4B0000030000000300000000000000D000001DE
:10F4C00001040000E806002402040000F8060024FD
:10F4D000EC02002401000000080000000100000010
:10F4E00001000000040000000400000020000000F3
:10F4F00020000000000000000E00000101040000D8
:10F50000240700240204000034070024FC01002426
:10F510000100000008000000A70000001400000027
:10F52000040000000400000020000000E0140000BF
:10F53000000000000F00000101040000600700242B
:10F5400002040000700700245C0000240100000099
:10F5500001000000030000000300000004000000A0
:10F5600004000000040000000C0000000000000087
:10F5700010000001010400009C07002402040000A8
:10F58000AC0700248C0300240100000003000000ED
:10F590000300000008000000040000000400000058
:10F5A00020000000600000000000000011000001C9
:10F5B00001040000D807002402040000E80700242A
:10F5C000EC01002401000000080000000100000020
:10F5D0000100000004000000040000002000000002
:10F5E00020000000000000001200000101040000E3
:10F5F0001408002402040000240800241C02002433
:10F600000100000008000000540000000A00000093
:10F61000040000000400000020000000800A000038
:10F620000000000013000001010400005008002445
:10F6300002040000600800247C0000240100000097
:10F6400003000000030000000800000001000000AB
:10F650000800000008000000080000000000000092
:10F6600014000001010400008C08002402040000C2
:10F670009C0800240C02002401000000100000007F
:10F680000100000001000000040000000400000070
:10F6900040000000400000000000000015000001D4
:10F6A00001040000C808002402040000D808002457
:10F6B0003C02002401000000100000005400000083
:10F6C0000A000000040000000400000040000000E8
:10F6D00000150000000000001600000101040000F9
:10F6E0000409002402040000140900248C000024F2
:10F6F00001000000080000000100000001000000FF
:10F7000004000000040000002000000020000000B1
:10F71000000000001700000101040000400900245F
:10F7200002040000500900249C030024080000008B
:10F7300001000000010000001000000004000000B3
:10F740002000000000020000000200000000000095
:10F7500018000001010400007C09002402040000DC
:10F760008C0900242C02002401000000100000007D
:10F77000010000000100000004000000040000007F
:10F7800040000000400000000000000019000001DF
:10F7900001040000B809002402040000C809002484
:10F7A0005C02002401000000100000002A0000009C
:10F7B00005000000040000000400000040000000FC
:10F7C000800A0000000000001A000001010400008F
:10F7D000F409002402040000040A0024AC00002400
:10F7E0000100000003000000030000001000000002
:10F7F00001000000100000001000000010000000D8
:10F80000000000001B00000101040000300A002479
:10F8100002040000400A00244C0200240100000001
:10F8200020000000010000000100000004000000B2
:10F8300004000000800000008000000000000000C4
:10F840001C000001010400006C0A002402040000F6
:10F850007C0A00247C02002401000000200000003B
:10F860002A00000005000000040000000400000061
:10F870008000000000150000000000001D000001D5
:10F8800001040000A80A002402040000B80A0024B1
:10F89000BC00002401000000100000000100000076
:10F8A000010000000400000004000000400000000F
:10F8B00040000000000000001E00000101040000E4
:10F8C000E40A002402040000F40A0024AC0300242B
:10F8D00010000000010000000100000020000000F6
:10F8E00004000000400000000008000000080000C4
:10F8F000000000001F00000101040000200B002494
:10F9000002040000300B00246C02002401000000FF
:10F910002A00000005000000400000000400000074
:10F9200004000000A80000004803000000000000E0
:10F9300020000001010400005C0B00240204000010
:10F940006C0B0024AC010024010000000800000042
:10F95000010000000100000004000000040000009D
:10F960002000000020000000000000002100000135
:10F9700001040000980B002402040000A80B0024DE
:10F980003C0300240100000008000000010000000A
:10F99000010000000400000004000000200000003E
:10F9A000200000000000000022000001010400000F
:10F9B000D40B002402040000E40B00246C0100249A
:10F9C00040000000080000000100000001000000ED
:10F9D0000400000000010000000800000008000012
:10F9E000000000002300000101040000100C0024AE
:10F9F00002040000200C00242C030024010000005D
:10FA000040000000010000000100000004000000B0
:10FA100004000000000100000001000000000000E0
:10FA200024000001010400004C0C0024020400002A
:10FA30005C0C00245C030024010000004000000076
:10FA400001000000010000000400000004000000AC
:10FA5000000100000001000000000000250000017E
:10FA600001040000880C002402040000980C00240B
:10FA70008C0100240800000040000000010000008C
:10FA80000100000004000000200000000008000049
:10FA90000008000000000000260000010104000032
:10FAA000C40C002402040000D40C00244C030024E5
:10FAB0000100000002000000010000000100000041
:10FAC000040000000400000008000000080000001E
:10FAD000000000002700000101040000000D0024C8
:10FAE00002040000100D00247C030024010000002B
:10FAF00002000000010000000100000004000000FE
:10FB000004000000080000000800000000000000E1
:10FB100028000001010400003C0D00240204000044
:10FB20004C0D0024DC010024400000000200000015
:10FB300001000000010000000400000000010000BE
:10FB40000002000000020000000000002900000187
:10FB500001040000780D002402040000880D002438
:10FB60006C030024010000004D01000001000000B2
:10FB7000270000000400000004000000340500001D
:10FB800034050000000000002A000001010400000C
:10FB9000B40D002402040000C40D00244C00002415
:10FBA00001000000010000004D01000027000000DE
:10FBB0000400000004000000040000003405000000
:10FBC000000000002B00000101040000F00D0024E3
:10FBD00002040000000E00244C000024010000007C
:10FBE00027000000010000004D010000040000009B
:10FBF000040000009C0000009C00000000000000C9
:10FC00002C000001010400002C0E0024020400005E
:10FC10003C0E00243C0000240100000030000000E5
:10FC20002A0000000500000004000000040000009D
:10FC3000C0000000801F0000000000002D00000137
:10FC400001040000680E002402040000780E002465
:10FC5000FC000024010000002A0000000500000054
:10FC6000400000000400000004000000A8000000A4
:10FC700048030000000000002E0000010104000005
:10FC8000A40E002402040000B40E00243C01002451
:10FC90000100000008000000010000000100000059
:10FCA000040000000400000020000000200000000C
:10FCB000000000002F00000101040000E00E0024FD
:10FCC00002040000F00E00247C010024010000006A
:10FCD00040000000010000000100000004000000DE
:10FCE000040000000001000000010000000000000E
:10FCF00030000001010400001C0F00240204000079
:10FD00002C0F00249C0100240100000001000000D1
:10FD1000010000004000000004000000040000009A
:10FD20000400000004000000000000003100000199
:10FD300001040000580F002402040000680F002492
:10FD40009C0100240100000008000000A700000042
:10FD50001400000004000000040000002000000067
:10FD6000E014000000000000320000010104000067
:10FD7000940F002402040000A40F00246C0000244F
:10FD80000100000010000000540000000A00000004
:10FD90000400000004000000400000000015000006
:10FDA000000000003300000101040000D00F002417
:10FDB00002040000E00F00249C0000240100000069
:10FDC000200000002A0000000500000004000000E0
:10FDD000040000008000000000150000000000008A
:10FDE00034000001010400000C1000240204000093
:10FDF0001C100024CC0000240100000001000000C1
:10FE000001000000010000000400000004000000E8
:10FE100004000000040000000000000035000001A4
:10FE200001040000481000240204000058100024BF
:10FE30001C0300240100000001000000010000007C
:10FE40004000000004000000040000000400000066
:10FE50000400000000000000360000010104000062
:10FE60008410002402040000941000245C0100248B
:10FE7000010000004000000001000000010000003F
:10FE80000400000004000000000100000001000068
:10FE9000000000003700000101040000C010002431
:10FEA00002040000D01000245C01002401000000C6
:10FEB000010000000100000001000000040000003B
:10FEC0000400000004000000040000000000000026
:10FED0003800000101040000FC10002402040000AE
:10FEE0000C1100240C03002401000000010000009C
:10FEF00001000000400000000400000004000000B9
:10FF000004000000040000000000000039000001AF
:10FF100001040000381100240204000048110024EC
:10FF20004C0100240100000001000000010000005D
:10FF30004000000004000000040000000400000075
:10FF400004000000000000003A000001010400006D
:10FF5000741100240204000084110024CC01002448
:10FF6000010000004000000001000000010000004E
:10FF70000400000004000000000100000001000077
:10FF8000000000003B00000101040000B01100244B
:10FF900002040000C0110024CC0100240100000074
:10FFA000010000000100000040000000040000000B
:10FFB0000400000004000000040000000000000035
:10FFC0003C00000101040000EC11002402040000C8
:10FFD000FC110024BC010024010000002A000000E4
:10FFE00005000000400000000400000004000000C4
:10FFF000A800000048030000000000003D000001D0
:020000040803EF
:100000000104000028120024020400003812002419
:100010002C010024D01100245C0D0024980D002434
:10002000200D0024010000006412002400000000E4
:10003000010000006812002400000000020000001F
:100040006C1200240000000000000000A8D103246E
:100050000000000004011A00000000000000000081
:1000600000000000A4120024ADCE0008FC3A0108F4
:100070000C120024941100241C1100246810002488
:1000800001000000C0120024000000000100000078
:10009000C41200240000000002000000C812002466
:1000A0000000000000000000ACD1032400000000AC
:1000B0000201180000000000000000000000000025
:1000C000A4120024E1D60008043B01087C0B0024A4
:1000D0000C120024010000001C130024000000008A
:1000E00001000000201300240000000000000000B8
:1000F000B0D103240000000000000000B4D10324AC
:1001000000000000190118000000000000000000BD
:10011000000000000013002459D30008203B010810
:10012000103B010801EF0008C40E0024780F0024E2
:100130007C0B002402000000781300240000000063
:1001400001000000801300240000000000000000F7
:10015000B8D103240000000000000000BCD103243B
:100160000000000013011700000000000000000064
:1001700000000000541300241DD10008283B010892
:1001800015EF000829EF0008A80C00243C0F0024FC
:1001900001000000D813002400000000010000004E
:1001A000DC1300240000000000000000C0D1032484
:1001B0000000000000000000C4D103240000000083
:1001C0000701150000000000000000000000000012
:1001D000B413002481D40008303B01080000000063
:1001E000000F0024A80C0024E40C00246C0C002454
:1001F0000100000030140024000000000100000095
:100200003414002400000000020000003814002410
:100210000000000000000000C8D10324000000001E
:1002200004011400000000000000000000000000B5
:1002300010140024ADCE0008383B0108F40B002454
:10024000000F0024010000008C14002400000000B6
:1002500001000000901400240000000000000000D5
:10026000CCD103240000000000000000D0D1032402
:100270000000000007011300000000000000000063
:10028000000000007014002415D50008403B010850
:1002900000000000E0100024F40B0024300C0024C7
:1002A000B80B002401000000E4140024000000004A
:1002B00001000000E814002400000000020000001B
:1002C000EC1400240000000000000000D4D103243E
:1002D0000000000004011200000000000000000007
:1002E00000000000C4140024ADCE0008483B010803
:1002F00058110024A41000241C11002468100024AC
:100300000100000040150024000000000100000072
:1003100044150024000000000200000048150024DD
:100320000000000000000000D8D1032400000000FD
:1003300002011000000000000000000000000000AA
:1003400024150024E1D60008503B0108C40E002407
:1003500058110024010000009C150024000000003A
:1003600001000000A01500240000000000000000B3
:10037000DCD103240000000000000000E0D10324D1
:100380000000000019011000000000000000000043
:10039000000000008015002459D300086C3B0108C0
:1003A0005C3B010801EF000848120024C40E002441
:1003B00001000000F815002400000000010000000A
:1003C000FC1500240000000000000000E4D103241C
:1003D0000000000000000000E8D10324000000003D
:1003E00007010F00000000000000000000000000F6
:1003F000D415002441D600088C3B01087C3B010841
:100400009006002448120024010000005016002429
:10041000000000000100000054160024000000004D
:1004200000000000ECD103240000000000000000E8
:10043000F0D10324000000000000000002000000D2
:10044000030000000100000004000000050000009F
:100450000A010E0000000000000000000000000083
:1004600030160024ADCF0008943B010801060000BF
:1004700088160024DC0500249006002408070024C8
:100480005406002400000000CC06002400000000F8
:1004900001000000C416002400000000010000005C
:1004A000C81600240000000003000000CC16002441
:1004B0000000000002000000D81600240000000028
:1004C00003010D000000000000000000000000001B
:1004D000A01600246DCB00089C3B01080100000021
:1004E000000000000000000001000000010000000A
:1004F000010000000100000001040000F4D1032409
:1005000000000000880E0024DC05002418060024EA
:10051000A005002400000000010000005417002482
:100520000000000001000000581700240000000037
:10053000030000005C170024000000000000000021
:1005400004D20324000000000100000001000000AC
:10055000010000000100000003010C000000000089
:1005600000000000000000001017002435CD000836
:10057000A43B010830000000000000000000000063
:100580000100000001000000010000000100000067
:10059000010400009817002401000000EC0400246E
:1005A000880E002401000000EC1700240000000069
:1005B00001000000F017002400000000000000000F
:1005C00008D2032400000000000000000CD2032425
:1005D0000000000007010B00000000000000000008
:1005E00000000000A817002441D60008C43B010801
:1005F000B43B010838040024EC0400246405002402
:10060000B0040024000000002805002400000000C1
:100610000100000044180024000000000100000058
:100620004818002400000000030000004C180024BB
:100630000000000002000000581800240000000024
:1006400003010B000000000000000000000000009B
:10065000241800246DCB0008CC3B010801000000E9
:100660000000000000000000010000000100000088
:1006700001000000010000000104000010D203246A
:10068000000000002C10002438040024740400240E
:10069000FC0300240000000001000000D418002426
:1006A0000000000001000000D81800240000000035
:1006B00003000000DC18002400000000000000001F
:1006C00020D203240000000001000000010000000F
:1006D000010000000100000003010A00000000000A
:1006E00000000000000000009018002435CD000834
:1006F000D43B0108200000000000000000000000C2
:1007000001000000010000000100000001000000E5
:10071000010400001819002401000000C80A002488
:100720002C100024010000006C19002400000000BF
:10073000010000007019002400000000000000000B
:1007400024D20324000000000000000028D203246B
:100750000000000007010900000000000000000088
:10076000000000002819002441D60008F43B0108CD
:10077000E43B0108140A0024C80A0024400B0024AA
:100780008C0A002400000000040B0024000000007C
:1007900001000000C4190024000000000100000056
:1007A000C81900240000000003000000CC19002438
:1007B0000000000002000000D81900240000000022
:1007C000030109000000000000000000000000001C
:1007D000A41900246DCB0008FC3B010801000000B7
:1007E0000000000000000000010000000100000007
:1007F0000100000001000000010400002CD20324CD
:1008000000000000F00F0024140A0024500A002405
:10081000D80900240000000001000000541A002440
:100820000000000001000000581A00240000000031
:10083000030000005C1A002400000000000000001B
:100840003CD2032400000000010000000100000071
:10085000010000000100000003010700000000008B
:100860000000000000000000101A002435CD000830
:10087000043C01081000000000000000000000001F
:100880000200000002000000010000000100000062
:1008900001040000981A002401000000240900242B
:1008A000F00F002401000000EC1A002400000000FA
:1008B00001000000F01A0024000000000000000009
:1008C00040D20324000000000000000044D20324B2
:1008D000000000000701060000000000000000000A
:1008E00000000000A81A002441D60008243C01089A
:1008F000143C010870080024240900249C090024E9
:10090000E808002400000000600900240000000046
:1009100001000000441B0024000000000100000052
:10092000481B002400000000030000004C1B0024B2
:100930000000000002000000581B0024000000001E
:10094000030106000000000000000000000000009D
:10095000241B00246DCB00082C3C01080100000082
:100960000000000000000000010000000100000085
:1009700001000000010000000104000048D203242F
:1009800000000000B40F002470080024AC0800240C
:10099000340800240000000001000000D41B0024E3
:1009A0000000000001000000D81B0024000000002F
:1009B00003000000DC1B0024000000000000000019
:1009C00058D20324000000000100000001000000D4
:1009D000010000000100000003010400000000000D
:1009E0000000000000000000901B002435CD00082E
:1009F000343C010808000000000000000000000076
:100A000002000000020000000100000001000000E0
:100A100001040000181C00240100000080070024CD
:100A2000B40F0024010000006C1C00240000000032
:100A300001000000701C0024000000000000000005
:100A40005CD20324000000000000000060D20324F8
:100A5000000000000701030000000000000000008B
:100A600000000000281C002441D60008543C010866
:100A7000443C0108100E002480070024F8070024DD
:100A80004407002400000000BC0700240000000010
:100A900001000000C41C0024000000000100000050
:100AA000C81C00240000000003000000CC1C00242F
:100AB0000000000002000000D81C0024000000001C
:100AC0000100000001000000010000000100000022
:100AD0000301020000000000000000000000000010
:100AE000A41C00246DCB00085C3C01080100000040
:100AF00000000000000000000200000002000000F2
:100B0000010000000100000001040000101D00248D
:100B1000010000004C0E0024D40D00240100000050
:100B2000641D00240000000001000000681D002476
:100B3000000000000000000064D203240000000058
:100B40000000000068D20324000000000000000044
:100B5000030000000200000001000000040000008B
:100B6000050000000A010200000000000000000073
:100B700000000000201D0024ADCF0008643C0108E7
:100B8000010600009C1D00240100000030790000D7
:100B9000010000000100000040040400000000000B
:100BA0000000000000000000307900000104000097
:100BB000D81D00240100000010D101000100000038
:100BC00001000000400404000000000000000000DC
:100BD0000000000010D1010001040000041E0024E8
:100BE0004C0E002488D203246CD2032498D2032410
:100BF0005C0D0024BCD20324A0D20324CCD2032455
:100C000001000000301E0024341E002401000000FA
:100C1000401E0024441E00240001C0A1AC0F8AD64F
:100C200000000000000000000000000000000000C4
:100C300000000000DECAFAA100000100E81D002447
:100C400000000100141E002402000000501E0024B9
:100C5000B41D00240000000000000000000000009F
:100C6000000000000100000010D1010001000000A0
:100C7000010000004004040000000000000000002B
:100C80000000000010D1010001040000B41E002487
:100C900001000000307900000100000001000000A8
:100CA00040040400803C0108000000000000000037
:100CB0003079000001040000E01E00240000000064
:100CC00003000000DCD203241C1F002400000000ED
:100CD000DCD2032444D30324ACD30324000000005B
:100CE0000000000000000000000000000000000004
:100CF00000000000000000000000000000000000F4
:100D000000000000000000000000000000000000E3
:100D10000000000000000000430000000000000090
:100D200000000000000000000000000000000000C3
:100D30000000000000000000430000000000000070
:100D400000000000000000000000000000000000A3
:100D50000000000000000000430000000000000050
:100D60000000000000000000000000000000000083
:100D70000000000000000000430000000000000030
:100D80000000000000000000000000000000000063
:100D90000000000000000000430000000000000010
:100DA0000000000000000000000000000000000043
:100DB00000000000000000004300000000000000F0
:100DC0000000000000000000000000000000000023
:100DD00000000000000000004300000000000000D0
:100DE0000000000000000000000000000000000003
:100DF00000000000000000003F230108BB190108AB
:100E00000000000000E602089DE502085BE9020818
:100E10005BE902085BE902085BE902085BE902089A
:100E20005BE902085BE902085BE902085BE902088A
:100E3000FFFFFFFFFFFFFFFFFFFFFFFFFFFF0000C0
:100E40000100415343494900000000000000000038
:100E50000000000000000000000000000000000092
:100E60000000415343494900000000000000000019
:100E70000000000000000000000000000000000072
:040E8000000000006E
:04000005080017AD2B
:00000001FF
